"","predictors","MeanDecreaseGini.mean","MeanDecreaseGini.sd","MeanDecreaseGini.std.error"
"1","ASV1",0.464857148237936,0.0708616235616369,0.00708616235616369
"2","ASV10",0.34677429352779,0.0545525369127378,0.00545525369127378
"3","ASV1000",0.000757819513819514,0.00239344483430003,0.000239344483430003
"4","ASV1001",6.54545454545455e-05,0.000654545454545455,6.54545454545455e-05
"5","ASV1002",0,0,0
"6","ASV1003",0.000718441114441114,0.00217640913766902,0.000217640913766902
"7","ASV1004",4.66666666666667e-05,0.000331713234637495,3.31713234637495e-05
"8","ASV1005",0.000126919191919192,0.000639635847132607,6.39635847132607e-05
"9","ASV1006",0.000433760461760462,0.00134054715784237,0.000134054715784237
"10","ASV1009",3.66666666666667e-05,0.000366666666666667,3.66666666666667e-05
"11","ASV101",0.137226072746474,0.0407094246076344,0.00407094246076344
"12","ASV1010",0,0,0
"13","ASV1011",0,0,0
"14","ASV1012",6.83333333333333e-05,0.000480888977576123,4.80888977576123e-05
"15","ASV1013",3.55555555555556e-05,0.000355555555555556,3.55555555555556e-05
"16","ASV1014",0,0,0
"17","ASV1015",3e-05,3e-04,3e-05
"18","ASV1016",0,0,0
"19","ASV1017",0,0,0
"20","ASV1018",0,0,0
"21","ASV1019",0,0,0
"22","ASV102",0.0987965833758754,0.037390588434376,0.0037390588434376
"23","ASV1020",0.000127,0.000757968443680977,7.57968443680976e-05
"24","ASV1021",0.000199076479076479,0.00121378157276249,0.000121378157276249
"25","ASV1022",0.000235555555555556,0.00110088220923417,0.000110088220923417
"26","ASV1023",0.000225391941391941,0.00105771233878448,0.000105771233878448
"27","ASV1024",0.000457428571428571,0.0020298260250628,0.00020298260250628
"28","ASV1025",0,0,0
"29","ASV1026",3.33333333333333e-05,0.000333333333333333,3.33333333333333e-05
"30","ASV1027",0,0,0
"31","ASV1028",0.000181904761904762,0.00109554923744061,0.000109554923744061
"32","ASV1029",0,0,0
"33","ASV103",0.11079011721596,0.0338721262850598,0.00338721262850598
"34","ASV1030",0.000369873348873349,0.00185085601709593,0.000185085601709593
"35","ASV1031",0.000106204906204906,0.000607131603685066,6.07131603685066e-05
"36","ASV1032",0.000113684210526316,0.00113684210526316,0.000113684210526316
"37","ASV1033",0,0,0
"38","ASV1034",0,0,0
"39","ASV1035",3.63636363636364e-05,0.000363636363636364,3.63636363636364e-05
"40","ASV1036",0,0,0
"41","ASV1038",0,0,0
"42","ASV1039",0,0,0
"43","ASV104",0.111146435523545,0.0382707045204926,0.00382707045204926
"44","ASV1040",0.000167698412698413,0.00099864939485699,9.9864939485699e-05
"45","ASV1041",0,0,0
"46","ASV1042",0,0,0
"47","ASV1043",0,0,0
"48","ASV1044",3.33333333333333e-05,0.000333333333333333,3.33333333333333e-05
"49","ASV1045",4.8e-05,0.00048,4.8e-05
"50","ASV1046",0,0,0
"51","ASV1047",0,0,0
"52","ASV1048",0,0,0
"53","ASV1049",3.55555555555556e-05,0.000355555555555556,3.55555555555556e-05
"54","ASV105",0.0925928510042327,0.0291613050378315,0.00291613050378315
"55","ASV1050",0,0,0
"56","ASV1051",0,0,0
"57","ASV1052",0,0,0
"58","ASV1053",0,0,0
"59","ASV1054",4.8e-05,0.00048,4.8e-05
"60","ASV1055",6e-05,6e-04,6e-05
"61","ASV1056",0.000395774891774892,0.00144085163369215,0.000144085163369215
"62","ASV1057",0.000311055555555556,0.00114115694582639,0.000114115694582639
"63","ASV1059",0.00162105373711256,0.00320780602180389,0.000320780602180389
"64","ASV106",0.305083894586168,0.0539044656710249,0.00539044656710249
"65","ASV1060",0.000163888888888889,0.00115721883985792,0.000115721883985792
"66","ASV1061",5.41414141414142e-05,0.000541414141414142,5.41414141414142e-05
"67","ASV1062",0.000454284334023464,0.00209507114661031,0.000209507114661031
"68","ASV1064",0.000695887445887446,0.0016675974050791,0.00016675974050791
"69","ASV1065",0.000281465201465201,0.00127569843695856,0.000127569843695856
"70","ASV1066",0.000473851370851371,0.00143588501549729,0.000143588501549729
"71","ASV1067",0.000137,0.000680428580197598,6.80428580197598e-05
"72","ASV1068",0.000127555555555556,0.000631473789658616,6.31473789658616e-05
"73","ASV107",0.0357253199408166,0.0216642969454968,0.00216642969454968
"74","ASV1070",0.000283428571428571,0.00102234242344922,0.000102234242344922
"75","ASV1071",0.000125252525252525,0.000761984924434512,7.61984924434512e-05
"76","ASV1072",0.000103571428571429,0.000769937030089494,7.69937030089494e-05
"77","ASV1073",3.5e-05,0.00035,3.5e-05
"78","ASV1074",0,0,0
"79","ASV1075",3.33333333333333e-05,0.000333333333333333,3.33333333333333e-05
"80","ASV1076",3.55555555555556e-05,0.000355555555555556,3.55555555555556e-05
"81","ASV1077",0,0,0
"82","ASV1078",0,0,0
"83","ASV1079",0,0,0
"84","ASV108",0.0368425162211967,0.019619679796576,0.0019619679796576
"85","ASV1080",0,0,0
"86","ASV1081",3e-05,3e-04,3e-05
"87","ASV1082",0,0,0
"88","ASV1083",0.00018547619047619,0.00107265065785358,0.000107265065785358
"89","ASV1084",0.000145769230769231,0.00115829619730384,0.000115829619730384
"90","ASV1085",0,0,0
"91","ASV1086",7.05555555555556e-05,0.000496392711374496,4.96392711374496e-05
"92","ASV1087",3.6e-05,0.00036,3.6e-05
"93","ASV1088",6.22222222222222e-05,0.000622222222222222,6.22222222222222e-05
"94","ASV1089",2.8e-05,0.00028,2.8e-05
"95","ASV109",0.0407374767610487,0.0250379077146314,0.00250379077146314
"96","ASV1090",0.000123272727272727,0.000940694310136915,9.40694310136915e-05
"97","ASV1091",0,0,0
"98","ASV1092",6e-05,6e-04,6e-05
"99","ASV1093",9.46666666666667e-05,0.000666072462463751,6.66072462463751e-05
"100","ASV1094",0,0,0
"101","ASV1095",0,0,0
"102","ASV1097",0,0,0
"103","ASV1098",0,0,0
"104","ASV1099",0,0,0
"105","ASV110",0.037793768288861,0.0236408237321732,0.00236408237321732
"106","ASV1100",8.88888888888889e-05,0.000888888888888889,8.88888888888889e-05
"107","ASV1101",0.000265904761904762,0.00161647968834599,0.000161647968834599
"108","ASV1102",3.63636363636364e-05,0.000363636363636364,3.63636363636364e-05
"109","ASV1104",0,0,0
"110","ASV1105",0,0,0
"111","ASV1106",3.6e-05,0.00036,3.6e-05
"112","ASV1107",0,0,0
"113","ASV1108",0,0,0
"114","ASV1109",0,0,0
"115","ASV111",0.112059646030052,0.0335907285813352,0.00335907285813352
"116","ASV1110",0.000134025974025974,0.000943168350486139,9.43168350486139e-05
"117","ASV1111",4.28571428571429e-05,0.000428571428571429,4.28571428571429e-05
"118","ASV1112",0,0,0
"119","ASV1113",8.72727272727273e-05,0.000872727272727273,8.72727272727273e-05
"120","ASV1114",0,0,0
"121","ASV1115",3.55555555555556e-05,0.000355555555555556,3.55555555555556e-05
"122","ASV1116",0,0,0
"123","ASV1117",3.5e-05,0.00035,3.5e-05
"124","ASV1118",3.55555555555556e-05,0.000355555555555556,3.55555555555556e-05
"125","ASV1119",0,0,0
"126","ASV112",0.0420628760075195,0.0222634006135689,0.00222634006135689
"127","ASV1120",0.000188325358851675,0.0013285329824787,0.00013285329824787
"128","ASV1121",0.000137333333333333,0.000990451381640684,9.90451381640684e-05
"129","ASV1122",0,0,0
"130","ASV1123",9.42857142857143e-05,0.000688037191038623,6.88037191038623e-05
"131","ASV1124",0,0,0
"132","ASV1125",0,0,0
"133","ASV1126",6.55555555555556e-05,0.000462887535943168,4.62887535943168e-05
"134","ASV1127",5.33333333333333e-05,0.000533333333333333,5.33333333333333e-05
"135","ASV1128",0,0,0
"136","ASV113",0.0367750525907574,0.0216530830150035,0.00216530830150035
"137","ASV1132",0.000176285714285714,0.000906978874181024,9.06978874181024e-05
"138","ASV1133",0.000262666666666667,0.00108650203624277,0.000108650203624277
"139","ASV1134",8.88888888888889e-05,0.000888888888888889,8.88888888888889e-05
"140","ASV1135",0.00146261316461316,0.00347583700997381,0.000347583700997381
"141","ASV1137",3.2e-05,0.00032,3.2e-05
"142","ASV1138",0.000434476190476191,0.00171082906273757,0.000171082906273757
"143","ASV1139",0.000138,0.000680133676700263,6.80133676700263e-05
"144","ASV114",0.0393903195807274,0.0217644599754744,0.00217644599754744
"145","ASV1140",6e-05,6e-04,6e-05
"146","ASV1141",6.7e-05,0.000471844650003975,4.71844650003975e-05
"147","ASV1142",6.85714285714286e-05,0.000482418151324422,4.82418151324422e-05
"148","ASV1143",0.000103809523809524,0.000656640751774791,6.56640751774791e-05
"149","ASV1144",3.2e-05,0.00032,3.2e-05
"150","ASV1145",0.000404587301587302,0.00141463198855214,0.000141463198855214
"151","ASV1146",0.00157831091131091,0.00319595651925786,0.000319595651925786
"152","ASV1148",6.55555555555556e-05,0.000462887535943168,4.62887535943168e-05
"153","ASV1149",0,0,0
"154","ASV115",0.189103330283337,0.0495238581640683,0.00495238581640683
"155","ASV1150",0,0,0
"156","ASV1151",0,0,0
"157","ASV1152",0,0,0
"158","ASV1154",2e-05,2e-04,2e-05
"159","ASV1155",8.83333333333333e-05,0.000518163358404728,5.18163358404728e-05
"160","ASV1156",0,0,0
"161","ASV1157",0,0,0
"162","ASV1158",0,0,0
"163","ASV1159",7.23636363636364e-05,0.00050910389593825,5.0910389593825e-05
"164","ASV1160",7.46666666666667e-05,0.000746666666666667,7.46666666666667e-05
"165","ASV1161",0,0,0
"166","ASV1162",3.55555555555556e-05,0.000355555555555556,3.55555555555556e-05
"167","ASV1163",2.66666666666667e-05,0.000266666666666667,2.66666666666667e-05
"168","ASV1164",3.6e-05,0.00036,3.6e-05
"169","ASV1165",0.000253047619047619,0.00157832048235438,0.000157832048235438
"170","ASV1166",6e-05,6e-04,6e-05
"171","ASV1167",0.000282828282828283,0.00141894326637747,0.000141894326637747
"172","ASV1168",9.22222222222222e-05,0.000688033029771185,6.88033029771185e-05
"173","ASV1169",0,0,0
"174","ASV117",0.00872704870054042,0.0100604640783632,0.00100604640783632
"175","ASV1170",0,0,0
"176","ASV1171",0,0,0
"177","ASV1172",5.33333333333333e-05,0.000533333333333333,5.33333333333333e-05
"178","ASV1173",0,0,0
"179","ASV1174",0,0,0
"180","ASV1175",0,0,0
"181","ASV1176",8.63636363636364e-05,0.000507293001296461,5.07293001296461e-05
"182","ASV1177",0,0,0
"183","ASV1178",0,0,0
"184","ASV1179",0,0,0
"185","ASV118",0.0912072975165529,0.034327925419981,0.0034327925419981
"186","ASV1180",0,0,0
"187","ASV1181",5.28571428571428e-05,0.000528571428571428,5.28571428571428e-05
"188","ASV1182",0.000146031746031746,0.0010518520454134,0.00010518520454134
"189","ASV1183",0,0,0
"190","ASV1184",3.6e-05,0.00036,3.6e-05
"191","ASV1185",0,0,0
"192","ASV1186",3.55555555555556e-05,0.000355555555555556,3.55555555555556e-05
"193","ASV1187",0,0,0
"194","ASV1188",0,0,0
"195","ASV1189",8.06666666666666e-05,0.000636862046281034,6.36862046281034e-05
"196","ASV119",0.0359060387810467,0.022995023036232,0.0022995023036232
"197","ASV1190",0,0,0
"198","ASV1191",3.6e-05,0.00036,3.6e-05
"199","ASV1192",0,0,0
"200","ASV1193",0,0,0
"201","ASV1194",8.4e-05,0.00084,8.4e-05
"202","ASV1195",3.42857142857143e-05,0.000342857142857143,3.42857142857143e-05
"203","ASV1196",8.91428571428571e-05,0.000652101624404367,6.52101624404367e-05
"204","ASV1197",0,0,0
"205","ASV1198",3.33333333333333e-05,0.000333333333333333,3.33333333333333e-05
"206","ASV1199",0,0,0
"207","ASV12",0.0555963480893928,0.0252344882779836,0.00252344882779836
"208","ASV120",0.0591144729650481,0.0259594073234967,0.00259594073234967
"209","ASV1200",0,0,0
"210","ASV1201",0,0,0
"211","ASV1202",0,0,0
"212","ASV1203",0,0,0
"213","ASV1204",0,0,0
"214","ASV1205",0,0,0
"215","ASV1209",0.000205968253968254,0.000901599640407227,9.01599640407227e-05
"216","ASV121",0.0394871615127966,0.0217153421765986,0.00217153421765986
"217","ASV1210",0.000129776334776335,0.000661874454877473,6.61874454877473e-05
"218","ASV1213",0.000514551226551226,0.00168247347494478,0.000168247347494478
"219","ASV1214",0.000154828282828283,0.000988060465415973,9.88060465415973e-05
"220","ASV1215",0.000104888888888889,0.000599771998080942,5.99771998080942e-05
"221","ASV1216",0.000127838827838828,0.000761332736503227,7.61332736503227e-05
"222","ASV1218",0,0,0
"223","ASV1219",2e-05,2e-04,2e-05
"224","ASV122",0.0388706650456138,0.0214687118928524,0.00214687118928524
"225","ASV1220",9.0952380952381e-05,0.000522609802795689,5.22609802795689e-05
"226","ASV1221",3.5e-05,0.00035,3.5e-05
"227","ASV1222",6.22222222222222e-05,0.000442284312849994,4.42284312849994e-05
"228","ASV1224",4e-05,0.000281410588272579,2.81410588272579e-05
"229","ASV1225",0.000841731849849497,0.00258768811459382,0.000258768811459382
"230","ASV1226",7.59523809523809e-05,0.00053691352062811,5.3691352062811e-05
"231","ASV1227",0.000122222222222222,0.00074686024426722,7.4686024426722e-05
"232","ASV1228",3.33333333333333e-05,0.000333333333333333,3.33333333333333e-05
"233","ASV1229",0,0,0
"234","ASV123",0.161539783998803,0.0411245544920365,0.00411245544920365
"235","ASV1230",0.000151571428571429,0.000899006288487949,8.99006288487949e-05
"236","ASV1231",0.000205777777777778,0.000838276004332066,8.38276004332066e-05
"237","ASV1232",6.62857142857143e-05,0.000466620370528027,4.66620370528027e-05
"238","ASV1233",0,0,0
"239","ASV1234",6.88888888888889e-05,0.000484908806573057,4.84908806573057e-05
"240","ASV1235",0,0,0
"241","ASV1236",0,0,0
"242","ASV1237",0,0,0
"243","ASV1238",9.95555555555556e-05,0.000728987428668015,7.28987428668015e-05
"244","ASV1239",3.55555555555556e-05,0.000355555555555556,3.55555555555556e-05
"245","ASV124",0.0379598722540304,0.0201374947767572,0.00201374947767572
"246","ASV1240",3.63636363636364e-05,0.000363636363636364,3.63636363636364e-05
"247","ASV1241",0,0,0
"248","ASV1242",0,0,0
"249","ASV1243",3.55555555555556e-05,0.000355555555555556,3.55555555555556e-05
"250","ASV1244",9.04761904761905e-05,0.000658630184176223,6.58630184176223e-05
"251","ASV1245",8.4e-05,0.00084,8.4e-05
"252","ASV1246",3.2e-05,0.00032,3.2e-05
"253","ASV1247",0,0,0
"254","ASV1248",6e-05,6e-04,6e-05
"255","ASV1249",0,0,0
"256","ASV125",0.0351213838631194,0.020942637825359,0.0020942637825359
"257","ASV1250",0,0,0
"258","ASV1251",0,0,0
"259","ASV1252",0.000266857142857143,0.00137147799333749,0.000137147799333749
"260","ASV1253",8.88888888888889e-05,0.000888888888888889,8.88888888888889e-05
"261","ASV1254",0.000157021645021645,0.00114567788677959,0.000114567788677959
"262","ASV1255",0.000113418803418803,0.000883636798309584,8.83636798309584e-05
"263","ASV1256",2e-05,2e-04,2e-05
"264","ASV1257",5.33333333333333e-05,0.000533333333333333,5.33333333333333e-05
"265","ASV1259",3.5e-05,0.00035,3.5e-05
"266","ASV1260",3.42857142857143e-05,0.000342857142857143,3.42857142857143e-05
"267","ASV1261",0,0,0
"268","ASV1262",0,0,0
"269","ASV1263",5.7e-05,0.00057,5.7e-05
"270","ASV1264",0,0,0
"271","ASV1265",6.8e-05,0.000479241825462602,4.79241825462602e-05
"272","ASV1266",6e-05,6e-04,6e-05
"273","ASV1267",3.42857142857143e-05,0.000342857142857143,3.42857142857143e-05
"274","ASV1268",2.66666666666667e-05,0.000266666666666667,2.66666666666667e-05
"275","ASV1269",0,0,0
"276","ASV127",0.097092866908536,0.0308400424130642,0.00308400424130642
"277","ASV1270",0,0,0
"278","ASV1271",0,0,0
"279","ASV1272",3.55555555555556e-05,0.000355555555555556,3.55555555555556e-05
"280","ASV1273",0,0,0
"281","ASV1274",0.00016,0.000928994242732593,9.28994242732593e-05
"282","ASV1275",9.21428571428571e-05,0.000667075863904919,6.67075863904919e-05
"283","ASV1276",3.33333333333333e-05,0.000333333333333333,3.33333333333333e-05
"284","ASV1277",0,0,0
"285","ASV1278",3.6e-05,0.00036,3.6e-05
"286","ASV1279",8e-05,8e-04,8e-05
"287","ASV128",0.129654968531723,0.0433571023877141,0.00433571023877141
"288","ASV1280",3.42857142857143e-05,0.000342857142857143,3.42857142857143e-05
"289","ASV1281",0,0,0
"290","ASV1282",0,0,0
"291","ASV1283",0,0,0
"292","ASV1284",0,0,0
"293","ASV1285",0,0,0
"294","ASV1286",0,0,0
"295","ASV1287",0,0,0
"296","ASV1288",0,0,0
"297","ASV1289",0,0,0
"298","ASV129",0.0371827206646706,0.0207534940515164,0.00207534940515164
"299","ASV1290",2e-05,2e-04,2e-05
"300","ASV1291",0,0,0
"301","ASV1292",0,0,0
"302","ASV1293",0,0,0
"303","ASV1294",0,0,0
"304","ASV1295",6.85714285714286e-05,0.000685714285714286,6.85714285714286e-05
"305","ASV1296",0,0,0
"306","ASV1297",0,0,0
"307","ASV1299",0,0,0
"308","ASV130",0.0355712723337191,0.0208617683221653,0.00208617683221653
"309","ASV1300",0,0,0
"310","ASV1302",0.000372119214119214,0.00122067400337996,0.000122067400337996
"311","ASV1303",0.00020984126984127,0.000835534919064275,8.35534919064275e-05
"312","ASV1305",0,0,0
"313","ASV1307",3.2e-05,0.00032,3.2e-05
"314","ASV1308",3e-05,3e-04,3e-05
"315","ASV1311",0.000289460317460317,0.00171709769906076,0.000171709769906076
"316","ASV1312",9.6e-05,0.000550834078301426,5.50834078301426e-05
"317","ASV1313",0,0,0
"318","ASV1314",0,0,0
"319","ASV1315",0.000188961038961039,0.00119659388352802,0.000119659388352802
"320","ASV1316",0.000404347763347763,0.00138439192291533,0.000138439192291533
"321","ASV1317",0.000117333333333333,0.000900585668026394,9.00585668026394e-05
"322","ASV1318",3.5e-05,0.00035,3.5e-05
"323","ASV1319",8.82424242424243e-05,0.000882424242424243,8.82424242424243e-05
"324","ASV132",0.0767890613221809,0.0279589752102888,0.00279589752102888
"325","ASV1320",0.000273142249563302,0.00145268546416939,0.000145268546416939
"326","ASV1321",3.6e-05,0.00036,3.6e-05
"327","ASV1322",0.000219266511266511,0.000997276176375971,9.9727617637597e-05
"328","ASV1323",6.5e-05,0.000458670674753453,4.58670674753453e-05
"329","ASV1324",0.000199727272727273,0.000807960286581719,8.07960286581719e-05
"330","ASV1325",0.000436714285714286,0.00131150137880314,0.000131150137880314
"331","ASV1326",0.000300761460761461,0.00108783553473861,0.000108783553473861
"332","ASV1327",0.000128571428571429,0.00090658281106635,9.0658281106635e-05
"333","ASV1328",0.000208787878787879,0.00116599482163918,0.000116599482163918
"334","ASV1329",5.33333333333333e-05,0.000533333333333333,5.33333333333333e-05
"335","ASV133",0.0367471353830537,0.0244286638546856,0.00244286638546856
"336","ASV1331",0.000196952380952381,0.000893626705710592,8.93626705710592e-05
"337","ASV1332",0,0,0
"338","ASV1333",2.66666666666667e-05,0.000266666666666667,2.66666666666667e-05
"339","ASV1334",0,0,0
"340","ASV1335",0,0,0
"341","ASV1336",3.63636363636364e-05,0.000363636363636364,3.63636363636364e-05
"342","ASV1337",3.6e-05,0.00036,3.6e-05
"343","ASV1338",3.6e-05,0.00036,3.6e-05
"344","ASV1339",3.55555555555556e-05,0.000355555555555556,3.55555555555556e-05
"345","ASV134",0.108813030910038,0.0396001758731618,0.00396001758731618
"346","ASV1340",0,0,0
"347","ASV1341",0,0,0
"348","ASV1342",7.33333333333334e-05,0.000516006420757171,5.16006420757171e-05
"349","ASV1343",3.5e-05,0.00035,3.5e-05
"350","ASV1344",0.000386666666666667,0.00179268998260641,0.000179268998260641
"351","ASV1345",5.33333333333333e-05,0.000533333333333333,5.33333333333333e-05
"352","ASV1346",0,0,0
"353","ASV1347",0,0,0
"354","ASV1348",3.42857142857143e-05,0.000342857142857143,3.42857142857143e-05
"355","ASV1349",0,0,0
"356","ASV135",0.03802400798906,0.0204781367637847,0.00204781367637847
"357","ASV1350",8e-05,8e-04,8e-05
"358","ASV1351",0,0,0
"359","ASV1352",0,0,0
"360","ASV1353",5.33333333333333e-05,0.000533333333333333,5.33333333333333e-05
"361","ASV1354",3.33333333333333e-05,0.000333333333333333,3.33333333333333e-05
"362","ASV1355",2.66666666666667e-05,0.000266666666666667,2.66666666666667e-05
"363","ASV1356",3.2e-05,0.00032,3.2e-05
"364","ASV1357",0.000182857142857143,0.00104920776819319,0.000104920776819319
"365","ASV1358",0,0,0
"366","ASV1359",0,0,0
"367","ASV136",0.112570903231829,0.0423795948475896,0.00423795948475896
"368","ASV1360",4.8e-05,0.00048,4.8e-05
"369","ASV1361",0,0,0
"370","ASV1362",0,0,0
"371","ASV1363",0,0,0
"372","ASV1364",0,0,0
"373","ASV1365",0,0,0
"374","ASV1366",0,0,0
"375","ASV1367",0,0,0
"376","ASV1368",5.33333333333333e-05,0.000533333333333333,5.33333333333333e-05
"377","ASV1369",3.5e-05,0.00035,3.5e-05
"378","ASV137",0.103950179180103,0.0397053000333435,0.00397053000333435
"379","ASV1370",3.55555555555556e-05,0.000355555555555556,3.55555555555556e-05
"380","ASV1371",6.85714285714286e-05,0.000685714285714286,6.85714285714286e-05
"381","ASV1372",0,0,0
"382","ASV1373",0,0,0
"383","ASV1374",3.2e-05,0.00032,3.2e-05
"384","ASV1376",0,0,0
"385","ASV1377",0,0,0
"386","ASV1378",0,0,0
"387","ASV1379",0,0,0
"388","ASV138",0.0366273435650214,0.02090265080305,0.002090265080305
"389","ASV1381",0,0,0
"390","ASV1382",0,0,0
"391","ASV1383",4.8e-05,0.00048,4.8e-05
"392","ASV1384",3.2e-05,0.00032,3.2e-05
"393","ASV1385",3.42857142857143e-05,0.000342857142857143,3.42857142857143e-05
"394","ASV1386",0,0,0
"395","ASV1387",0.000231666666666667,0.000967732780268776,9.67732780268776e-05
"396","ASV1388",0.000259323232323232,0.000913254789281521,9.13254789281521e-05
"397","ASV1389",0.00015384126984127,0.000694788418624516,6.94788418624516e-05
"398","ASV139",0.0389417983946342,0.0200404448363651,0.00200404448363651
"399","ASV1390",0,0,0
"400","ASV1391",0,0,0
"401","ASV1392",3.5e-05,0.00035,3.5e-05
"402","ASV1393",0.00015847619047619,0.000806868882998768,8.06868882998768e-05
"403","ASV1394",0.000156666666666667,0.000789173373090231,7.89173373090231e-05
"404","ASV1395",0.000195935064935065,0.00107733439098728,0.000107733439098728
"405","ASV1396",0,0,0
"406","ASV1397",3.42857142857143e-05,0.000342857142857143,3.42857142857143e-05
"407","ASV1398",3.6e-05,0.00036,3.6e-05
"408","ASV140",0.0369515014746669,0.0239716102423149,0.00239716102423149
"409","ASV1400",3.55555555555556e-05,0.000355555555555556,3.55555555555556e-05
"410","ASV1401",0.000167666666666667,0.00101093299574478,0.000101093299574478
"411","ASV1402",6.88888888888889e-05,0.000484908806573057,4.84908806573057e-05
"412","ASV1403",0,0,0
"413","ASV1404",6.26666666666667e-05,0.000445838218608182,4.45838218608182e-05
"414","ASV1405",6.3030303030303e-05,0.000448757765718459,4.48757765718459e-05
"415","ASV1406",3.33333333333333e-05,0.000333333333333333,3.33333333333333e-05
"416","ASV1408",0.000181333333333333,0.000913698223947297,9.13698223947297e-05
"417","ASV1409",6.8e-05,0.000479241825462602,4.79241825462602e-05
"418","ASV141",0.104789642836105,0.0341924379294784,0.00341924379294784
"419","ASV1410",0.000407819291819292,0.00138438373705817,0.000138438373705817
"420","ASV1412",7.5e-05,0.00075,7.5e-05
"421","ASV1413",0.000210585858585859,0.000840230233257394,8.40230233257394e-05
"422","ASV1415",0.000226919191919192,0.00115244317705141,0.000115244317705141
"423","ASV1416",3.5e-05,0.00035,3.5e-05
"424","ASV1417",0.000134619047619048,0.000663203004965575,6.63203004965575e-05
"425","ASV1418",0,0,0
"426","ASV1419",2.66666666666667e-05,0.000266666666666667,2.66666666666667e-05
"427","ASV142",0.0350171564751053,0.020742089438923,0.0020742089438923
"428","ASV1420",3.55555555555556e-05,0.000355555555555556,3.55555555555556e-05
"429","ASV1421",0,0,0
"430","ASV1422",0,0,0
"431","ASV1423",0,0,0
"432","ASV1424",0,0,0
"433","ASV1425",3.5e-05,0.00035,3.5e-05
"434","ASV1426",0.000150285714285714,0.000794275748170059,7.94275748170059e-05
"435","ASV1427",0,0,0
"436","ASV1428",3.42857142857143e-05,0.000342857142857143,3.42857142857143e-05
"437","ASV1429",0,0,0
"438","ASV143",0.0240017602332756,0.0157503223139161,0.00157503223139161
"439","ASV1430",0,0,0
"440","ASV1431",0,0,0
"441","ASV1432",3.6e-05,0.00036,3.6e-05
"442","ASV1433",0,0,0
"443","ASV1434",0,0,0
"444","ASV1435",7.22222222222222e-05,0.000508163804963417,5.08163804963417e-05
"445","ASV1436",9.06666666666667e-05,0.0006908424564713,6.908424564713e-05
"446","ASV1438",0,0,0
"447","ASV1439",0,0,0
"448","ASV1440",0,0,0
"449","ASV1441",0,0,0
"450","ASV1442",2e-05,2e-04,2e-05
"451","ASV1443",0,0,0
"452","ASV1444",6.85714285714286e-05,0.000685714285714286,6.85714285714286e-05
"453","ASV1445",0,0,0
"454","ASV1446",0,0,0
"455","ASV1447",0,0,0
"456","ASV1448",0,0,0
"457","ASV1449",0,0,0
"458","ASV1450",0,0,0
"459","ASV1451",0,0,0
"460","ASV1452",3.33333333333333e-05,0.000333333333333333,3.33333333333333e-05
"461","ASV1453",3.55555555555556e-05,0.000355555555555556,3.55555555555556e-05
"462","ASV1454",3.42857142857143e-05,0.000342857142857143,3.42857142857143e-05
"463","ASV1455",5.71428571428571e-05,0.000571428571428571,5.71428571428571e-05
"464","ASV1456",3e-05,3e-04,3e-05
"465","ASV1457",0,0,0
"466","ASV1458",6e-05,6e-04,6e-05
"467","ASV1459",0,0,0
"468","ASV146",0.038609712045952,0.0238464602523362,0.00238464602523362
"469","ASV1460",0,0,0
"470","ASV1461",0,0,0
"471","ASV1462",0,0,0
"472","ASV1463",0,0,0
"473","ASV1464",0,0,0
"474","ASV1465",0,0,0
"475","ASV1466",0,0,0
"476","ASV1467",0,0,0
"477","ASV1468",0,0,0
"478","ASV1469",0,0,0
"479","ASV147",0.0390966802800003,0.0223791751054414,0.00223791751054414
"480","ASV1470",7.02564102564103e-05,0.000494930368406965,4.94930368406965e-05
"481","ASV1471",0,0,0
"482","ASV1472",0,0,0
"483","ASV1473",3.6e-05,0.00036,3.6e-05
"484","ASV1474",6e-05,6e-04,6e-05
"485","ASV1475",3.63636363636364e-05,0.000363636363636364,3.63636363636364e-05
"486","ASV1476",0,0,0
"487","ASV1477",0,0,0
"488","ASV1478",0,0,0
"489","ASV1479",0,0,0
"490","ASV1480",0,0,0
"491","ASV1481",0,0,0
"492","ASV1482",9.74545454545455e-05,0.000725670963390046,7.25670963390046e-05
"493","ASV1483",0,0,0
"494","ASV1484",0,0,0
"495","ASV1485",2e-05,2e-04,2e-05
"496","ASV1486",3.66666666666667e-05,0.000366666666666667,3.66666666666667e-05
"497","ASV1487",0,0,0
"498","ASV1488",0,0,0
"499","ASV1489",0,0,0
"500","ASV1490",0,0,0
"501","ASV1491",0,0,0
"502","ASV1492",9.6e-05,0.00096,9.6e-05
"503","ASV1493",0,0,0
"504","ASV1494",3.55555555555556e-05,0.000355555555555556,3.55555555555556e-05
"505","ASV1495",0,0,0
"506","ASV1496",3.33333333333333e-05,0.000333333333333333,3.33333333333333e-05
"507","ASV1497",0,0,0
"508","ASV1498",0,0,0
"509","ASV1499",0,0,0
"510","ASV150",0.0411307687274512,0.018162156103273,0.0018162156103273
"511","ASV1500",0,0,0
"512","ASV1501",3.2e-05,0.00032,3.2e-05
"513","ASV1502",0,0,0
"514","ASV1503",0.000329930735930736,0.00129325732009356,0.000129325732009356
"515","ASV1504",0.00013769696969697,0.000706951100994999,7.06951100994999e-05
"516","ASV1506",0.00135844777444777,0.00316898656714402,0.000316898656714402
"517","ASV1508",0.000284698301698302,0.00113784886344183,0.000113784886344183
"518","ASV1509",7.23116883116883e-05,0.000517571557454147,5.17571557454147e-05
"519","ASV151",0.0366527795034642,0.0189764462269552,0.00189764462269552
"520","ASV1510",0.000422049395049395,0.00125960053006905,0.000125960053006905
"521","ASV1511",0.000204666666666667,0.000938568911307798,9.38568911307798e-05
"522","ASV1513",0.000444090909090909,0.00126183916670426,0.000126183916670426
"523","ASV1515",4.16666666666667e-05,0.000416666666666667,4.16666666666667e-05
"524","ASV1516",0.000296756132756133,0.00123878016335711,0.000123878016335711
"525","ASV1517",3.6e-05,0.00036,3.6e-05
"526","ASV1518",0.000861999830235124,0.0032229026667468,0.00032229026667468
"527","ASV1519",3.5e-05,0.00035,3.5e-05
"528","ASV152",0.0373190975778084,0.0222339656912917,0.00222339656912917
"529","ASV1520",0,0,0
"530","ASV1521",0.000121666666666667,0.000712976955566919,7.12976955566919e-05
"531","ASV1522",0,0,0
"532","ASV1523",0,0,0
"533","ASV1525",0.000221142857142857,0.00127013241972495,0.000127013241972495
"534","ASV1527",3.33333333333333e-05,0.000333333333333333,3.33333333333333e-05
"535","ASV1528",0.000129285714285714,0.000767612213025335,7.67612213025335e-05
"536","ASV1529",0.000115555555555556,0.000872165924966919,8.72165924966919e-05
"537","ASV153",0.0928761871479532,0.0306409961250271,0.00306409961250271
"538","ASV1530",0.000132666666666667,0.000808067903937372,8.08067903937372e-05
"539","ASV1531",0,0,0
"540","ASV1532",6.85714285714286e-05,0.000685714285714286,6.85714285714286e-05
"541","ASV1534",0.000104333333333333,0.000597462930115294,5.97462930115294e-05
"542","ASV1535",6.42857142857143e-05,0.000453291405533175,4.53291405533175e-05
"543","ASV1536",7e-05,0.000492468529477014,4.92468529477014e-05
"544","ASV1537",0.000104888888888889,0.000599771998080942,5.99771998080942e-05
"545","ASV1538",0.000155111111111111,0.000971503078584784,9.71503078584784e-05
"546","ASV1539",0.000220427128427128,0.00093050141437579,9.3050141437579e-05
"547","ASV154",0.0992253599254113,0.0325233310404094,0.00325233310404094
"548","ASV1540",0.000241506493506494,0.000985073038478733,9.85073038478733e-05
"549","ASV1541",8.66666666666667e-05,0.00069408273408207,6.9408273408207e-05
"550","ASV1542",5.6e-05,0.000410055428625759,4.10055428625759e-05
"551","ASV1543",0,0,0
"552","ASV1544",0.000270507936507937,0.00101843644978355,0.000101843644978355
"553","ASV1545",0.00012647619047619,0.000746199459211757,7.46199459211757e-05
"554","ASV1546",0.000164222222222222,0.000838646853393204,8.38646853393204e-05
"555","ASV1548",0.000471111111111111,0.00130752424578795,0.000130752424578795
"556","ASV1549",0.000254063492063492,0.000975044796455744,9.75044796455744e-05
"557","ASV155",0.01042769418555,0.00963096403099621,0.000963096403099621
"558","ASV1550",0.000394960927960928,0.00131886377789092,0.000131886377789092
"559","ASV1551",0,0,0
"560","ASV1552",0,0,0
"561","ASV1553",0.000123174603174603,0.00073391384397323,7.33913843973229e-05
"562","ASV1554",0.000164666666666667,0.000834145328304224,8.34145328304224e-05
"563","ASV1555",0.000148,0.000947349305731897,9.47349305731897e-05
"564","ASV1557",3.33333333333333e-05,0.000333333333333333,3.33333333333333e-05
"565","ASV1559",6.98412698412698e-05,0.000491434686435401,4.91434686435401e-05
"566","ASV156",0.037389710619047,0.0208837983842939,0.00208837983842939
"567","ASV1560",6.53333333333333e-05,0.000459734955116781,4.59734955116781e-05
"568","ASV1561",9.33333333333333e-05,0.000536187648276106,5.36187648276106e-05
"569","ASV1562",8.88888888888889e-05,0.000637991611169132,6.37991611169132e-05
"570","ASV1563",0.000207952380952381,0.00109317434336307,0.000109317434336307
"571","ASV1564",6.75555555555556e-05,0.000475942446227705,4.75942446227705e-05
"572","ASV1565",0.000116,0.000690263860803146,6.90263860803146e-05
"573","ASV1566",0.000127692307692308,0.00090001095763656,9.0001095763656e-05
"574","ASV1567",3.5e-05,0.00035,3.5e-05
"575","ASV1568",0,0,0
"576","ASV1569",0,0,0
"577","ASV1570",0,0,0
"578","ASV1571",0,0,0
"579","ASV1572",0,0,0
"580","ASV1573",0,0,0
"581","ASV1574",0,0,0
"582","ASV1575",0,0,0
"583","ASV1576",5.6e-05,0.000410055428625759,4.10055428625759e-05
"584","ASV1577",8.88888888888889e-05,0.000888888888888889,8.88888888888889e-05
"585","ASV1579",0,0,0
"586","ASV158",0.000571265512265512,0.0015056715198472,0.00015056715198472
"587","ASV1581",0,0,0
"588","ASV1582",0,0,0
"589","ASV1583",0,0,0
"590","ASV1584",3.6e-05,0.00036,3.6e-05
"591","ASV1585",0,0,0
"592","ASV1586",0,0,0
"593","ASV1587",0,0,0
"594","ASV1588",0,0,0
"595","ASV1589",7.5e-05,0.00075,7.5e-05
"596","ASV159",0.0379609058018454,0.0242732569177568,0.00242732569177569
"597","ASV1590",8.43636363636364e-05,0.000599253897909542,5.99253897909542e-05
"598","ASV1591",0,0,0
"599","ASV1592",0,0,0
"600","ASV1593",3.55555555555556e-05,0.000355555555555556,3.55555555555556e-05
"601","ASV1594",0,0,0
"602","ASV1596",0,0,0
"603","ASV1597",0,0,0
"604","ASV1598",0,0,0
"605","ASV1599",0,0,0
"606","ASV16",0.260382767694597,0.0611960263653559,0.00611960263653559
"607","ASV160",0.0225262039440122,0.0161675203775089,0.00161675203775089
"608","ASV1600",0,0,0
"609","ASV1601",0,0,0
"610","ASV1602",0,0,0
"611","ASV1604",0,0,0
"612","ASV1605",0,0,0
"613","ASV1606",0,0,0
"614","ASV1607",0,0,0
"615","ASV1608",3.2e-05,0.00032,3.2e-05
"616","ASV161",0.0241671117841537,0.0167936684629537,0.00167936684629537
"617","ASV1610",8.7e-05,0.000641440141046267,6.41440141046267e-05
"618","ASV1611",0,0,0
"619","ASV1612",5.71428571428571e-05,0.000571428571428571,5.71428571428571e-05
"620","ASV1613",0,0,0
"621","ASV1614",0,0,0
"622","ASV1615",0,0,0
"623","ASV1616",1e-04,0.000717740562565273,7.17740562565273e-05
"624","ASV1617",0,0,0
"625","ASV1618",0,0,0
"626","ASV1619",0,0,0
"627","ASV162",0.101478630119186,0.0358584767305881,0.00358584767305881
"628","ASV1620",0,0,0
"629","ASV1621",0,0,0
"630","ASV1622",0,0,0
"631","ASV1623",0,0,0
"632","ASV1624",0,0,0
"633","ASV1625",0,0,0
"634","ASV1626",0,0,0
"635","ASV1627",0,0,0
"636","ASV1628",3.5e-05,0.00035,3.5e-05
"637","ASV1629",6e-05,6e-04,6e-05
"638","ASV163",0.0384756602663575,0.0212338888526532,0.00212338888526532
"639","ASV1630",6.4e-05,0.00064,6.4e-05
"640","ASV1631",0,0,0
"641","ASV1633",7.71428571428571e-05,0.000603507920359042,6.03507920359042e-05
"642","ASV1634",0,0,0
"643","ASV1635",3.33333333333333e-05,0.000333333333333333,3.33333333333333e-05
"644","ASV1636",0,0,0
"645","ASV1637",0,0,0
"646","ASV1638",0,0,0
"647","ASV1639",6.83636363636364e-05,0.000481955002490978,4.81955002490978e-05
"648","ASV164",0.0293438714980716,0.0198304314068138,0.00198304314068138
"649","ASV1640",0,0,0
"650","ASV1641",3.69230769230769e-05,0.000369230769230769,3.69230769230769e-05
"651","ASV1642",0,0,0
"652","ASV1643",0,0,0
"653","ASV1644",0,0,0
"654","ASV1645",0,0,0
"655","ASV1646",0,0,0
"656","ASV1647",6.85714285714286e-05,0.000685714285714286,6.85714285714286e-05
"657","ASV1649",3.2e-05,0.00032,3.2e-05
"658","ASV165",0.0387353927796647,0.0257055440509421,0.00257055440509421
"659","ASV1652",7.5e-05,0.00075,7.5e-05
"660","ASV1653",0,0,0
"661","ASV1654",0,0,0
"662","ASV1655",0,0,0
"663","ASV1656",3.63636363636364e-05,0.000363636363636364,3.63636363636364e-05
"664","ASV1657",3.6e-05,0.00036,3.6e-05
"665","ASV1658",0.000145333333333333,0.000856185259539779,8.56185259539779e-05
"666","ASV1659",0,0,0
"667","ASV166",0.0247304455401406,0.0159240193682571,0.00159240193682571
"668","ASV1660",8.22857142857143e-05,0.000822857142857143,8.22857142857143e-05
"669","ASV1661",0,0,0
"670","ASV1662",0,0,0
"671","ASV1663",0,0,0
"672","ASV1664",0,0,0
"673","ASV1665",0,0,0
"674","ASV1666",0,0,0
"675","ASV1667",0.000639877788877789,0.00157789357927029,0.000157789357927029
"676","ASV1668",0.0002595670995671,0.00107208592172799,0.000107208592172799
"677","ASV1669",0.000225746031746032,0.00104565383765596,0.000104565383765596
"678","ASV167",0.0637055035322509,0.0285678709847604,0.00285678709847604
"679","ASV1671",0.000328113997113997,0.00127640419822417,0.000127640419822417
"680","ASV1673",0.000494790000848824,0.00160637300540069,0.000160637300540069
"681","ASV1674",0.000288619047619048,0.00114136344086111,0.000114136344086111
"682","ASV1675",0.000881437229437229,0.00209954517984753,0.000209954517984753
"683","ASV1678",6.54545454545455e-05,0.000654545454545455,6.54545454545455e-05
"684","ASV1679",9.3008658008658e-05,0.000556359831382656,5.56359831382656e-05
"685","ASV168",0.0223991964405616,0.0136205135137725,0.00136205135137725
"686","ASV1681",0.000139206349206349,0.000627188995659274,6.27188995659274e-05
"687","ASV1682",5.96137196137196e-05,0.000427973366673421,4.27973366673421e-05
"688","ASV1683",0.00017034188034188,0.000757918972055623,7.57918972055623e-05
"689","ASV1684",0.000203333333333333,0.00123899872684271,0.000123899872684271
"690","ASV1685",7.38816738816739e-05,0.000521145320186815,5.21145320186815e-05
"691","ASV1686",0.000455601731601732,0.00146074061460181,0.000146074061460181
"692","ASV1687",0.00012484126984127,0.000617245205385193,6.17245205385193e-05
"693","ASV1688",8e-05,8e-04,8e-05
"694","ASV1689",0.000130585858585859,0.000781567469523525,7.81567469523525e-05
"695","ASV169",0.0376432938989115,0.0212722178179884,0.00212722178179884
"696","ASV1691",0,0,0
"697","ASV1692",3.55555555555556e-05,0.000355555555555556,3.55555555555556e-05
"698","ASV1695",2.66666666666667e-05,0.000266666666666667,2.66666666666667e-05
"699","ASV1696",7.19230769230769e-05,0.000719230769230769,7.19230769230769e-05
"700","ASV1697",5.55555555555556e-05,0.000406181197229962,4.06181197229962e-05
"701","ASV1698",2.66666666666667e-05,0.000266666666666667,2.66666666666667e-05
"702","ASV1699",3.42857142857143e-05,0.000342857142857143,3.42857142857143e-05
"703","ASV17",0.14480232526283,0.0351722981766836,0.00351722981766836
"704","ASV170",0.0370728393135409,0.019707264525888,0.0019707264525888
"705","ASV1702",8.4e-05,0.00084,8.4e-05
"706","ASV1703",5e-05,0.000358870281282637,3.58870281282637e-05
"707","ASV1704",0,0,0
"708","ASV1705",0.000172698412698413,0.00103627422347814,0.000103627422347814
"709","ASV1706",0.000166333333333333,0.000840681341439857,8.40681341439857e-05
"710","ASV1707",9.95555555555556e-05,0.000728987428668015,7.28987428668015e-05
"711","ASV1708",2.66666666666667e-05,0.000266666666666667,2.66666666666667e-05
"712","ASV1709",0,0,0
"713","ASV1710",0.000141285714285714,0.000637616590524478,6.37616590524478e-05
"714","ASV1711",0.000138555555555556,0.000682924571837406,6.82924571837406e-05
"715","ASV1712",3.2e-05,0.00032,3.2e-05
"716","ASV1713",0.000172317016317016,0.000759992110447362,7.59992110447362e-05
"717","ASV1714",6.92857142857143e-05,0.000487469771354,4.87469771354e-05
"718","ASV1715",0.000142568542568543,0.000702166772099209,7.02166772099209e-05
"719","ASV1716",0.000315422969187675,0.00117002458929449,0.000117002458929449
"720","ASV1717",0.00027,0.000922157313849011,9.22157313849011e-05
"721","ASV1718",6.28571428571429e-05,0.000443044589933633,4.43044589933633e-05
"722","ASV1719",9.63636363636364e-05,0.000555202826499658,5.55202826499658e-05
"723","ASV172",0.0928697513745285,0.0324550130715746,0.00324550130715746
"724","ASV1720",0,0,0
"725","ASV1723",0.000122,0.000736848325332598,7.36848325332598e-05
"726","ASV1724",6.12698412698413e-05,0.000436686569771695,4.36686569771695e-05
"727","ASV1725",3.2e-05,0.00032,3.2e-05
"728","ASV1726",3.6e-05,0.00036,3.6e-05
"729","ASV1727",0.00032274025974026,0.0015322044733498,0.00015322044733498
"730","ASV1729",8.75555555555555e-05,0.00051360655634934,5.1360655634934e-05
"731","ASV173",0.0359068783345668,0.0204841609889167,0.00204841609889167
"732","ASV1730",0.000135619047619048,0.000668383853181776,6.68383853181776e-05
"733","ASV1731",0.000168634920634921,0.000739829478648126,7.39829478648126e-05
"734","ASV1732",8.71428571428571e-05,0.000642703204272154,6.42703204272154e-05
"735","ASV1733",0.000130888888888889,0.000645731096864274,6.45731096864274e-05
"736","ASV1734",8.13333333333333e-05,0.000581617389594558,5.81617389594558e-05
"737","ASV1735",8.71428571428571e-05,0.000642703204272154,6.42703204272154e-05
"738","ASV1736",6e-05,6e-04,6e-05
"739","ASV1737",0.000170571428571429,0.000895279127732401,8.952791277324e-05
"740","ASV1738",6.4e-05,0.000450256941236127,4.50256941236127e-05
"741","ASV1739",0,0,0
"742","ASV174",0.0349153816402111,0.0200461582414365,0.00200461582414365
"743","ASV1740",7.5e-05,0.00075,7.5e-05
"744","ASV1741",3.5e-05,0.00035,3.5e-05
"745","ASV1742",3.6e-05,0.00036,3.6e-05
"746","ASV1743",0,0,0
"747","ASV1744",0,0,0
"748","ASV1745",3.2e-05,0.00032,3.2e-05
"749","ASV1746",0,0,0
"750","ASV1747",0,0,0
"751","ASV1748",0,0,0
"752","ASV1749",0,0,0
"753","ASV175",0.00302655481716351,0.00515445485563923,0.000515445485563923
"754","ASV1750",0,0,0
"755","ASV1751",4.95238095238095e-05,0.000495238095238095,4.95238095238095e-05
"756","ASV1752",0,0,0
"757","ASV1753",0,0,0
"758","ASV1754",0,0,0
"759","ASV1755",3.33333333333333e-05,0.000333333333333333,3.33333333333333e-05
"760","ASV1756",0,0,0
"761","ASV1757",0,0,0
"762","ASV1758",0,0,0
"763","ASV1759",0,0,0
"764","ASV1760",0,0,0
"765","ASV1761",6.4e-05,0.00064,6.4e-05
"766","ASV1762",3.5e-05,0.00035,3.5e-05
"767","ASV1763",0,0,0
"768","ASV1764",3e-05,3e-04,3e-05
"769","ASV1765",0,0,0
"770","ASV1766",0,0,0
"771","ASV1767",0,0,0
"772","ASV1768",0,0,0
"773","ASV1769",4e-05,4e-04,4e-05
"774","ASV177",0.0115768104531086,0.0118196731062217,0.00118196731062217
"775","ASV1770",0,0,0
"776","ASV1771",0.000222395382395382,0.00112090791678283,0.000112090791678283
"777","ASV1772",0,0,0
"778","ASV1773",0,0,0
"779","ASV1774",0,0,0
"780","ASV1775",3.33333333333333e-05,0.000333333333333333,3.33333333333333e-05
"781","ASV1776",2.66666666666667e-05,0.000266666666666667,2.66666666666667e-05
"782","ASV1777",7.02857142857143e-05,0.000494628662649726,4.94628662649726e-05
"783","ASV1778",3e-05,3e-04,3e-05
"784","ASV1779",0.000116,0.000873946118580441,8.73946118580441e-05
"785","ASV178",0.0382550191838463,0.020758795848876,0.00207587958488761
"786","ASV1780",3.42857142857143e-05,0.000342857142857143,3.42857142857143e-05
"787","ASV1781",0,0,0
"788","ASV1782",3.69230769230769e-05,0.000369230769230769,3.69230769230769e-05
"789","ASV1783",3.33333333333333e-05,0.000333333333333333,3.33333333333333e-05
"790","ASV1784",0,0,0
"791","ASV1785",0,0,0
"792","ASV1786",0,0,0
"793","ASV1788",0,0,0
"794","ASV1789",0,0,0
"795","ASV179",0.0355029274865754,0.0232576379318947,0.00232576379318947
"796","ASV1791",0,0,0
"797","ASV1792",0,0,0
"798","ASV1793",0,0,0
"799","ASV1794",8.88888888888889e-05,0.000888888888888889,8.88888888888889e-05
"800","ASV1795",0,0,0
"801","ASV1796",0,0,0
"802","ASV1797",0,0,0
"803","ASV1798",0,0,0
"804","ASV1799",0,0,0
"805","ASV18",0.105640460419017,0.0353517034251631,0.00353517034251631
"806","ASV180",0.0420890583976231,0.0237092578536796,0.00237092578536796
"807","ASV1800",0,0,0
"808","ASV1801",0,0,0
"809","ASV1802",3.2e-05,0.00032,3.2e-05
"810","ASV1803",0,0,0
"811","ASV1804",0.000106666666666667,0.000840714783265613,8.40714783265613e-05
"812","ASV1805",0,0,0
"813","ASV1806",0,0,0
"814","ASV1807",0.000265050505050505,0.0015147917268296,0.00015147917268296
"815","ASV1808",0,0,0
"816","ASV1809",0,0,0
"817","ASV181",0.00230478111161359,0.00500387219644683,0.000500387219644683
"818","ASV1810",3.6e-05,0.00036,3.6e-05
"819","ASV1811",0,0,0
"820","ASV1812",6.53333333333333e-05,0.000459734955116781,4.59734955116781e-05
"821","ASV1813",0,0,0
"822","ASV1814",0,0,0
"823","ASV1815",6.83333333333333e-05,0.000480888977576123,4.80888977576123e-05
"824","ASV1816",0,0,0
"825","ASV1817",0,0,0
"826","ASV1819",0,0,0
"827","ASV182",0.142409276173543,0.0394364898322599,0.00394364898322599
"828","ASV1820",0,0,0
"829","ASV1821",2e-05,2e-04,2e-05
"830","ASV1822",5.71428571428571e-05,0.000571428571428571,5.71428571428571e-05
"831","ASV1823",0,0,0
"832","ASV1824",3.5e-05,0.00035,3.5e-05
"833","ASV1825",0,0,0
"834","ASV1826",2.66666666666667e-05,0.000266666666666667,2.66666666666667e-05
"835","ASV1827",5.71428571428571e-05,0.000571428571428571,5.71428571428571e-05
"836","ASV1828",0,0,0
"837","ASV1829",0,0,0
"838","ASV183",0.0249501956090529,0.0161038112422059,0.00161038112422059
"839","ASV1830",0,0,0
"840","ASV1831",0,0,0
"841","ASV1832",0,0,0
"842","ASV1833",3.42857142857143e-05,0.000342857142857143,3.42857142857143e-05
"843","ASV1834",2.66666666666667e-05,0.000266666666666667,2.66666666666667e-05
"844","ASV1835",0,0,0
"845","ASV1836",0,0,0
"846","ASV1837",3.2e-05,0.00032,3.2e-05
"847","ASV1838",0,0,0
"848","ASV1839",0.00025383016983017,0.0011708725028382,0.00011708725028382
"849","ASV184",0.0385355202649656,0.0236577126935923,0.00236577126935923
"850","ASV1840",7.49350649350649e-05,0.000527421449181299,5.27421449181299e-05
"851","ASV1842",0.000331761904761905,0.00111695700962912,0.000111695700962912
"852","ASV1843",0.000178571428571429,0.000840340225305758,8.40340225305758e-05
"853","ASV1845",0.000124888888888889,0.000620946503669201,6.20946503669201e-05
"854","ASV1846",0.000148454212454212,0.000918316872860672,9.18316872860672e-05
"855","ASV1847",0.000189761904761905,0.000859694074824404,8.59694074824404e-05
"856","ASV1848",0.00016,0.000851116649505941,8.51116649505941e-05
"857","ASV1849",0.000400421356421356,0.00133522921805739,0.000133522921805739
"858","ASV185",0.0391151349635617,0.0237881688486364,0.00237881688486364
"859","ASV1851",0.000234930735930736,0.00103537927264872,0.000103537927264872
"860","ASV1852",0.000228538461538462,0.00103802687976136,0.000103802687976136
"861","ASV1854",0.000458285714285714,0.00159138020294319,0.000159138020294319
"862","ASV1855",0.00024290675990676,0.000907450345790928,9.07450345790928e-05
"863","ASV1856",0.000699809523809524,0.00169564711068321,0.000169564711068321
"864","ASV1857",0.0010256978381096,0.0025849395432959,0.00025849395432959
"865","ASV1858",0.000816806507218272,0.00162116387573856,0.000162116387573856
"866","ASV186",0.0405505236419479,0.0225139617441963,0.00225139617441963
"867","ASV1860",9.14285714285714e-05,0.000663418183228325,6.63418183228325e-05
"868","ASV1861",0.000444753968253968,0.00139697172488012,0.000139697172488011
"869","ASV1862",0.000383555555555556,0.00128331576583807,0.000128331576583807
"870","ASV1863",0.000142770562770563,0.000704589896225448,7.04589896225448e-05
"871","ASV1864",0.000239059163059163,0.00114268682936253,0.000114268682936253
"872","ASV1865",0.000277057387057387,0.00115468740675037,0.000115468740675037
"873","ASV1866",0.000209295985060691,0.00090362540031809,9.0362540031809e-05
"874","ASV1867",3.55555555555556e-05,0.000355555555555556,3.55555555555556e-05
"875","ASV1868",0.000193412698412698,0.000890330474419705,8.90330474419705e-05
"876","ASV1869",0.00024331746031746,0.00114730334446926,0.000114730334446926
"877","ASV187",0.0400092334485051,0.0200636224294157,0.00200636224294157
"878","ASV1870",0.000107861471861472,0.000544397446456509,5.44397446456509e-05
"879","ASV1871",0.000127047619047619,0.000748903282062976,7.48903282062976e-05
"880","ASV1872",7.38816738816739e-05,0.000521145320186815,5.21145320186815e-05
"881","ASV1873",0.0001064,0.000800040358129039,8.00040358129039e-05
"882","ASV1874",5.67460317460318e-05,0.000397210611488974,3.97210611488974e-05
"883","ASV1875",0.000186492063492064,0.000869559982296381,8.69559982296381e-05
"884","ASV1877",0.000344712287712288,0.00134389366998848,0.000134389366998848
"885","ASV1878",0.00020352380952381,0.000889982737602914,8.89982737602914e-05
"886","ASV188",0.103817364210932,0.0328261352597432,0.00328261352597432
"887","ASV1880",6.83333333333333e-05,0.000480888977576123,4.80888977576123e-05
"888","ASV1881",9.82857142857143e-05,0.000562004833703925,5.62004833703925e-05
"889","ASV1882",0.000104126984126984,0.000595165171098114,5.95165171098114e-05
"890","ASV1883",8.35555555555555e-05,0.000594450958144243,5.94450958144243e-05
"891","ASV1884",6.7e-05,0.000471844650003975,4.71844650003975e-05
"892","ASV1885",0,0,0
"893","ASV1888",0.000246601398601399,0.0012270612506154,0.00012270612506154
"894","ASV189",0.194194274456712,0.0506823241027562,0.00506823241027562
"895","ASV1890",6.85714285714286e-05,0.000685714285714286,6.85714285714286e-05
"896","ASV1891",3.6e-05,0.00036,3.6e-05
"897","ASV1892",3.55555555555556e-05,0.000355555555555556,3.55555555555556e-05
"898","ASV1893",0,0,0
"899","ASV1894",2.66666666666667e-05,0.000266666666666667,2.66666666666667e-05
"900","ASV1895",7.12087912087912e-05,0.00050132318797106,5.0132318797106e-05
"901","ASV1896",0.000306031746031746,0.00125262109429987,0.000125262109429987
"902","ASV1897",9.31428571428571e-05,0.000672290687194947,6.72290687194947e-05
"903","ASV1898",3e-05,3e-04,3e-05
"904","ASV1899",0.000362427838827839,0.00151700399262793,0.000151700399262793
"905","ASV1900",0,0,0
"906","ASV1902",2.66666666666667e-05,0.000266666666666667,2.66666666666667e-05
"907","ASV1903",0,0,0
"908","ASV1905",0,0,0
"909","ASV1906",3e-05,3e-04,3e-05
"910","ASV1907",0.000155982683982684,0.000788278682400215,7.88278682400215e-05
"911","ASV1908",4.8e-05,0.00048,4.8e-05
"912","ASV1909",3.33333333333333e-05,0.000333333333333333,3.33333333333333e-05
"913","ASV191",0.00325757304437535,0.00601595152855886,0.000601595152855886
"914","ASV1910",6.22222222222222e-05,0.000442284312849994,4.42284312849994e-05
"915","ASV1911",5.71428571428571e-05,0.000571428571428571,5.71428571428571e-05
"916","ASV1912",0.000103363636363636,0.000591563041404653,5.91563041404653e-05
"917","ASV1913",0.000155,0.00077072378418935,7.7072378418935e-05
"918","ASV1914",3.42857142857143e-05,0.000342857142857143,3.42857142857143e-05
"919","ASV1915",5.2027972027972e-05,0.00052027972027972,5.2027972027972e-05
"920","ASV1916",6.33333333333333e-05,0.000446196043338474,4.46196043338474e-05
"921","ASV1917",0.000120333333333333,0.000707009874728043,7.07009874728043e-05
"922","ASV1918",7.5e-05,0.000445941292507922,4.45941292507922e-05
"923","ASV1919",0.000188333333333333,0.000866075620786265,8.66075620786265e-05
"924","ASV192",0.0235483344799933,0.0150513162966553,0.00150513162966553
"925","ASV1920",0,0,0
"926","ASV1921",9.22222222222222e-05,0.000688033029771185,6.88033029771185e-05
"927","ASV1922",5.33333333333333e-05,0.000533333333333333,5.33333333333333e-05
"928","ASV1923",0,0,0
"929","ASV1924",7.02857142857143e-05,0.000494628662649726,4.94628662649726e-05
"930","ASV1926",0.000139555555555556,0.000687951137564848,6.87951137564848e-05
"931","ASV1927",0.000266460317460317,0.00103183363560449,0.000103183363560449
"932","ASV1928",0.000139363636363636,0.000687044013571199,6.87044013571199e-05
"933","ASV1929",7.2923076923077e-05,0.000513075088326681,5.13075088326681e-05
"934","ASV1932",0.000522079254079254,0.00149068174120334,0.000149068174120334
"935","ASV1933",0.000506714285714286,0.00141849891514656,0.000141849891514656
"936","ASV1934",0.000331285714285714,0.00112864484573152,0.000112864484573152
"937","ASV1937",0.000495724980901452,0.00160936465961781,0.000160936465961781
"938","ASV1938",0.000103619047619048,0.000770363435475079,7.70363435475079e-05
"939","ASV1939",6.22222222222222e-05,0.000622222222222222,6.22222222222222e-05
"940","ASV194",0.027347701358385,0.0175823024060219,0.00175823024060219
"941","ASV1940",0.000103555555555556,0.000624496564919263,6.24496564919263e-05
"942","ASV1941",7.19230769230769e-05,0.00050618241606759,5.0618241606759e-05
"943","ASV1942",0.000158809523809524,0.00080781058986966,8.0781058986966e-05
"944","ASV1944",0.000254885154061625,0.00115319948341229,0.000115319948341229
"945","ASV1945",0.000159619047619048,0.000701949747387416,7.01949747387416e-05
"946","ASV1946",0.000322666666666667,0.00114214125405747,0.000114214125405747
"947","ASV1947",0.000159619047619048,0.000819943266796004,8.19943266796004e-05
"948","ASV1948",8.88888888888889e-05,0.000637991611169132,6.37991611169132e-05
"949","ASV1949",0,0,0
"950","ASV195",0.097296796644656,0.0363055560011051,0.00363055560011051
"951","ASV1952",3.42857142857143e-05,0.000342857142857143,3.42857142857143e-05
"952","ASV1953",6.22222222222222e-05,0.000622222222222222,6.22222222222222e-05
"953","ASV1954",6e-05,6e-04,6e-05
"954","ASV1955",2e-05,2e-04,2e-05
"955","ASV1956",3.5e-05,0.00035,3.5e-05
"956","ASV1957",0.000174984126984127,0.000882078549059088,8.82078549059088e-05
"957","ASV1959",3.24444444444444e-05,0.000324444444444444,3.24444444444444e-05
"958","ASV1961",9.33333333333333e-05,0.000536187648276106,5.36187648276106e-05
"959","ASV1962",3.2e-05,0.00032,3.2e-05
"960","ASV1963",0.000118787878787879,0.000840132046117016,8.40132046117016e-05
"961","ASV1964",3.42857142857143e-05,0.000342857142857143,3.42857142857143e-05
"962","ASV1965",6.6e-05,0.000466281226105214,4.66281226105214e-05
"963","ASV1966",0,0,0
"964","ASV1967",0,0,0
"965","ASV1968",0,0,0
"966","ASV1969",3.55555555555556e-05,0.000355555555555556,3.55555555555556e-05
"967","ASV197",0.0264389680841436,0.0172406498404965,0.00172406498404965
"968","ASV1970",0,0,0
"969","ASV1971",0,0,0
"970","ASV1972",0,0,0
"971","ASV1973",0,0,0
"972","ASV1974",4.8e-05,0.00048,4.8e-05
"973","ASV1976",0,0,0
"974","ASV1977",6.4e-05,0.00064,6.4e-05
"975","ASV1978",0,0,0
"976","ASV1979",3.6e-05,0.00036,3.6e-05
"977","ASV198",0.0370291695158852,0.019973908443841,0.0019973908443841
"978","ASV1980",0.000106204906204906,0.000607131603685066,6.07131603685066e-05
"979","ASV1983",6.85714285714286e-05,0.000685714285714286,6.85714285714286e-05
"980","ASV1984",0,0,0
"981","ASV1985",6.83333333333333e-05,0.000480888977576123,4.80888977576123e-05
"982","ASV1987",0.00011047619047619,0.000777700617546711,7.77700617546711e-05
"983","ASV1988",0,0,0
"984","ASV199",0.0994779227089298,0.0322006424739851,0.00322006424739851
"985","ASV1990",2.66666666666667e-05,0.000266666666666667,2.66666666666667e-05
"986","ASV1991",5.33333333333333e-05,0.000533333333333333,5.33333333333333e-05
"987","ASV1992",0,0,0
"988","ASV1993",6e-05,6e-04,6e-05
"989","ASV1994",9.28571428571428e-05,0.000928571428571428,9.28571428571428e-05
"990","ASV1995",0,0,0
"991","ASV1996",0,0,0
"992","ASV1997",0,0,0
"993","ASV1998",0,0,0
"994","ASV1999",5.2e-05,0.000375642211029419,3.75642211029419e-05
"995","ASV2",0.35822699457017,0.0656575453242343,0.00656575453242343
"996","ASV20",0.0602005699048293,0.0272005730325679,0.00272005730325679
"997","ASV200",0.0345004835926939,0.0182885591114437,0.00182885591114437
"998","ASV2000",0,0,0
"999","ASV2001",0,0,0
"1000","ASV2002",7.5e-05,0.00075,7.5e-05
"1001","ASV2004",3.42857142857143e-05,0.000342857142857143,3.42857142857143e-05
"1002","ASV2005",0,0,0
"1003","ASV2006",0,0,0
"1004","ASV2008",0,0,0
"1005","ASV2009",0.000188597402597403,0.000973897399883336,9.73897399883336e-05
"1006","ASV201",0.00858254748758518,0.00842040430553729,0.000842040430553729
"1007","ASV2010",0,0,0
"1008","ASV2011",3.42857142857143e-05,0.000342857142857143,3.42857142857143e-05
"1009","ASV2012",8.3e-05,0.000591190375941676,5.91190375941676e-05
"1010","ASV2013",9.33333333333333e-05,0.000683425714376264,6.83425714376264e-05
"1011","ASV2014",0,0,0
"1012","ASV2015",5.09090909090909e-05,0.000509090909090909,5.09090909090909e-05
"1013","ASV2016",3.55555555555556e-05,0.000355555555555556,3.55555555555556e-05
"1014","ASV2017",4.8e-05,0.00048,4.8e-05
"1015","ASV2018",0,0,0
"1016","ASV2019",7.11111111111111e-05,0.000500285490262363,5.00285490262363e-05
"1017","ASV202",0.0104216976936182,0.0110794801858917,0.00110794801858917
"1018","ASV2020",9.23636363636364e-05,0.00054430046258669,5.4430046258669e-05
"1019","ASV2021",0,0,0
"1020","ASV2022",9.65079365079365e-05,0.000707390804241587,7.07390804241587e-05
"1021","ASV2023",7.23636363636364e-05,0.00050910389593825,5.0910389593825e-05
"1022","ASV2024",2e-05,2e-04,2e-05
"1023","ASV2025",0,0,0
"1024","ASV2026",0.00011847619047619,0.000712092602398143,7.12092602398143e-05
"1025","ASV2027",6.22222222222222e-05,0.000622222222222222,6.22222222222222e-05
"1026","ASV2028",0,0,0
"1027","ASV2029",0,0,0
"1028","ASV203",0.10248318022573,0.0350247267249476,0.00350247267249476
"1029","ASV2032",0,0,0
"1030","ASV2033",0,0,0
"1031","ASV2034",0,0,0
"1032","ASV2035",0,0,0
"1033","ASV2037",0,0,0
"1034","ASV2039",0,0,0
"1035","ASV2040",2e-05,2e-04,2e-05
"1036","ASV2041",0,0,0
"1037","ASV2042",0,0,0
"1038","ASV2043",0,0,0
"1039","ASV2044",0,0,0
"1040","ASV2045",8.35555555555555e-05,0.000594450958144243,5.94450958144243e-05
"1041","ASV2046",0,0,0
"1042","ASV2047",0,0,0
"1043","ASV2048",0,0,0
"1044","ASV2049",8e-05,8e-04,8e-05
"1045","ASV205",0.00293872935475257,0.0053901192640321,0.00053901192640321
"1046","ASV2050",0,0,0
"1047","ASV2051",0,0,0
"1048","ASV2052",3.42857142857143e-05,0.000342857142857143,3.42857142857143e-05
"1049","ASV2053",0,0,0
"1050","ASV2054",0,0,0
"1051","ASV2055",0.000102666666666667,0.000754450766846956,7.54450766846956e-05
"1052","ASV2057",3.42857142857143e-05,0.000342857142857143,3.42857142857143e-05
"1053","ASV2058",0,0,0
"1054","ASV2059",0,0,0
"1055","ASV206",0.263102186327147,0.0583314717643769,0.00583314717643769
"1056","ASV2060",3.66666666666667e-05,0.000366666666666667,3.66666666666667e-05
"1057","ASV2061",3.55555555555556e-05,0.000355555555555556,3.55555555555556e-05
"1058","ASV2062",0,0,0
"1059","ASV2063",0,0,0
"1060","ASV2064",0,0,0
"1061","ASV2065",0,0,0
"1062","ASV2066",8.35555555555555e-05,0.000594450958144243,5.94450958144243e-05
"1063","ASV2067",2e-05,2e-04,2e-05
"1064","ASV2068",3.63636363636364e-05,0.000363636363636364,3.63636363636364e-05
"1065","ASV2069",3e-05,3e-04,3e-05
"1066","ASV2070",0,0,0
"1067","ASV2071",0,0,0
"1068","ASV2073",0,0,0
"1069","ASV2074",0.00011047619047619,0.000777700617546711,7.77700617546711e-05
"1070","ASV2075",5.71428571428571e-05,0.000571428571428571,5.71428571428571e-05
"1071","ASV2076",6.75555555555556e-05,0.000675555555555555,6.75555555555555e-05
"1072","ASV2077",2.66666666666667e-05,0.000266666666666667,2.66666666666667e-05
"1073","ASV2078",0,0,0
"1074","ASV2079",0,0,0
"1075","ASV208",0.0079825279748788,0.00861815839021869,0.000861815839021869
"1076","ASV2080",0,0,0
"1077","ASV2081",7.5e-05,0.00075,7.5e-05
"1078","ASV2082",6e-05,6e-04,6e-05
"1079","ASV2083",0,0,0
"1080","ASV2084",5.71428571428571e-05,0.000571428571428571,5.71428571428571e-05
"1081","ASV2085",3.33333333333333e-05,0.000333333333333333,3.33333333333333e-05
"1082","ASV2086",0.000110222222222222,0.000782001805492475,7.82001805492475e-05
"1083","ASV2087",0,0,0
"1084","ASV2088",0,0,0
"1085","ASV2089",0,0,0
"1086","ASV209",0.0396808733301786,0.0237079821260672,0.00237079821260672
"1087","ASV2090",0,0,0
"1088","ASV2091",6.83333333333333e-05,0.000480888977576123,4.80888977576123e-05
"1089","ASV2092",5.33333333333333e-05,0.000533333333333333,5.33333333333333e-05
"1090","ASV2093",0.000203190476190476,0.00094413652685982,9.4413652685982e-05
"1091","ASV2094",0.000259235209235209,0.0011776054630984,0.00011776054630984
"1092","ASV2096",0.000246092796092796,0.00119061169556317,0.000119061169556317
"1093","ASV2097",0.000509663780663781,0.00180035317349944,0.000180035317349944
"1094","ASV2098",0.00011231746031746,0.000704290392560859,7.04290392560859e-05
"1095","ASV2099",0.000327833943833944,0.00126633425031038,0.000126633425031038
"1096","ASV21",0.440693044353399,0.0740171101006311,0.00740171101006311
"1097","ASV2100",0.00024753823953824,0.00117064463644857,0.000117064463644857
"1098","ASV2102",0.000166160173160173,0.000882119210409132,8.82119210409131e-05
"1099","ASV2103",0.000248285714285714,0.00112606283050175,0.000112606283050175
"1100","ASV2104",3.6e-05,0.00036,3.6e-05
"1101","ASV2105",0.000261174603174603,0.00108770573797239,0.000108770573797239
"1102","ASV2107",0.000206363636363636,0.000964685598656198,9.64685598656198e-05
"1103","ASV2109",0.000229052711993889,0.00115800757390216,0.000115800757390216
"1104","ASV2110",0.000170251082251082,0.000747770415859954,7.47770415859954e-05
"1105","ASV2112",0.000312248196248196,0.00119340901191778,0.000119340901191778
"1106","ASV2113",0.000259314574314574,0.00119927709411694,0.000119927709411694
"1107","ASV2114",0.000264142857142857,0.00108323270547347,0.000108323270547347
"1108","ASV2116",0.000439440170940171,0.00127921540456712,0.000127921540456712
"1109","ASV2117",0.000392374847374847,0.00145185533033814,0.000145185533033814
"1110","ASV212",0.0422318144013597,0.0218802210889856,0.00218802210889856
"1111","ASV2120",0.000596981684981685,0.00147565074173058,0.000147565074173058
"1112","ASV2122",0.000507437229437229,0.00154407020280897,0.000154407020280897
"1113","ASV2123",0.000546967476967477,0.00146433902767449,0.000146433902767449
"1114","ASV2124",0.000315169275169275,0.00118766339214987,0.000118766339214987
"1115","ASV2125",0.000303229437229437,0.00102369807672711,0.000102369807672711
"1116","ASV2126",0.00061601443001443,0.00141086311539653,0.000141086311539653
"1117","ASV2127",0.000474236208236208,0.00127556299438405,0.000127556299438405
"1118","ASV2128",0.000408539682539683,0.00122619258086413,0.000122619258086413
"1119","ASV213",0.0986939942786174,0.0339373520572744,0.00339373520572744
"1120","ASV2131",0.000566128316128316,0.00183180232735137,0.000183180232735137
"1121","ASV2133",0,0,0
"1122","ASV2135",0.000267518037518038,0.00102641630112863,0.000102641630112863
"1123","ASV2137",0.000175314685314685,0.000937918899553375,9.37918899553375e-05
"1124","ASV2139",0.000140887445887446,0.00073842956702871,7.3842956702871e-05
"1125","ASV214",0.0218719530241076,0.0161126848832554,0.00161126848832554
"1126","ASV2140",0.000193650793650794,0.000873413700951744,8.73413700951744e-05
"1127","ASV2141",6.8e-05,0.000479241825462602,4.79241825462602e-05
"1128","ASV2142",0.000231365079365079,0.00121021273425434,0.000121021273425434
"1129","ASV2143",0.000283809523809524,0.00106635633326613,0.000106635633326613
"1130","ASV2146",0.000131332001332001,0.000663662769936094,6.63662769936094e-05
"1131","ASV2147",0.000250864756158874,0.000962625463870461,9.62625463870461e-05
"1132","ASV2149",0.000301079365079365,0.0014295763105687,0.00014295763105687
"1133","ASV215",0.0370409121492513,0.0235501466830425,0.00235501466830425
"1134","ASV2151",0.000199379509379509,0.00108143093396119,0.000108143093396119
"1135","ASV2152",0.000268379398379398,0.000999885441207473,9.99885441207473e-05
"1136","ASV2153",0.000202022366522367,0.00103609764575671,0.000103609764575671
"1137","ASV2158",9.09090909090909e-05,0.000734809433514069,7.3480943351407e-05
"1138","ASV2160",0.00012452380952381,0.000745869429089151,7.45869429089151e-05
"1139","ASV2161",7.5954933954934e-05,0.000502637823895226,5.02637823895226e-05
"1140","ASV2163",2.5e-05,0.00025,2.5e-05
"1141","ASV2164",0.000180119769119769,0.000988047298868453,9.88047298868453e-05
"1142","ASV2166",0.000372039072039072,0.00140907235792933,0.000140907235792933
"1143","ASV2167",0.000270133477633478,0.00114913487895576,0.000114913487895576
"1144","ASV2168",0.000329904761904762,0.00137619256995568,0.000137619256995568
"1145","ASV217",0.0107353663840534,0.0105260023000871,0.00105260023000871
"1146","ASV2171",0.000181984126984127,0.000877401823224372,8.77401823224372e-05
"1147","ASV2173",9.77777777777778e-05,0.000563529751893798,5.63529751893798e-05
"1148","ASV2174",0.000381213897213897,0.00127326347378649,0.000127326347378649
"1149","ASV2177",2.84444444444444e-05,0.000284444444444444,2.84444444444444e-05
"1150","ASV2179",0.000277079365079365,0.00109511954241918,0.000109511954241918
"1151","ASV218",0.267797402441075,0.0584824085771362,0.00584824085771362
"1152","ASV2180",0.000384740592740593,0.00146650364053059,0.000146650364053059
"1153","ASV2181",0.000135746031746032,0.000704309701567426,7.04309701567426e-05
"1154","ASV2182",0.000437624486624487,0.00146005356082608,0.000146005356082608
"1155","ASV2183",0.000429345099345099,0.00142387080275107,0.000142387080275107
"1156","ASV2184",0.000436708624708625,0.00189741330824413,0.000189741330824413
"1157","ASV2185",0.000227395382395382,0.000852059474606822,8.52059474606822e-05
"1158","ASV2186",7.2923076923077e-05,0.000513075088326681,5.13075088326681e-05
"1159","ASV2189",0.000298819624819625,0.00122893559862537,0.000122893559862537
"1160","ASV219",0.317051643061403,0.0586690956267769,0.00586690956267769
"1161","ASV2190",0.000134106227106227,0.000785837154860163,7.85837154860163e-05
"1162","ASV2191",0.00029452380952381,0.00143866744713798,0.000143866744713798
"1163","ASV2193",0.000470998132586368,0.00163695833380901,0.000163695833380901
"1164","ASV2195",0.000399109668109668,0.00124442740704426,0.000124442740704426
"1165","ASV2197",0.00020984126984127,0.000942775514999628,9.42775514999628e-05
"1166","ASV2198",0.000260142857142857,0.0010710037434715,0.00010710037434715
"1167","ASV2199",0.000265952380952381,0.00123769286668413,0.000123769286668413
"1168","ASV220",0.0357076272698256,0.0177309422979209,0.00177309422979209
"1169","ASV2200",0.000196161616161616,0.00103298587784514,0.000103298587784514
"1170","ASV2201",0.000225136974136974,0.000828850014441374,8.28850014441374e-05
"1171","ASV2202",0.000332163059163059,0.00124494819027064,0.000124494819027064
"1172","ASV2203",0.000116709956709957,0.000691216428874767,6.91216428874767e-05
"1173","ASV2206",0.000250153846153846,0.00118691334497594,0.000118691334497594
"1174","ASV2207",0.000203444444444444,0.00100038363385735,0.000100038363385735
"1175","ASV2208",9.15555555555556e-05,0.000539020186025311,5.39020186025311e-05
"1176","ASV221",0.0104327539974331,0.0108377725071934,0.00108377725071934
"1177","ASV2210",3.42857142857143e-05,0.000342857142857143,3.42857142857143e-05
"1178","ASV2211",0.000321287878787879,0.0012484545326913,0.00012484545326913
"1179","ASV2213",0.000250528138528139,0.00133307462151855,0.000133307462151855
"1180","ASV2216",0.000200932178932179,0.000842956707123004,8.42956707123004e-05
"1181","ASV2218",0.000484358786993058,0.00172125584839165,0.000172125584839165
"1182","ASV2219",0.000268904761904762,0.00116943628903408,0.000116943628903408
"1183","ASV222",0.0255572140612039,0.0183766021812813,0.00183766021812813
"1184","ASV2221",6.54545454545455e-05,0.000654545454545455,6.54545454545455e-05
"1185","ASV2222",0.000169848484848485,0.000852160517049483,8.52160517049483e-05
"1186","ASV2223",0.000168095238095238,0.000751208742171292,7.51208742171292e-05
"1187","ASV2224",0.00020384126984127,0.0010728095110812,0.00010728095110812
"1188","ASV2225",0.000153650793650794,0.000903211755259581,9.03211755259581e-05
"1189","ASV2226",0.000364313131313131,0.00128764932570752,0.000128764932570752
"1190","ASV2227",0.000130757575757576,0.00074838209330245,7.4838209330245e-05
"1191","ASV2228",0.000297417027417027,0.00130676021034774,0.000130676021034774
"1192","ASV223",0.0415301434351473,0.0237431258296049,0.00237431258296049
"1193","ASV2230",0.000708722222222222,0.00167752446167384,0.000167752446167384
"1194","ASV2232",0.00092415873015873,0.00203864473803606,0.000203864473803606
"1195","ASV2233",0.000826680708180708,0.00177954717485107,0.000177954717485107
"1196","ASV2234",0.0010096800976801,0.00186133331368091,0.000186133331368091
"1197","ASV2235",0.00108191774891775,0.00216534136599348,0.000216534136599348
"1198","ASV2236",0.000517440115440115,0.00128713064819064,0.000128713064819064
"1199","ASV2237",0.000741702630702631,0.00171834847099072,0.000171834847099072
"1200","ASV2238",0.000768766233766234,0.00176147361730704,0.000176147361730704
"1201","ASV2239",0.000983571428571428,0.00187755080799044,0.000187755080799044
"1202","ASV224",0.0143872140029023,0.0127743039374306,0.00127743039374306
"1203","ASV2240",0.000584585137085137,0.00160211416187017,0.000160211416187017
"1204","ASV2244",0.00119609090909091,0.00230130572331291,0.000230130572331291
"1205","ASV2245",0.000824125541125541,0.00188538890658701,0.000188538890658701
"1206","ASV2246",0.000856728715728716,0.00172529538483608,0.000172529538483608
"1207","ASV2248",0.00081015815556992,0.00195961283410972,0.000195961283410972
"1208","ASV2249",0.000737919191919192,0.00177006507586184,0.000177006507586184
"1209","ASV225",0.036498651111363,0.0214395518061527,0.00214395518061527
"1210","ASV2250",0.000991436618936619,0.00204862749962401,0.000204862749962401
"1211","ASV2251",0.000381717171717172,0.00155840238981295,0.000155840238981295
"1212","ASV2252",0.000189203463203463,0.000923356082420625,9.23356082420625e-05
"1213","ASV2253",0.000303484126984127,0.0011042102572203,0.00011042102572203
"1214","ASV2254",0.000237316017316017,0.000980159364824231,9.80159364824231e-05
"1215","ASV2257",0.000164142857142857,0.000928644921303262,9.28644921303262e-05
"1216","ASV2258",0.000272349206349206,0.00111553979357585,0.000111553979357585
"1217","ASV2259",0.000243,0.00100346532013285,0.000100346532013285
"1218","ASV226",0.0380501452573884,0.0229393547249279,0.00229393547249279
"1219","ASV2261",0.000166857142857143,0.000740498320807492,7.40498320807492e-05
"1220","ASV2262",0.000356248196248196,0.00129336091881494,0.000129336091881494
"1221","ASV2263",0.000123746031746032,0.00061370539833751,6.1370539833751e-05
"1222","ASV2265",0.000211935064935065,0.000846585057059574,8.46585057059574e-05
"1223","ASV2266",0.000220494505494505,0.000915331550663223,9.15331550663223e-05
"1224","ASV2267",0.000234761904761905,0.00105039762267254,0.000105039762267254
"1225","ASV2268",0.000206646464646465,0.00112864839488008,0.000112864839488008
"1226","ASV2269",0.000242168942168942,0.000933283801070558,9.33283801070558e-05
"1227","ASV2270",0.000212571428571429,0.000886021845052875,8.86021845052875e-05
"1228","ASV2273",0.000339079365079365,0.00115608943922279,0.000115608943922279
"1229","ASV2274",0.00033044733044733,0.0012107662838798,0.00012107662838798
"1230","ASV2275",0.000158031746031746,0.000804964045679654,8.04964045679654e-05
"1231","ASV2277",0.000353444444444444,0.00110687936579162,0.000110687936579162
"1232","ASV2278",0.000267904761904762,0.00119426901723842,0.000119426901723842
"1233","ASV228",0.260471347952424,0.0494047215992698,0.00494047215992698
"1234","ASV2280",0.000157138528138528,0.000645245418150526,6.45245418150526e-05
"1235","ASV2281",0.00018147619047619,0.000833587371434767,8.33587371434767e-05
"1236","ASV2282",0.00027530303030303,0.00113795012088213,0.000113795012088213
"1237","ASV2283",0.000309795093795094,0.00128322534792751,0.000128322534792751
"1238","ASV2284",0.00048791341991342,0.00148195764060121,0.000148195764060121
"1239","ASV2285",0.000209507936507937,0.000898411012784873,8.98411012784873e-05
"1240","ASV2287",0.000195362193362193,0.000961051406833781,9.61051406833781e-05
"1241","ASV2288",0.000191809523809524,0.00110428496447229,0.000110428496447229
"1242","ASV2289",6.34054834054834e-05,0.000459966060133768,4.59966060133768e-05
"1243","ASV229",0.0434875989639113,0.0216578789069426,0.00216578789069426
"1244","ASV2290",0.000297787545787546,0.00125065950068072,0.000125065950068072
"1245","ASV2291",6e-05,6e-04,6e-05
"1246","ASV2292",1.78571428571429e-05,0.000178571428571429,1.78571428571429e-05
"1247","ASV2294",0.000157079365079365,0.000700453928181966,7.00453928181966e-05
"1248","ASV2295",0.000142698412698413,0.0010287124901045,0.00010287124901045
"1249","ASV2296",0.000252587301587302,0.000978083629980288,9.78083629980288e-05
"1250","ASV2297",0.000102222222222222,0.000752379937611321,7.52379937611321e-05
"1251","ASV2298",2e-05,2e-04,2e-05
"1252","ASV2299",0.000275168831168831,0.00133402670451716,0.000133402670451716
"1253","ASV23",0.0846673854225821,0.0286909050301949,0.00286909050301949
"1254","ASV230",0.0427628840121231,0.0231739992025654,0.00231739992025654
"1255","ASV2300",6.66666666666667e-05,0.000469017647120966,4.69017647120966e-05
"1256","ASV2301",6.55555555555556e-05,0.000462887535943168,4.62887535943168e-05
"1257","ASV2302",9.00732600732601e-05,0.000517745118853513,5.17745118853513e-05
"1258","ASV2303",0.000205555555555556,0.00106059403552587,0.000106059403552587
"1259","ASV2304",6.72222222222222e-05,0.000549761877507293,5.49761877507293e-05
"1260","ASV2305",0.000153968253968254,0.000825207055058309,8.25207055058309e-05
"1261","ASV2306",0.000126666666666667,0.000659747645139378,6.59747645139378e-05
"1262","ASV2307",0,0,0
"1263","ASV2308",0.000263619047619048,0.00111440889658777,0.000111440889658777
"1264","ASV2309",0.000185958485958486,0.000799557387158915,7.99557387158915e-05
"1265","ASV231",0.00773322848837198,0.0100538375875818,0.00100538375875818
"1266","ASV2310",0.000219142857142857,0.00115892780935013,0.000115892780935013
"1267","ASV2312",2.66666666666667e-05,0.000266666666666667,2.66666666666667e-05
"1268","ASV2313",0.000165079365079365,0.000951033197401321,9.51033197401321e-05
"1269","ASV2315",0.000335119658119658,0.00143382973510388,0.000143382973510388
"1270","ASV2316",0.00030231746031746,0.00112414951118728,0.000112414951118728
"1271","ASV2317",0.000257220779220779,0.00104816175345788,0.000104816175345788
"1272","ASV2318",0.000242748917748918,0.00111887913860808,0.000111887913860808
"1273","ASV2319",0.000182947052947053,0.000848364363932832,8.48364363932832e-05
"1274","ASV232",0.0282224579396509,0.0194607190790217,0.00194607190790217
"1275","ASV2320",0.000112,0.000858619987438146,8.58619987438146e-05
"1276","ASV2321",0.000315354978354978,0.0012541722071306,0.00012541722071306
"1277","ASV2324",0.000104936507936508,0.00066053410219852,6.6053410219852e-05
"1278","ASV2325",7.5e-05,0.00075,7.5e-05
"1279","ASV2326",0.00014,0.000995139703912486,9.95139703912486e-05
"1280","ASV2327",0.000122222222222222,0.000740319745685001,7.40319745685e-05
"1281","ASV2328",6.53333333333333e-05,0.000459734955116781,4.59734955116781e-05
"1282","ASV233",0.0713275236621383,0.0309490561971824,0.00309490561971824
"1283","ASV2331",0.000215031746031746,0.00102793386710975,0.000102793386710975
"1284","ASV2332",0.000128412698412698,0.000632865420668068,6.32865420668068e-05
"1285","ASV2333",0.000155428571428571,0.000808578663375507,8.08578663375507e-05
"1286","ASV2334",0.000161446886446886,0.000725727275878614,7.25727275878614e-05
"1287","ASV2335",7.52525252525253e-05,0.000458762703408827,4.58762703408827e-05
"1288","ASV2336",0.000228335625159155,0.00106660239406036,0.000106660239406036
"1289","ASV2338",0.000205,0.00108733526559106,0.000108733526559106
"1290","ASV234",0.0103160316453039,0.0112228995699698,0.00112228995699698
"1291","ASV2341",0.0002046918767507,0.00103098041103321,0.000103098041103321
"1292","ASV2342",0.000164225108225108,0.00102211825564771,0.000102211825564771
"1293","ASV2343",0.00025,0.00114569902794157,0.000114569902794157
"1294","ASV2345",0,0,0
"1295","ASV2347",8.4e-05,0.00084,8.4e-05
"1296","ASV2348",0,0,0
"1297","ASV2349",3.2e-05,0.00032,3.2e-05
"1298","ASV235",0.00744866769037337,0.00866237476596573,0.000866237476596572
"1299","ASV2350",0,0,0
"1300","ASV2352",0.000126363636363636,0.000735226568015385,7.35226568015385e-05
"1301","ASV2353",3.5e-05,0.00035,3.5e-05
"1302","ASV2354",0,0,0
"1303","ASV2355",0,0,0
"1304","ASV2356",7.5e-05,0.00075,7.5e-05
"1305","ASV2357",3.6e-05,0.00036,3.6e-05
"1306","ASV2358",0,0,0
"1307","ASV2359",7.13636363636364e-05,0.000502155592173529,5.02155592173529e-05
"1308","ASV236",0.0631159327435999,0.0279469967192095,0.00279469967192095
"1309","ASV2361",3.63636363636364e-05,0.000363636363636364,3.63636363636364e-05
"1310","ASV2362",6.7e-05,0.000471844650003975,4.71844650003975e-05
"1311","ASV2363",0.000132666666666667,0.000782668318618875,7.82668318618875e-05
"1312","ASV2364",3.63636363636364e-05,0.000363636363636364,3.63636363636364e-05
"1313","ASV2365",0,0,0
"1314","ASV2366",7.15555555555556e-05,0.00050342218316296,5.0342218316296e-05
"1315","ASV2367",6.76190476190476e-05,0.000475766044616965,4.75766044616965e-05
"1316","ASV2369",0,0,0
"1317","ASV237",0.009497099320685,0.0101964115648154,0.00101964115648154
"1318","ASV2370",3.5e-05,0.00035,3.5e-05
"1319","ASV2371",0.000242857142857143,0.00124266555720951,0.000124266555720951
"1320","ASV2373",8.85714285714286e-05,0.000712343680299117,7.12343680299117e-05
"1321","ASV2374",6.22222222222222e-05,0.000442284312849994,4.42284312849994e-05
"1322","ASV2375",0,0,0
"1323","ASV2376",4e-05,4e-04,4e-05
"1324","ASV2377",8.74285714285714e-05,0.000624779590078059,6.24779590078059e-05
"1325","ASV2378",9.14285714285714e-05,0.000663418183228325,6.63418183228325e-05
"1326","ASV2379",6.4e-05,0.00064,6.4e-05
"1327","ASV238",0.00353377298745585,0.0057562498702781,0.00057562498702781
"1328","ASV2381",7.1e-05,0.000499554346847814,4.99554346847814e-05
"1329","ASV2382",8.13333333333333e-05,0.000581617389594558,5.81617389594558e-05
"1330","ASV2383",3.42857142857143e-05,0.000342857142857143,3.42857142857143e-05
"1331","ASV2384",6.85714285714286e-05,0.000482418151324422,4.82418151324422e-05
"1332","ASV2385",3e-05,3e-04,3e-05
"1333","ASV2386",0.000108917748917749,0.000822995528177135,8.22995528177135e-05
"1334","ASV2388",2e-05,2e-04,2e-05
"1335","ASV2389",0,0,0
"1336","ASV239",0.194371988091436,0.0480204856376369,0.00480204856376369
"1337","ASV2390",0,0,0
"1338","ASV2391",3e-05,3e-04,3e-05
"1339","ASV2392",0.00012547619047619,0.000886333260574675,8.86333260574675e-05
"1340","ASV2393",3.63636363636364e-05,0.000363636363636364,3.63636363636364e-05
"1341","ASV2394",0,0,0
"1342","ASV2395",3.55555555555556e-05,0.000355555555555556,3.55555555555556e-05
"1343","ASV2396",0.000138174603174603,0.000680529846786241,6.80529846786241e-05
"1344","ASV2397",6.66666666666667e-05,0.000469017647120966,4.69017647120966e-05
"1345","ASV2399",6.63636363636364e-05,0.000469070941552945,4.69070941552945e-05
"1346","ASV240",0.0374123874455064,0.0204639433458332,0.00204639433458332
"1347","ASV2400",3.6e-05,0.00036,3.6e-05
"1348","ASV2401",0,0,0
"1349","ASV2402",0,0,0
"1350","ASV2403",8.71428571428571e-05,0.000642703204272154,6.42703204272154e-05
"1351","ASV2404",3.66666666666667e-05,0.000366666666666667,3.66666666666667e-05
"1352","ASV2405",5.66666666666667e-05,0.000399368187885502,3.99368187885502e-05
"1353","ASV2406",9.87878787878788e-05,0.000731527955500406,7.31527955500406e-05
"1354","ASV2407",7.5e-05,0.00075,7.5e-05
"1355","ASV2408",0.000122222222222222,0.000946175873787571,9.46175873787571e-05
"1356","ASV241",0.09843020756717,0.0406977157546321,0.00406977157546321
"1357","ASV2410",3.66666666666667e-05,0.000366666666666667,3.66666666666667e-05
"1358","ASV2411",3.55555555555556e-05,0.000355555555555556,3.55555555555556e-05
"1359","ASV2413",6.85714285714286e-05,0.000685714285714286,6.85714285714286e-05
"1360","ASV2414",0,0,0
"1361","ASV2415",3.5e-05,0.00035,3.5e-05
"1362","ASV2416",3.66666666666667e-05,0.000366666666666667,3.66666666666667e-05
"1363","ASV2417",0,0,0
"1364","ASV242",0.0273339418578565,0.0180123701292815,0.00180123701292815
"1365","ASV2421",5.33333333333333e-05,0.000533333333333333,5.33333333333333e-05
"1366","ASV2422",0.000144,0.000853787757790855,8.53787757790855e-05
"1367","ASV2423",0,0,0
"1368","ASV2424",7.02857142857143e-05,0.000494628662649726,4.94628662649726e-05
"1369","ASV2425",9.04761904761905e-05,0.000658630184176223,6.58630184176223e-05
"1370","ASV2428",5.71428571428571e-05,0.000571428571428571,5.71428571428571e-05
"1371","ASV243",0.0396202375998017,0.0237494781429125,0.00237494781429125
"1372","ASV2432",3.2e-05,0.00032,3.2e-05
"1373","ASV2433",7.30303030303031e-05,0.000513792026708784,5.13792026708784e-05
"1374","ASV2434",3.2e-05,0.00032,3.2e-05
"1375","ASV2435",0,0,0
"1376","ASV2436",7.26666666666667e-05,0.000511251188534343,5.11251188534343e-05
"1377","ASV2437",6.42857142857143e-05,0.000453291405533175,4.53291405533175e-05
"1378","ASV2438",6.5e-05,0.000458670674753453,4.58670674753453e-05
"1379","ASV2439",6.76190476190476e-05,0.000475766044616965,4.75766044616965e-05
"1380","ASV244",0.044501047363205,0.0251399755450718,0.00251399755450718
"1381","ASV2441",0,0,0
"1382","ASV2442",8e-05,0.000574192450052219,5.74192450052219e-05
"1383","ASV2443",3.2e-05,0.00032,3.2e-05
"1384","ASV2444",0,0,0
"1385","ASV2445",0,0,0
"1386","ASV2446",7.15555555555556e-05,0.00050342218316296,5.0342218316296e-05
"1387","ASV2447",0,0,0
"1388","ASV2448",0,0,0
"1389","ASV2449",0,0,0
"1390","ASV245",0.256235629499972,0.0562940605794865,0.00562940605794865
"1391","ASV2450",6.66666666666667e-05,0.000666666666666667,6.66666666666667e-05
"1392","ASV2451",0,0,0
"1393","ASV2452",0,0,0
"1394","ASV2453",0,0,0
"1395","ASV2454",6.62857142857143e-05,0.000466620370528027,4.66620370528027e-05
"1396","ASV2455",5.33333333333333e-05,0.000533333333333333,5.33333333333333e-05
"1397","ASV2456",6.26666666666667e-05,0.000445838218608182,4.45838218608182e-05
"1398","ASV2457",0,0,0
"1399","ASV2458",0.000103333333333333,0.000590696672516918,5.90696672516918e-05
"1400","ASV2459",3.33333333333333e-05,0.000333333333333333,3.33333333333333e-05
"1401","ASV246",0.0321208916898674,0.0176660058298892,0.00176660058298892
"1402","ASV2460",7.02857142857143e-05,0.000494628662649726,4.94628662649726e-05
"1403","ASV2462",0,0,0
"1404","ASV2464",5.71428571428571e-05,0.000571428571428571,5.71428571428571e-05
"1405","ASV2465",6.0952380952381e-05,0.000432221112015867,4.32221112015867e-05
"1406","ASV2466",0.000157333333333333,0.000929840506217796,9.29840506217796e-05
"1407","ASV2468",0,0,0
"1408","ASV2469",0.000155030303030303,0.000782480235434107,7.82480235434107e-05
"1409","ASV247",0.0380246838867897,0.0227385237901161,0.00227385237901161
"1410","ASV2471",0.000172307692307692,0.00111118331006837,0.000111118331006837
"1411","ASV2473",0,0,0
"1412","ASV2474",5.71428571428571e-05,0.000571428571428571,5.71428571428571e-05
"1413","ASV2475",3.69230769230769e-05,0.000369230769230769,3.69230769230769e-05
"1414","ASV2476",7.15555555555556e-05,0.00050342218316296,5.0342218316296e-05
"1415","ASV2477",3.2e-05,0.00032,3.2e-05
"1416","ASV2478",0,0,0
"1417","ASV248",0.037659248410304,0.0214311302984687,0.00214311302984687
"1418","ASV2480",5.66666666666667e-05,0.000404949734309853,4.04949734309853e-05
"1419","ASV2481",0.000136126984126984,0.000673498860154407,6.73498860154407e-05
"1420","ASV2483",0.000117619047619048,0.000590178787460329,5.90178787460329e-05
"1421","ASV2484",7.33333333333334e-05,0.000515919411833062,5.15919411833062e-05
"1422","ASV2485",3.2e-05,0.00032,3.2e-05
"1423","ASV2486",6.75555555555556e-05,0.000475942446227705,4.75942446227705e-05
"1424","ASV2487",0.000276962481962482,0.00127878297962414,0.000127878297962414
"1425","ASV2488",2.66666666666667e-05,0.000266666666666667,2.66666666666667e-05
"1426","ASV2489",0.000168222222222222,0.000738388554937103,7.38388554937103e-05
"1427","ASV249",0.00860695367162563,0.00961383795115391,0.000961383795115391
"1428","ASV2490",0.000198363636363636,0.000900102840772621,9.00102840772621e-05
"1429","ASV2493",6.62857142857143e-05,0.000466620370528027,4.66620370528027e-05
"1430","ASV2495",0.000122272727272727,0.000937006986987777,9.37006986987777e-05
"1431","ASV2496",8.48484848484848e-05,0.000604862264589512,6.04862264589512e-05
"1432","ASV2497",0.000158030303030303,0.000794751332584496,7.94751332584496e-05
"1433","ASV2498",0,0,0
"1434","ASV2499",0.000128,0.00100885773991874,0.000100885773991874
"1435","ASV250",0.099708992232858,0.0358480086249198,0.00358480086249198
"1436","ASV2501",0.000143571428571429,0.00101109567857995,0.000101109567857995
"1437","ASV2502",7.02857142857143e-05,0.000494628662649726,4.94628662649726e-05
"1438","ASV2503",6.93333333333334e-05,0.000488146359903327,4.88146359903327e-05
"1439","ASV2505",0.000107474747474747,0.00061424182533154,6.14241825331541e-05
"1440","ASV2506",6.22222222222222e-05,0.000622222222222222,6.22222222222222e-05
"1441","ASV2507",0.000103923076923077,0.000594954675321112,5.94954675321113e-05
"1442","ASV2508",0.000131241830065359,0.000980762536494378,9.80762536494378e-05
"1443","ASV2509",0.000108506493506494,0.000620293942620423,6.20293942620423e-05
"1444","ASV251",0.000745818181818182,0.00225280410634029,0.000225280410634029
"1445","ASV2510",0,0,0
"1446","ASV2511",0,0,0
"1447","ASV2512",5e-05,0.000358870281282637,3.58870281282637e-05
"1448","ASV2513",6.0952380952381e-05,0.000432221112015867,4.32221112015867e-05
"1449","ASV2514",3.6e-05,0.00036,3.6e-05
"1450","ASV2517",0,0,0
"1451","ASV2518",0.000143571428571429,0.00088591064015377,8.8591064015377e-05
"1452","ASV252",0.0405407800271624,0.0215540607399465,0.00215540607399465
"1453","ASV2521",3.63636363636364e-05,0.000363636363636364,3.63636363636364e-05
"1454","ASV2522",0.000190555555555556,0.00103113565583813,0.000103113565583813
"1455","ASV2523",0,0,0
"1456","ASV2524",3.55555555555556e-05,0.000355555555555556,3.55555555555556e-05
"1457","ASV2525",0,0,0
"1458","ASV2526",8.13333333333333e-05,0.000581617389594558,5.81617389594558e-05
"1459","ASV2528",3.66666666666667e-05,0.000366666666666667,3.66666666666667e-05
"1460","ASV2529",3e-05,3e-04,3e-05
"1461","ASV253",0.0113027710172151,0.0131299837183332,0.00131299837183332
"1462","ASV2530",0,0,0
"1463","ASV2531",0.000164142857142857,0.000987030918991052,9.87030918991052e-05
"1464","ASV2532",3.5e-05,0.00035,3.5e-05
"1465","ASV2533",6.33333333333333e-05,0.000446196043338474,4.46196043338474e-05
"1466","ASV2535",0,0,0
"1467","ASV2536",6e-05,6e-04,6e-05
"1468","ASV2537",0,0,0
"1469","ASV2538",3.6e-05,0.00036,3.6e-05
"1470","ASV254",0.0259026177239386,0.0167874192336491,0.00167874192336491
"1471","ASV2540",0,0,0
"1472","ASV2541",0,0,0
"1473","ASV2543",0.000117333333333333,0.000693022463330111,6.93022463330111e-05
"1474","ASV2544",0.000279561660561661,0.00139129529306196,0.000139129529306196
"1475","ASV2546",5.33333333333333e-05,0.000533333333333333,5.33333333333333e-05
"1476","ASV2548",0,0,0
"1477","ASV255",0.0307786441661269,0.0176458570620147,0.00176458570620147
"1478","ASV2550",3.33333333333333e-05,0.000333333333333333,3.33333333333333e-05
"1479","ASV2551",8.91428571428571e-05,0.000652101624404367,6.52101624404367e-05
"1480","ASV2552",0,0,0
"1481","ASV2553",0,0,0
"1482","ASV2554",0.000111363636363636,0.000830193810555944,8.30193810555944e-05
"1483","ASV2555",9.21428571428571e-05,0.000667075863904919,6.67075863904919e-05
"1484","ASV2557",0,0,0
"1485","ASV2558",8e-05,8e-04,8e-05
"1486","ASV2559",0,0,0
"1487","ASV256",0.0149331957769799,0.010344654125533,0.0010344654125533
"1488","ASV2560",6.22222222222222e-05,0.000622222222222222,6.22222222222222e-05
"1489","ASV2561",5.09090909090909e-05,0.000509090909090909,5.09090909090909e-05
"1490","ASV2562",2.66666666666667e-05,0.000266666666666667,2.66666666666667e-05
"1491","ASV2563",0,0,0
"1492","ASV2564",0,0,0
"1493","ASV2565",6.83333333333333e-05,0.000480888977576123,4.80888977576123e-05
"1494","ASV2567",6.96969696969697e-05,0.000490809317707327,4.90809317707327e-05
"1495","ASV2569",0,0,0
"1496","ASV257",0.0110216380525414,0.0115063226015928,0.00115063226015928
"1497","ASV2570",0,0,0
"1498","ASV2571",6.16666666666667e-05,0.000437864807018775,4.37864807018775e-05
"1499","ASV2573",0,0,0
"1500","ASV2574",3.5e-05,0.00035,3.5e-05
"1501","ASV2575",0,0,0
"1502","ASV2576",6.66666666666667e-05,0.000666666666666667,6.66666666666667e-05
"1503","ASV2577",5.99120879120879e-05,0.000422497393313609,4.22497393313609e-05
"1504","ASV2578",7.5e-05,0.00075,7.5e-05
"1505","ASV2579",0,0,0
"1506","ASV258",0.0185723345430015,0.0142436214552612,0.00142436214552612
"1507","ASV2580",0,0,0
"1508","ASV2581",3.48571428571428e-05,0.000348571428571428,3.48571428571428e-05
"1509","ASV2582",0,0,0
"1510","ASV2584",3.33333333333333e-05,0.000333333333333333,3.33333333333333e-05
"1511","ASV2585",5.71428571428571e-05,0.000571428571428571,5.71428571428571e-05
"1512","ASV2586",0,0,0
"1513","ASV2587",6.6e-05,0.000466281226105214,4.66281226105214e-05
"1514","ASV2588",4e-05,4e-04,4e-05
"1515","ASV259",0.039371260311808,0.0207021141083439,0.00207021141083439
"1516","ASV2590",3.33333333333333e-05,0.000333333333333333,3.33333333333333e-05
"1517","ASV2591",3e-05,3e-04,3e-05
"1518","ASV2592",0.000104935064935065,0.00077291532507498,7.7291532507498e-05
"1519","ASV2593",0,0,0
"1520","ASV2594",3.2e-05,0.00032,3.2e-05
"1521","ASV2595",0,0,0
"1522","ASV2596",0,0,0
"1523","ASV2597",3.5e-05,0.00035,3.5e-05
"1524","ASV2598",8.49230769230769e-05,0.000602620063859747,6.02620063859747e-05
"1525","ASV2599",3.2e-05,0.00032,3.2e-05
"1526","ASV26",0.0721204083271838,0.0308821740662204,0.00308821740662204
"1527","ASV260",0.0100862163512816,0.0107105282284526,0.00107105282284526
"1528","ASV2600",3.2e-05,0.00032,3.2e-05
"1529","ASV2602",8.66666666666667e-05,0.000654124443725189,6.54124443725189e-05
"1530","ASV2603",0,0,0
"1531","ASV2604",3.5e-05,0.00035,3.5e-05
"1532","ASV2605",5.71428571428571e-05,0.000571428571428571,5.71428571428571e-05
"1533","ASV2607",0.000124888888888889,0.000955645755667589,9.55645755667589e-05
"1534","ASV2608",7.11111111111111e-05,0.000500285490262363,5.00285490262363e-05
"1535","ASV261",0.0333215296564012,0.0187714603112665,0.00187714603112665
"1536","ASV2610",0.000111363636363636,0.000830193810555944,8.30193810555944e-05
"1537","ASV2611",3.63636363636364e-05,0.000363636363636364,3.63636363636364e-05
"1538","ASV2612",7.2e-05,0.000506539058890643,5.06539058890643e-05
"1539","ASV2613",7.16666666666667e-05,0.000504333076301616,5.04333076301616e-05
"1540","ASV2615",7e-05,0.000492468529477014,4.92468529477014e-05
"1541","ASV2616",0,0,0
"1542","ASV2617",3.2e-05,0.00032,3.2e-05
"1543","ASV2618",5.86666666666667e-05,0.000414472200982413,4.14472200982413e-05
"1544","ASV2619",0,0,0
"1545","ASV262",0.0158014113755107,0.013162550769652,0.0013162550769652
"1546","ASV2621",0.000217025641025641,0.000997287145624471,9.97287145624471e-05
"1547","ASV2622",7.1e-05,0.000499554346847814,4.99554346847814e-05
"1548","ASV2623",3.33333333333333e-05,0.000333333333333333,3.33333333333333e-05
"1549","ASV2624",0.000162735042735043,0.00103760178844068,0.000103760178844068
"1550","ASV2626",0.000188,0.000962244850085025,9.62244850085025e-05
"1551","ASV2627",6.76923076923077e-05,0.000676923076923077,6.76923076923077e-05
"1552","ASV2628",0.000140252525252525,0.000690916166994698,6.90916166994697e-05
"1553","ASV2629",6.6e-05,0.000466281226105214,4.66281226105214e-05
"1554","ASV263",0.264402708250709,0.0575825910879801,0.00575825910879801
"1555","ASV2630",6.7e-05,0.000471844650003975,4.71844650003975e-05
"1556","ASV2631",0,0,0
"1557","ASV2632",0,0,0
"1558","ASV2633",6.93333333333333e-05,0.000693333333333333,6.93333333333333e-05
"1559","ASV2634",0,0,0
"1560","ASV2635",0,0,0
"1561","ASV2636",0.000173787878787879,0.00123427575489372,0.000123427575489372
"1562","ASV2637",0,0,0
"1563","ASV2638",0.000148571428571429,0.00104839011372218,0.000104839011372218
"1564","ASV264",0.0410398944151226,0.0246457667295782,0.00246457667295781
"1565","ASV2640",0,0,0
"1566","ASV2641",0,0,0
"1567","ASV2643",0.000119923076923077,0.000692565000098665,6.92565000098665e-05
"1568","ASV2644",0.000159393939393939,0.000800638594591143,8.00638594591143e-05
"1569","ASV2646",5.33333333333333e-05,0.000386993940216523,3.86993940216523e-05
"1570","ASV2647",3.42857142857143e-05,0.000342857142857143,3.42857142857143e-05
"1571","ASV2648",6.98412698412698e-05,0.000491434686435401,4.91434686435401e-05
"1572","ASV2649",0,0,0
"1573","ASV265",0.0398503948801337,0.0236863167805747,0.00236863167805747
"1574","ASV2650",3.55555555555556e-05,0.000355555555555556,3.55555555555556e-05
"1575","ASV2651",0,0,0
"1576","ASV2652",7.2e-05,0.000506539058890643,5.06539058890643e-05
"1577","ASV2653",0.000174857142857143,0.000909061473217296,9.09061473217296e-05
"1578","ASV2655",0.000121904761904762,0.000864442224031734,8.64442224031734e-05
"1579","ASV2656",8.4e-05,0.000597083822347492,5.97083822347492e-05
"1580","ASV2657",3.71428571428572e-05,0.000371428571428571,3.71428571428572e-05
"1581","ASV2658",0,0,0
"1582","ASV2659",0,0,0
"1583","ASV2660",0,0,0
"1584","ASV2661",0,0,0
"1585","ASV2662",3.55555555555556e-05,0.000355555555555556,3.55555555555556e-05
"1586","ASV2663",7.5e-05,0.00075,7.5e-05
"1587","ASV2664",3e-05,3e-04,3e-05
"1588","ASV2665",0.000214095238095238,0.00124733627541336,0.000124733627541336
"1589","ASV2667",2e-05,2e-04,2e-05
"1590","ASV2668",6.66666666666667e-05,0.000469017647120966,4.69017647120966e-05
"1591","ASV2669",0.000113454545454545,0.000807763978293226,8.07763978293226e-05
"1592","ASV267",0.0400018707897089,0.0224479060403324,0.00224479060403324
"1593","ASV2670",0.000201494505494506,0.00103256834187444,0.000103256834187444
"1594","ASV2671",0.000178507936507937,0.000782220443845858,7.82220443845858e-05
"1595","ASV2673",7.15555555555556e-05,0.00050342218316296,5.0342218316296e-05
"1596","ASV2675",9.95555555555556e-05,0.000569696396589725,5.69696396589725e-05
"1597","ASV2676",0.000205585858585859,0.000931397534464972,9.31397534464972e-05
"1598","ASV2677",0.000171285714285714,0.000905601103174296,9.05601103174296e-05
"1599","ASV2678",6.86464646464646e-05,0.000483263571166301,4.83263571166301e-05
"1600","ASV268",0.316330867629854,0.0621262959495237,0.00621262959495237
"1601","ASV2681",0.000121943833943834,0.000711072737378016,7.11072737378016e-05
"1602","ASV2682",0.00025974025974026,0.00107413083192362,0.000107413083192362
"1603","ASV2683",0.000223,0.00105484500273641,0.000105484500273641
"1604","ASV2685",0.000382966366966367,0.00117194106135328,0.000117194106135328
"1605","ASV2687",0.000185,0.00110703672162684,0.000110703672162684
"1606","ASV2688",0.000192136752136752,0.00100804825851193,0.000100804825851193
"1607","ASV2689",0.000264222222222222,0.00102832266928169,0.000102832266928169
"1608","ASV2690",0.000131454545454545,0.00079819838458683,7.9819838458683e-05
"1609","ASV2691",0.000173333333333333,0.00076134148249927,7.6134148249927e-05
"1610","ASV2692",7.35064935064935e-05,0.000517167288297878,5.17167288297878e-05
"1611","ASV2693",5.46031746031746e-05,0.000546031746031746,5.46031746031746e-05
"1612","ASV2695",0.000137,0.000616384865997133,6.16384865997133e-05
"1613","ASV2696",0.000202666666666667,0.00081080913155406,8.1080913155406e-05
"1614","ASV2698",0.000588349428349428,0.0014041309847501,0.00014041309847501
"1615","ASV2699",0.000286333333333333,0.001011861138182,0.0001011861138182
"1616","ASV27",0.304068803548216,0.059790302117571,0.0059790302117571
"1617","ASV2700",0.000563396825396825,0.0015829832845321,0.00015829832845321
"1618","ASV2701",0.00035584126984127,0.00106420854588295,0.000106420854588295
"1619","ASV2702",0.000475460317460318,0.0012246135249541,0.00012246135249541
"1620","ASV2703",0.000485424242424242,0.00121646715128658,0.000121646715128658
"1621","ASV2704",0.00036231746031746,0.00112257132120634,0.000112257132120634
"1622","ASV2705",0.000525265223665224,0.00146707349810345,0.000146707349810345
"1623","ASV2706",0.000759403785756727,0.00155239980406837,0.000155239980406837
"1624","ASV2708",0.000502073038073038,0.00152927550638847,0.000152927550638847
"1625","ASV2709",0.000574044733044733,0.00150616874166508,0.000150616874166508
"1626","ASV271",0.257888000197635,0.0570131277375457,0.00570131277375457
"1627","ASV2710",0.000446777777777778,0.00131432417933518,0.000131432417933518
"1628","ASV2711",0.000455573870573871,0.00130999962587846,0.000130999962587846
"1629","ASV2713",0.000434825396825397,0.00123743032963325,0.000123743032963325
"1630","ASV2714",0.000511428571428571,0.00154963165098652,0.000154963165098652
"1631","ASV2716",0.000292030303030303,0.00095777563123083,9.5777563123083e-05
"1632","ASV2717",0.000549998556998557,0.00145585535410794,0.000145585535410794
"1633","ASV2719",0.000439875901875902,0.00136205479965017,0.000136205479965017
"1634","ASV272",0.0969669013824303,0.0347740742152273,0.00347740742152273
"1635","ASV2720",0.000445525252525252,0.0016215206353303,0.00016215206353303
"1636","ASV2721",0.000259926517926518,0.00114970070575292,0.000114970070575292
"1637","ASV2722",0.000398919191919192,0.0012621989135382,0.00012621989135382
"1638","ASV2724",0.000470252525252525,0.00125122670585563,0.000125122670585563
"1639","ASV2725",0.000304787878787879,0.00116801527863233,0.000116801527863233
"1640","ASV2726",0.000402371517371517,0.00142380272757981,0.000142380272757981
"1641","ASV2728",0.000489873015873016,0.00123729663855059,0.000123729663855059
"1642","ASV273",0.00774307231730445,0.00778051953687245,0.000778051953687245
"1643","ASV2730",0.000395298701298701,0.00130920465448738,0.000130920465448738
"1644","ASV2731",0.000589914862914863,0.00144892929312645,0.000144892929312645
"1645","ASV2732",0.000400539238539239,0.00116711732278782,0.000116711732278782
"1646","ASV2733",0.000446268398268398,0.00118663219200816,0.000118663219200816
"1647","ASV2734",0.000162148962148962,0.000713703817707156,7.13703817707156e-05
"1648","ASV2735",0.000410164332399627,0.00148315229351709,0.000148315229351709
"1649","ASV2736",0.000572642135642136,0.00145859096126449,0.000145859096126449
"1650","ASV2737",0.000166649350649351,0.00083048629984929,8.3048629984929e-05
"1651","ASV2739",0.000156819624819625,0.000834451645280122,8.34451645280122e-05
"1652","ASV274",0.0971905892400162,0.0324272312714423,0.00324272312714423
"1653","ASV2740",9.33333333333333e-05,0.000683425714376264,6.83425714376264e-05
"1654","ASV2741",0.00019769696969697,0.00111385146002164,0.000111385146002164
"1655","ASV2742",5.33333333333333e-05,0.000386993940216523,3.86993940216523e-05
"1656","ASV2743",6e-05,6e-04,6e-05
"1657","ASV2745",0.000125396825396825,0.000736418019866066,7.36418019866066e-05
"1658","ASV2746",5.33333333333333e-05,0.000533333333333333,5.33333333333333e-05
"1659","ASV2748",0.000179324786324786,0.000812605971100701,8.12605971100701e-05
"1660","ASV2749",0.000143445887445887,0.000767065777675587,7.67065777675587e-05
"1661","ASV275",0.0331893766043935,0.0209659508997701,0.00209659508997701
"1662","ASV2751",0.000117,0.000705986824370018,7.05986824370018e-05
"1663","ASV2752",9.26984126984127e-05,0.000537133441731773,5.37133441731773e-05
"1664","ASV2753",0.000195285714285714,0.000780919383328966,7.80919383328966e-05
"1665","ASV2754",0.000125555555555556,0.000964341799686073,9.64341799686073e-05
"1666","ASV2755",8.12698412698413e-05,0.000576294816021156,5.76294816021156e-05
"1667","ASV2756",0.000161641025641026,0.000816365704869789,8.16365704869789e-05
"1668","ASV2757",8e-05,0.000464497121366296,4.64497121366296e-05
"1669","ASV276",0.0116062240809175,0.0107073911770533,0.00107073911770533
"1670","ASV2760",6.42857142857143e-05,0.000453291405533175,4.53291405533175e-05
"1671","ASV2761",0.000106952380952381,0.000543857638576745,5.43857638576745e-05
"1672","ASV2763",0.000174,0.000701186744547783,7.01186744547783e-05
"1673","ASV2765",0.000124222222222222,0.000615046769761162,6.15046769761162e-05
"1674","ASV2766",9.5952380952381e-05,0.000552272872194958,5.52272872194958e-05
"1675","ASV2767",0.000265246753246753,0.00114486078428479,0.000114486078428479
"1676","ASV2768",6.53333333333333e-05,0.000459734955116781,4.59734955116781e-05
"1677","ASV277",0.0125794884897771,0.0125318580862582,0.00125318580862582
"1678","ASV2770",0.000306888888888889,0.0012903923078924,0.00012903923078924
"1679","ASV2771",0.000127,0.000628444626605491,6.28444626605491e-05
"1680","ASV2772",0.000139888888888889,0.000689064629478943,6.89064629478943e-05
"1681","ASV2774",0.000148380952380952,0.000653691054884343,6.53691054884343e-05
"1682","ASV2775",0.000203679653679654,0.00108360881643941,0.000108360881643941
"1683","ASV2777",0.000277793650793651,0.00115174150578512,0.000115174150578512
"1684","ASV2779",0.000178666666666667,0.000913442692953908,9.13442692953908e-05
"1685","ASV278",0.0251834726751987,0.0187560225877608,0.00187560225877608
"1686","ASV2780",0.000363222222222222,0.00127544235410825,0.000127544235410825
"1687","ASV2781",0.000184935064935065,0.000936705311191435,9.36705311191435e-05
"1688","ASV2782",0.000182380952380952,0.000842563599921941,8.42563599921941e-05
"1689","ASV2784",6.4e-05,0.000450256941236127,4.50256941236127e-05
"1690","ASV2785",0.000150095238095238,0.000775290211720229,7.75290211720229e-05
"1691","ASV2786",0.000230380952380952,0.000858125346809109,8.58125346809109e-05
"1692","ASV2787",0.000121142857142857,0.000722408304207561,7.22408304207561e-05
"1693","ASV2788",0.000173333333333333,0.0009782368068523,9.782368068523e-05
"1694","ASV2789",3.33333333333333e-05,0.000333333333333333,3.33333333333333e-05
"1695","ASV279",0.0106449048239118,0.0124778880511613,0.00124778880511613
"1696","ASV2791",7.06493506493507e-05,0.000497256203519933,4.97256203519933e-05
"1697","ASV2792",0.000185761904761905,0.000949633240476331,9.49633240476331e-05
"1698","ASV2794",0.000140333333333333,0.00087404647419759,8.7404647419759e-05
"1699","ASV2796",9.26666666666667e-05,0.000533829314831752,5.33829314831752e-05
"1700","ASV2799",0.000210363636363636,0.000850180340616182,8.50180340616182e-05
"1701","ASV28",0.0407052027484264,0.0243418906637462,0.00243418906637462
"1702","ASV280",0.09767807538959,0.031145411032981,0.0031145411032981
"1703","ASV2802",0.000180205415499533,0.00117509176551563,0.000117509176551563
"1704","ASV2803",9.55555555555556e-05,0.000550033158882089,5.50033158882089e-05
"1705","ASV2805",0.00011,0.000851558286408814,8.51558286408814e-05
"1706","ASV2806",0.000126666666666667,0.000627216608039578,6.27216608039578e-05
"1707","ASV2807",6.42857142857143e-05,0.000453291405533175,4.53291405533175e-05
"1708","ASV2808",9.54545454545454e-05,0.000717260629002704,7.17260629002705e-05
"1709","ASV2812",3.5e-05,0.00035,3.5e-05
"1710","ASV2814",3.33333333333333e-05,0.000333333333333333,3.33333333333333e-05
"1711","ASV2815",0.000114285714285714,0.000867185040730661,8.67185040730661e-05
"1712","ASV2816",9.88888888888889e-05,0.000566534611932071,5.66534611932071e-05
"1713","ASV2817",6.92857142857143e-05,0.000487469771354,4.87469771354e-05
"1714","ASV2818",0.000130571428571429,0.000807512193780697,8.07512193780697e-05
"1715","ASV2819",3.5e-05,0.00035,3.5e-05
"1716","ASV282",0.00229050568554701,0.00477339799887787,0.000477339799887787
"1717","ASV2820",0.000103333333333333,0.000590696672516918,5.90696672516918e-05
"1718","ASV2821",0.000145809523809524,0.00075797531083859,7.5797531083859e-05
"1719","ASV2823",0.000133904761904762,0.000820066951863308,8.20066951863308e-05
"1720","ASV2824",0.000158730158730159,0.00080121252571306,8.0121252571306e-05
"1721","ASV2825",6.53333333333333e-05,0.000459734955116781,4.59734955116781e-05
"1722","ASV2826",0.000244761904761905,0.00112678635746169,0.000112678635746169
"1723","ASV2829",7.8e-05,0.000450070950884999,4.50070950884999e-05
"1724","ASV283",0.01179638935696,0.0105616041836695,0.00105616041836695
"1725","ASV2830",4.8e-05,0.00048,4.8e-05
"1726","ASV2831",0.00010184126984127,0.000582574510127419,5.82574510127419e-05
"1727","ASV2832",0.00012452380952381,0.000857228731468669,8.57228731468669e-05
"1728","ASV2833",6.96969696969697e-05,0.000490809317707327,4.90809317707327e-05
"1729","ASV2834",5.2e-05,0.000375642211029419,3.75642211029419e-05
"1730","ASV2835",9.76923076923077e-05,0.000737646451878162,7.37646451878162e-05
"1731","ASV2836",4.8e-05,0.00048,4.8e-05
"1732","ASV2837",5.66666666666667e-05,0.000415888161604731,4.15888161604731e-05
"1733","ASV2838",9.23809523809524e-05,0.000533742885422008,5.33742885422008e-05
"1734","ASV2839",0.000192253968253968,0.000868766994664579,8.68766994664579e-05
"1735","ASV284",0.00212747193699347,0.00430926318143554,0.000430926318143554
"1736","ASV2840",0.000148444444444444,0.000762016869524606,7.62016869524606e-05
"1737","ASV2841",9.42222222222222e-05,0.000542211182754541,5.42211182754541e-05
"1738","ASV2842",0.000197666666666667,0.000803950054565388,8.03950054565388e-05
"1739","ASV2844",5.33333333333333e-05,0.000533333333333333,5.33333333333333e-05
"1740","ASV2845",0,0,0
"1741","ASV2846",7.22222222222222e-05,0.000508163804963417,5.08163804963417e-05
"1742","ASV2847",9e-05,0.000517934387432039,5.17934387432039e-05
"1743","ASV2849",3.2e-05,0.00032,3.2e-05
"1744","ASV285",0.0410045693045606,0.0217175424154865,0.00217175424154865
"1745","ASV2850",0.000154444444444444,0.000789299777600415,7.89299777600415e-05
"1746","ASV2851",7.09090909090909e-05,0.000709090909090909,7.09090909090909e-05
"1747","ASV2852",6.0952380952381e-05,0.000432221112015867,4.32221112015867e-05
"1748","ASV2853",0.000141666666666667,0.000878849556642021,8.78849556642021e-05
"1749","ASV2854",3.2e-05,0.00032,3.2e-05
"1750","ASV2856",0.000131363636363636,0.000776859125588482,7.76859125588482e-05
"1751","ASV2857",0.000176507936507937,0.00106056801180389,0.000106056801180389
"1752","ASV2858",6.83636363636364e-05,0.000481955002490978,4.81955002490978e-05
"1753","ASV2859",3.5e-05,0.00035,3.5e-05
"1754","ASV2861",0,0,0
"1755","ASV2862",6.62857142857143e-05,0.000466620370528027,4.66620370528027e-05
"1756","ASV2863",0.000185952380952381,0.000835468953162742,8.35468953162742e-05
"1757","ASV2865",3.55555555555556e-05,0.000355555555555556,3.55555555555556e-05
"1758","ASV2866",0.000141764346764347,0.000698269870861789,6.98269870861789e-05
"1759","ASV2867",3e-05,3e-04,3e-05
"1760","ASV2869",5.7e-05,0.00057,5.7e-05
"1761","ASV287",0.0244224215781676,0.0172827053896913,0.00172827053896913
"1762","ASV2870",3.42857142857143e-05,0.000342857142857143,3.42857142857143e-05
"1763","ASV2871",5.71428571428571e-05,0.000571428571428571,5.71428571428571e-05
"1764","ASV2872",0.000154761904761905,0.000792159493556032,7.92159493556032e-05
"1765","ASV2873",0.00012984126984127,0.000643015497215585,6.43015497215585e-05
"1766","ASV2874",0.000100571428571429,0.000575060320570262,5.75060320570262e-05
"1767","ASV2875",0.000162619047619048,0.000831645063708464,8.31645063708464e-05
"1768","ASV2876",0.000175809523809524,0.000915154529476907,9.15154529476907e-05
"1769","ASV2877",0,0,0
"1770","ASV2878",0.000124333333333333,0.0007254992475869,7.254992475869e-05
"1771","ASV2879",0.000170649350649351,0.000748057793521066,7.48057793521066e-05
"1772","ASV288",0.0405041851028632,0.0245216401198446,0.00245216401198446
"1773","ASV2881",0,0,0
"1774","ASV2883",0.000203015873015873,0.00116479770984019,0.000116479770984019
"1775","ASV2884",0,0,0
"1776","ASV2885",7.22222222222222e-05,0.000508163804963417,5.08163804963417e-05
"1777","ASV2886",0.000145659340659341,0.00106894498132991,0.000106894498132991
"1778","ASV2887",3.63636363636364e-05,0.000363636363636364,3.63636363636364e-05
"1779","ASV2888",0,0,0
"1780","ASV2889",0.000120666666666667,0.000913138665385615,9.13138665385615e-05
"1781","ASV289",0.106282739108067,0.0397568613770198,0.00397568613770198
"1782","ASV2890",0,0,0
"1783","ASV2892",0,0,0
"1784","ASV2893",0,0,0
"1785","ASV2894",5.33333333333333e-05,0.000533333333333333,5.33333333333333e-05
"1786","ASV2895",0,0,0
"1787","ASV2896",0,0,0
"1788","ASV2897",0,0,0
"1789","ASV2898",4e-05,4e-04,4e-05
"1790","ASV2899",0,0,0
"1791","ASV29",0.368807429070518,0.0659695040087583,0.00659695040087583
"1792","ASV290",0.0367857282361855,0.0215170060142453,0.00215170060142453
"1793","ASV2900",3.6e-05,0.00036,3.6e-05
"1794","ASV2901",5.33333333333333e-05,0.000533333333333333,5.33333333333333e-05
"1795","ASV2902",0,0,0
"1796","ASV2903",3.33333333333333e-05,0.000333333333333333,3.33333333333333e-05
"1797","ASV2904",0,0,0
"1798","ASV2905",0,0,0
"1799","ASV2906",0,0,0
"1800","ASV2908",0,0,0
"1801","ASV2910",0,0,0
"1802","ASV2911",0,0,0
"1803","ASV2912",0,0,0
"1804","ASV2913",8.88888888888889e-05,0.000637991611169132,6.37991611169132e-05
"1805","ASV2914",0,0,0
"1806","ASV2915",0,0,0
"1807","ASV2917",0.000135238095238095,0.00095153208923393,9.5153208923393e-05
"1808","ASV2918",0,0,0
"1809","ASV2919",0,0,0
"1810","ASV292",0.0429766681084011,0.0220683230343751,0.00220683230343751
"1811","ASV2920",0,0,0
"1812","ASV2921",0,0,0
"1813","ASV2922",0,0,0
"1814","ASV2923",3.2e-05,0.00032,3.2e-05
"1815","ASV2924",0,0,0
"1816","ASV2925",0,0,0
"1817","ASV2926",0,0,0
"1818","ASV2927",0,0,0
"1819","ASV2928",0,0,0
"1820","ASV293",0.00293655287296571,0.0051838825982943,0.00051838825982943
"1821","ASV2930",0,0,0
"1822","ASV2931",0,0,0
"1823","ASV2932",3.63636363636364e-05,0.000363636363636364,3.63636363636364e-05
"1824","ASV2933",0,0,0
"1825","ASV2935",0.000107919191919192,0.000616772805002386,6.16772805002386e-05
"1826","ASV2937",6e-05,6e-04,6e-05
"1827","ASV2939",0,0,0
"1828","ASV294",0.18414172019999,0.043761976404609,0.0043761976404609
"1829","ASV2940",0,0,0
"1830","ASV2941",3.5e-05,0.00035,3.5e-05
"1831","ASV2942",0,0,0
"1832","ASV2943",0,0,0
"1833","ASV2945",0.000146666666666667,0.000921522187761356,9.21522187761356e-05
"1834","ASV2946",0,0,0
"1835","ASV2947",0,0,0
"1836","ASV2948",0,0,0
"1837","ASV295",0.00363394061792144,0.00599145815621643,0.000599145815621643
"1838","ASV2950",0,0,0
"1839","ASV2951",3.33333333333333e-05,0.000333333333333333,3.33333333333333e-05
"1840","ASV2952",0,0,0
"1841","ASV2953",7.5e-05,0.00075,7.5e-05
"1842","ASV2954",3.42857142857143e-05,0.000342857142857143,3.42857142857143e-05
"1843","ASV2955",0,0,0
"1844","ASV2958",0,0,0
"1845","ASV296",0.000486310053118237,0.00216424897845442,0.000216424897845442
"1846","ASV2960",0,0,0
"1847","ASV2961",0,0,0
"1848","ASV2962",7e-05,0.000493037949607418,4.93037949607418e-05
"1849","ASV2963",0,0,0
"1850","ASV2964",4.8e-05,0.00048,4.8e-05
"1851","ASV2966",0,0,0
"1852","ASV2968",0,0,0
"1853","ASV2969",8e-05,0.000593870675609636,5.93870675609636e-05
"1854","ASV297",0.0583865731800827,0.02661507620365,0.002661507620365
"1855","ASV2970",3.6e-05,0.00036,3.6e-05
"1856","ASV2971",0,0,0
"1857","ASV2972",0,0,0
"1858","ASV2973",0,0,0
"1859","ASV2975",0.000107,0.000812435545228983,8.12435545228983e-05
"1860","ASV2976",5.71428571428571e-05,0.000571428571428571,5.71428571428571e-05
"1861","ASV2978",0,0,0
"1862","ASV2979",0.000122,0.000952145901730306,9.52145901730306e-05
"1863","ASV298",0.00847102399504446,0.0103949117411432,0.00103949117411432
"1864","ASV2980",0,0,0
"1865","ASV2981",0,0,0
"1866","ASV2982",0,0,0
"1867","ASV2983",0,0,0
"1868","ASV2984",0,0,0
"1869","ASV2985",6e-05,6e-04,6e-05
"1870","ASV2986",0,0,0
"1871","ASV2987",0,0,0
"1872","ASV2989",0,0,0
"1873","ASV2990",0,0,0
"1874","ASV2991",0,0,0
"1875","ASV2992",3.42857142857143e-05,0.000342857142857143,3.42857142857143e-05
"1876","ASV2993",5.5e-05,0.000401355028105864,4.01355028105864e-05
"1877","ASV2994",3.55555555555556e-05,0.000355555555555556,3.55555555555556e-05
"1878","ASV2995",3e-05,3e-04,3e-05
"1879","ASV2996",7.71428571428571e-05,0.000603507920359042,6.03507920359042e-05
"1880","ASV2997",0,0,0
"1881","ASV2999",0,0,0
"1882","ASV300",0.00115869336219336,0.00287378455921018,0.000287378455921018
"1883","ASV3000",0,0,0
"1884","ASV3002",8.62857142857143e-05,0.000619959102527281,6.19959102527281e-05
"1885","ASV3004",0,0,0
"1886","ASV3005",0,0,0
"1887","ASV3006",3.5e-05,0.00035,3.5e-05
"1888","ASV3007",3.42857142857143e-05,0.000342857142857143,3.42857142857143e-05
"1889","ASV3008",0,0,0
"1890","ASV3009",0,0,0
"1891","ASV3010",0,0,0
"1892","ASV3011",0,0,0
"1893","ASV3012",2e-05,2e-04,2e-05
"1894","ASV3013",0,0,0
"1895","ASV3015",3.42857142857143e-05,0.000342857142857143,3.42857142857143e-05
"1896","ASV3016",0,0,0
"1897","ASV3018",0,0,0
"1898","ASV3019",0.000155930735930736,0.000922095265030759,9.22095265030759e-05
"1899","ASV302",0.0104441938340895,0.0115288975691912,0.00115288975691912
"1900","ASV3020",0,0,0
"1901","ASV3021",2.66666666666667e-05,0.000266666666666667,2.66666666666667e-05
"1902","ASV3022",2e-05,2e-04,2e-05
"1903","ASV3023",5.2e-05,0.000375642211029419,3.75642211029419e-05
"1904","ASV3024",0.000132571428571429,0.000814904653255929,8.14904653255929e-05
"1905","ASV3025",0,0,0
"1906","ASV3026",8.35555555555555e-05,0.000594450958144243,5.94450958144243e-05
"1907","ASV3027",0,0,0
"1908","ASV3028",5.71428571428571e-05,0.000571428571428571,5.71428571428571e-05
"1909","ASV3029",0,0,0
"1910","ASV303",0.0360841546659171,0.0201637792012808,0.00201637792012808
"1911","ASV3030",0,0,0
"1912","ASV3031",3.5e-05,0.00035,3.5e-05
"1913","ASV3032",0.000217647907647908,0.00101939016590763,0.000101939016590763
"1914","ASV3033",2e-05,2e-04,2e-05
"1915","ASV3034",5.7e-05,0.00057,5.7e-05
"1916","ASV3035",2.76923076923077e-05,0.000276923076923077,2.76923076923077e-05
"1917","ASV3036",0.000131111111111111,0.000775671349959198,7.75671349959198e-05
"1918","ASV3037",5.33333333333333e-05,0.000533333333333333,5.33333333333333e-05
"1919","ASV3038",0,0,0
"1920","ASV3039",0.000111,0.000828640727061768,8.28640727061768e-05
"1921","ASV304",0.00529286468957225,0.00757642371631807,0.000757642371631807
"1922","ASV3040",0,0,0
"1923","ASV3041",2.66666666666667e-05,0.000266666666666667,2.66666666666667e-05
"1924","ASV3042",0,0,0
"1925","ASV3043",0,0,0
"1926","ASV3044",0,0,0
"1927","ASV3045",3.66666666666667e-05,0.000366666666666667,3.66666666666667e-05
"1928","ASV3046",3.2e-05,0.00032,3.2e-05
"1929","ASV3047",3.2e-05,0.00032,3.2e-05
"1930","ASV3048",3.33333333333333e-05,0.000333333333333333,3.33333333333333e-05
"1931","ASV3049",0,0,0
"1932","ASV305",0.00348056133581648,0.00557884382618601,0.000557884382618601
"1933","ASV3050",7.33333333333333e-05,0.000567705524272542,5.67705524272542e-05
"1934","ASV3051",2e-05,2e-04,2e-05
"1935","ASV3052",9.22222222222222e-05,0.00053089016719294,5.3089016719294e-05
"1936","ASV3053",7.5e-05,0.00075,7.5e-05
"1937","ASV3054",3.33333333333333e-05,0.000333333333333333,3.33333333333333e-05
"1938","ASV3055",0,0,0
"1939","ASV3056",5.71428571428571e-05,0.000571428571428571,5.71428571428571e-05
"1940","ASV3057",0,0,0
"1941","ASV3058",0,0,0
"1942","ASV3059",3e-05,3e-04,3e-05
"1943","ASV3060",3e-05,3e-04,3e-05
"1944","ASV3061",4e-05,4e-04,4e-05
"1945","ASV3062",3.2e-05,0.00032,3.2e-05
"1946","ASV3063",6.22222222222222e-05,0.000622222222222222,6.22222222222222e-05
"1947","ASV3064",2.66666666666667e-05,0.000266666666666667,2.66666666666667e-05
"1948","ASV3065",0,0,0
"1949","ASV3066",5.33333333333333e-05,0.000375214117696772,3.75214117696772e-05
"1950","ASV3067",0.000102222222222222,0.000752379937611321,7.52379937611321e-05
"1951","ASV3068",0,0,0
"1952","ASV3069",0,0,0
"1953","ASV307",0.0905485713702669,0.0363013469186213,0.00363013469186213
"1954","ASV3070",0,0,0
"1955","ASV3071",3.2e-05,0.00032,3.2e-05
"1956","ASV3072",0,0,0
"1957","ASV3073",3.6e-05,0.00036,3.6e-05
"1958","ASV3074",8.25054945054945e-05,0.000588317029976936,5.88317029976936e-05
"1959","ASV3075",0,0,0
"1960","ASV3076",0,0,0
"1961","ASV3077",9.86666666666667e-05,0.000736569535166016,7.36569535166016e-05
"1962","ASV3079",3e-05,3e-04,3e-05
"1963","ASV308",0.0117735449396552,0.0113601838801855,0.00113601838801855
"1964","ASV3080",0,0,0
"1965","ASV3081",0,0,0
"1966","ASV3082",0,0,0
"1967","ASV3083",0.000101604278074866,0.00101604278074866,0.000101604278074866
"1968","ASV3084",9.76923076923077e-05,0.000737646451878162,7.37646451878162e-05
"1969","ASV3085",3e-05,3e-04,3e-05
"1970","ASV3086",0.000117142857142857,0.00082438110441621,8.2438110441621e-05
"1971","ASV3087",8e-05,8e-04,8e-05
"1972","ASV3088",0,0,0
"1973","ASV3089",0,0,0
"1974","ASV309",0.00845410978962857,0.00963659861474595,0.000963659861474595
"1975","ASV3091",0,0,0
"1976","ASV3092",0,0,0
"1977","ASV3093",0,0,0
"1978","ASV3094",0,0,0
"1979","ASV3095",0,0,0
"1980","ASV3096",0,0,0
"1981","ASV3097",0,0,0
"1982","ASV3098",6.85714285714286e-05,0.000685714285714286,6.85714285714286e-05
"1983","ASV3099",0,0,0
"1984","ASV31",0.0802073870818492,0.030545200559678,0.0030545200559678
"1985","ASV310",0.0353712625499924,0.0210400889507996,0.00210400889507996
"1986","ASV3100",0,0,0
"1987","ASV3101",3.55555555555556e-05,0.000355555555555556,3.55555555555556e-05
"1988","ASV3106",6.75555555555556e-05,0.000475942446227705,4.75942446227705e-05
"1989","ASV3107",0,0,0
"1990","ASV3108",0,0,0
"1991","ASV3109",3.33333333333333e-05,0.000333333333333333,3.33333333333333e-05
"1992","ASV311",0.00967189222792732,0.0116368489620472,0.00116368489620472
"1993","ASV3110",0,0,0
"1994","ASV3113",0,0,0
"1995","ASV3114",3.33333333333333e-05,0.000333333333333333,3.33333333333333e-05
"1996","ASV3116",6e-05,6e-04,6e-05
"1997","ASV3117",0,0,0
"1998","ASV3119",6.85714285714286e-05,0.000685714285714286,6.85714285714286e-05
"1999","ASV312",0.016715174333795,0.0102591304008855,0.00102591304008855
"2000","ASV3120",5.71428571428571e-05,0.000571428571428571,5.71428571428571e-05
"2001","ASV3121",0,0,0
"2002","ASV3122",9.31428571428571e-05,0.000672290687194947,6.72290687194947e-05
"2003","ASV3123",0,0,0
"2004","ASV3124",0,0,0
"2005","ASV3125",0,0,0
"2006","ASV3126",0,0,0
"2007","ASV3127",5.33333333333333e-05,0.000533333333333333,5.33333333333333e-05
"2008","ASV3128",3.63636363636364e-05,0.000363636363636364,3.63636363636364e-05
"2009","ASV3129",0,0,0
"2010","ASV313",0.135385552526993,0.0420189896346085,0.00420189896346085
"2011","ASV3130",0,0,0
"2012","ASV3132",3.55555555555556e-05,0.000355555555555556,3.55555555555556e-05
"2013","ASV3133",0,0,0
"2014","ASV3134",0,0,0
"2015","ASV3135",0,0,0
"2016","ASV3136",0,0,0
"2017","ASV3138",0,0,0
"2018","ASV3139",3.5e-05,0.00035,3.5e-05
"2019","ASV3140",2e-05,2e-04,2e-05
"2020","ASV3141",0,0,0
"2021","ASV3144",6.75555555555556e-05,0.000475942446227705,4.75942446227705e-05
"2022","ASV3145",0,0,0
"2023","ASV3146",0,0,0
"2024","ASV3147",0,0,0
"2025","ASV3149",0,0,0
"2026","ASV3150",2e-05,2e-04,2e-05
"2027","ASV3153",0,0,0
"2028","ASV3155",0,0,0
"2029","ASV3156",3e-05,3e-04,3e-05
"2030","ASV3157",0,0,0
"2031","ASV3158",0,0,0
"2032","ASV3159",0,0,0
"2033","ASV316",0.000282177443329617,0.00163290244755261,0.000163290244755261
"2034","ASV3161",0,0,0
"2035","ASV3162",0,0,0
"2036","ASV3163",3.5e-05,0.00035,3.5e-05
"2037","ASV3164",0,0,0
"2038","ASV3165",0.00013,0.000917341349506906,9.17341349506906e-05
"2039","ASV3166",3.63636363636364e-05,0.000363636363636364,3.63636363636364e-05
"2040","ASV3167",3.66666666666667e-05,0.000366666666666667,3.66666666666667e-05
"2041","ASV3169",0,0,0
"2042","ASV317",0.0391587841774145,0.0218482831788479,0.00218482831788479
"2043","ASV3170",6e-05,6e-04,6e-05
"2044","ASV3171",2e-05,2e-04,2e-05
"2045","ASV3172",0,0,0
"2046","ASV3173",0,0,0
"2047","ASV3174",0,0,0
"2048","ASV3176",0,0,0
"2049","ASV3178",0,0,0
"2050","ASV3179",0,0,0
"2051","ASV318",0.00331116841802997,0.00729306396579061,0.000729306396579061
"2052","ASV3181",0,0,0
"2053","ASV3182",0,0,0
"2054","ASV3183",0,0,0
"2055","ASV3184",0,0,0
"2056","ASV3185",0.000191444444444444,0.0010563861756426,0.00010563861756426
"2057","ASV3187",6.85714285714286e-05,0.000685714285714286,6.85714285714286e-05
"2058","ASV3188",0,0,0
"2059","ASV3189",0,0,0
"2060","ASV3191",3e-05,3e-04,3e-05
"2061","ASV3192",3.55555555555556e-05,0.000355555555555556,3.55555555555556e-05
"2062","ASV3194",3.5e-05,0.00035,3.5e-05
"2063","ASV3195",0,0,0
"2064","ASV3196",3.55555555555556e-05,0.000355555555555556,3.55555555555556e-05
"2065","ASV3197",3.33333333333333e-05,0.000333333333333333,3.33333333333333e-05
"2066","ASV3199",0,0,0
"2067","ASV32",0.0346275132183845,0.0194950601871819,0.00194950601871819
"2068","ASV320",0.00354338203487334,0.00564435134909311,0.000564435134909311
"2069","ASV3200",0,0,0
"2070","ASV3201",0,0,0
"2071","ASV3202",2e-05,2e-04,2e-05
"2072","ASV3203",0,0,0
"2073","ASV3204",0,0,0
"2074","ASV3205",3.6e-05,0.00036,3.6e-05
"2075","ASV3206",0,0,0
"2076","ASV3207",0,0,0
"2077","ASV3208",0,0,0
"2078","ASV3209",0,0,0
"2079","ASV321",0.00254977240647957,0.00563782309081856,0.000563782309081855
"2080","ASV3210",0,0,0
"2081","ASV3211",3.5e-05,0.00035,3.5e-05
"2082","ASV3213",7.19191919191919e-05,0.000719191919191919,7.19191919191919e-05
"2083","ASV3214",0,0,0
"2084","ASV3215",3.63636363636364e-05,0.000363636363636364,3.63636363636364e-05
"2085","ASV3217",3.55555555555556e-05,0.000355555555555556,3.55555555555556e-05
"2086","ASV3218",0,0,0
"2087","ASV3219",0,0,0
"2088","ASV322",0.0113984306681936,0.0112560831233767,0.00112560831233767
"2089","ASV3220",3.55555555555556e-05,0.000355555555555556,3.55555555555556e-05
"2090","ASV3222",5.33333333333333e-05,0.000533333333333333,5.33333333333333e-05
"2091","ASV3223",0,0,0
"2092","ASV3225",3.69230769230769e-05,0.000369230769230769,3.69230769230769e-05
"2093","ASV3226",3.55555555555556e-05,0.000355555555555556,3.55555555555556e-05
"2094","ASV3227",0,0,0
"2095","ASV3228",8.88888888888889e-05,0.000888888888888889,8.88888888888889e-05
"2096","ASV3229",0,0,0
"2097","ASV323",3.66666666666667e-05,0.000366666666666667,3.66666666666667e-05
"2098","ASV3230",0,0,0
"2099","ASV3231",0,0,0
"2100","ASV3232",0,0,0
"2101","ASV3233",0,0,0
"2102","ASV3234",4.8e-05,0.00048,4.8e-05
"2103","ASV3235",8.35555555555555e-05,0.000594450958144243,5.94450958144243e-05
"2104","ASV3236",0,0,0
"2105","ASV3237",3.42857142857143e-05,0.000342857142857143,3.42857142857143e-05
"2106","ASV3238",0,0,0
"2107","ASV324",0.0101511725488134,0.0112521866552517,0.00112521866552517
"2108","ASV3240",0,0,0
"2109","ASV3241",0.000116363636363636,0.000875416731406923,8.75416731406923e-05
"2110","ASV3242",0,0,0
"2111","ASV3243",0,0,0
"2112","ASV3244",0,0,0
"2113","ASV3245",0,0,0
"2114","ASV3246",3.5e-05,0.00035,3.5e-05
"2115","ASV3247",0,0,0
"2116","ASV3248",2e-05,2e-04,2e-05
"2117","ASV3249",3.55555555555556e-05,0.000355555555555556,3.55555555555556e-05
"2118","ASV3250",3.5e-05,0.00035,3.5e-05
"2119","ASV3252",5.33333333333333e-05,0.000533333333333333,5.33333333333333e-05
"2120","ASV3253",0,0,0
"2121","ASV3254",0,0,0
"2122","ASV3255",6.4e-05,0.000456593545228502,4.56593545228502e-05
"2123","ASV3256",0,0,0
"2124","ASV3258",5.33333333333333e-05,0.000533333333333333,5.33333333333333e-05
"2125","ASV3259",0,0,0
"2126","ASV326",0.00810097112039036,0.00971510754847998,0.000971510754847998
"2127","ASV3260",7.2e-05,0.000506539058890643,5.06539058890643e-05
"2128","ASV3261",0,0,0
"2129","ASV3263",0,0,0
"2130","ASV3264",3.66666666666667e-05,0.000366666666666667,3.66666666666667e-05
"2131","ASV3265",0.000172307692307692,0.00121538166474517,0.000121538166474517
"2132","ASV3266",0,0,0
"2133","ASV3267",3.42857142857143e-05,0.000342857142857143,3.42857142857143e-05
"2134","ASV3269",3.63636363636364e-05,0.000363636363636364,3.63636363636364e-05
"2135","ASV327",0.0377326827506829,0.0199497698281767,0.00199497698281767
"2136","ASV3272",0,0,0
"2137","ASV3273",0,0,0
"2138","ASV3274",0,0,0
"2139","ASV3275",0,0,0
"2140","ASV3276",7.30303030303031e-05,0.000513792026708784,5.13792026708784e-05
"2141","ASV3277",3e-05,3e-04,3e-05
"2142","ASV3278",3.55555555555556e-05,0.000355555555555556,3.55555555555556e-05
"2143","ASV328",0.01231195604486,0.0106502438426598,0.00106502438426598
"2144","ASV3280",0,0,0
"2145","ASV3281",9.87878787878788e-05,0.000731527955500406,7.31527955500406e-05
"2146","ASV3282",6.83636363636364e-05,0.000481955002490978,4.81955002490978e-05
"2147","ASV3283",5.71428571428571e-05,0.000571428571428571,5.71428571428571e-05
"2148","ASV3284",0,0,0
"2149","ASV3285",0,0,0
"2150","ASV3287",3.63636363636364e-05,0.000363636363636364,3.63636363636364e-05
"2151","ASV3288",0,0,0
"2152","ASV3289",0,0,0
"2153","ASV329",0.0105369311918171,0.010748669544131,0.0010748669544131
"2154","ASV3290",0,0,0
"2155","ASV3291",0,0,0
"2156","ASV3292",0,0,0
"2157","ASV3293",0,0,0
"2158","ASV3294",0,0,0
"2159","ASV3295",0,0,0
"2160","ASV3296",0,0,0
"2161","ASV3297",0,0,0
"2162","ASV3298",0,0,0
"2163","ASV3299",0,0,0
"2164","ASV33",0.0347227201020813,0.0212980849759552,0.00212980849759552
"2165","ASV330",0.00903605310732252,0.00984486601702132,0.000984486601702132
"2166","ASV3300",0,0,0
"2167","ASV3301",3.33333333333333e-05,0.000333333333333333,3.33333333333333e-05
"2168","ASV3303",3.33333333333333e-05,0.000333333333333333,3.33333333333333e-05
"2169","ASV3304",6.22222222222222e-05,0.000622222222222222,6.22222222222222e-05
"2170","ASV3305",3.6e-05,0.00036,3.6e-05
"2171","ASV3306",0,0,0
"2172","ASV3308",0,0,0
"2173","ASV3309",0,0,0
"2174","ASV3310",0,0,0
"2175","ASV3311",0,0,0
"2176","ASV3312",0,0,0
"2177","ASV3313",0,0,0
"2178","ASV3314",0,0,0
"2179","ASV3315",0.000128333333333333,0.000915894991996155,9.15894991996155e-05
"2180","ASV3316",6e-05,6e-04,6e-05
"2181","ASV3317",3.6e-05,0.00036,3.6e-05
"2182","ASV3318",0,0,0
"2183","ASV332",0.00952834292826869,0.0116141804696008,0.00116141804696008
"2184","ASV3321",3.2e-05,0.00032,3.2e-05
"2185","ASV3322",0,0,0
"2186","ASV3323",6.4e-05,0.00064,6.4e-05
"2187","ASV3324",0,0,0
"2188","ASV3325",0,0,0
"2189","ASV3326",0,0,0
"2190","ASV3327",0,0,0
"2191","ASV333",0.0384459772768653,0.0211606743991586,0.00211606743991586
"2192","ASV3330",6.66666666666667e-05,0.000666666666666667,6.66666666666667e-05
"2193","ASV3331",0,0,0
"2194","ASV3332",0,0,0
"2195","ASV3333",0,0,0
"2196","ASV3334",0,0,0
"2197","ASV3335",0,0,0
"2198","ASV3336",0,0,0
"2199","ASV3337",0,0,0
"2200","ASV3338",0,0,0
"2201","ASV3339",0,0,0
"2202","ASV3341",5.09090909090909e-05,0.000509090909090909,5.09090909090909e-05
"2203","ASV3342",0,0,0
"2204","ASV3343",0,0,0
"2205","ASV3344",0,0,0
"2206","ASV3345",6e-05,6e-04,6e-05
"2207","ASV3346",0,0,0
"2208","ASV3347",0,0,0
"2209","ASV3348",0,0,0
"2210","ASV3349",0,0,0
"2211","ASV335",0.00219571762849256,0.00533311072696219,0.000533311072696219
"2212","ASV3351",0,0,0
"2213","ASV3352",0,0,0
"2214","ASV3353",9e-05,9e-04,9e-05
"2215","ASV3354",0,0,0
"2216","ASV3356",0,0,0
"2217","ASV3358",3.33333333333333e-05,0.000333333333333333,3.33333333333333e-05
"2218","ASV3359",0,0,0
"2219","ASV336",0.00441056096560444,0.00606730280161614,0.000606730280161614
"2220","ASV3360",6.22222222222222e-05,0.000622222222222222,6.22222222222222e-05
"2221","ASV3362",0,0,0
"2222","ASV3363",0,0,0
"2223","ASV3364",5.71428571428571e-05,0.000571428571428571,5.71428571428571e-05
"2224","ASV3365",0,0,0
"2225","ASV3366",4.8e-05,0.00048,4.8e-05
"2226","ASV3367",8.66666666666667e-05,0.000626070351715699,6.26070351715699e-05
"2227","ASV3368",3.33333333333333e-05,0.000333333333333333,3.33333333333333e-05
"2228","ASV3369",2.66666666666667e-05,0.000266666666666667,2.66666666666667e-05
"2229","ASV337",0.00886070912662964,0.00970626728022345,0.000970626728022345
"2230","ASV3370",0,0,0
"2231","ASV3371",0,0,0
"2232","ASV3372",0,0,0
"2233","ASV3373",0,0,0
"2234","ASV3374",2.66666666666667e-05,0.000266666666666667,2.66666666666667e-05
"2235","ASV3375",0,0,0
"2236","ASV3376",0,0,0
"2237","ASV3377",0,0,0
"2238","ASV3378",0,0,0
"2239","ASV3379",3e-05,3e-04,3e-05
"2240","ASV338",0.00795461332473333,0.00940698064952363,0.000940698064952363
"2241","ASV3380",6e-05,6e-04,6e-05
"2242","ASV3382",0,0,0
"2243","ASV3384",0,0,0
"2244","ASV3385",0,0,0
"2245","ASV3386",0,0,0
"2246","ASV3387",3.42857142857143e-05,0.000342857142857143,3.42857142857143e-05
"2247","ASV3388",3.33333333333333e-05,0.000333333333333333,3.33333333333333e-05
"2248","ASV340",0.0291197996268146,0.0183490119238169,0.00183490119238169
"2249","ASV341",0.011755035680707,0.0124571549467696,0.00124571549467696
"2250","ASV342",0.0106986679472993,0.0100749493767547,0.00100749493767547
"2251","ASV343",0.0387065099762937,0.0230313430261743,0.00230313430261743
"2252","ASV344",0.00351866452359803,0.00613995552885167,0.000613995552885167
"2253","ASV345",0.00294614651487966,0.0058555152228475,0.000585551522284751
"2254","ASV346",0.00954510340644235,0.0111450483625361,0.00111450483625361
"2255","ASV347",0.0397173206301707,0.0213528595321157,0.00213528595321157
"2256","ASV348",0.00180906822887258,0.00417247080535651,0.000417247080535651
"2257","ASV349",0.0353454577866907,0.0212970800191533,0.00212970800191533
"2258","ASV350",0.0409384590565729,0.0224401465778078,0.00224401465778078
"2259","ASV353",0.000285698412698413,0.00174390898837845,0.000174390898837845
"2260","ASV354",0.00217911161969602,0.00517828779735895,0.000517828779735895
"2261","ASV355",0.0372709881387439,0.0225401149917454,0.00225401149917454
"2262","ASV356",0.00959141831847129,0.0112089790886531,0.00112089790886531
"2263","ASV357",0.000562581196581197,0.002102947801585,0.0002102947801585
"2264","ASV359",0.0263434697664579,0.0170716382955936,0.00170716382955936
"2265","ASV360",0.0106884720921307,0.0106465583246609,0.00106465583246609
"2266","ASV361",0.0271622212018101,0.0161842519446324,0.00161842519446324
"2267","ASV362",0.00238887280847807,0.00467475890164125,0.000467475890164125
"2268","ASV363",0.0244595142660244,0.0155789222908603,0.00155789222908603
"2269","ASV364",0.0124903846832338,0.0115782865037874,0.00115782865037874
"2270","ASV365",0.0105651854478586,0.0107186533059921,0.00107186533059921
"2271","ASV366",0.00243464136176412,0.00434171890907272,0.000434171890907272
"2272","ASV367",0.00126839740935393,0.00310158963459854,0.000310158963459854
"2273","ASV368",0.000173233766233766,0.000705343536352467,7.05343536352467e-05
"2274","ASV369",0.000639582417582418,0.00222833350442889,0.000222833350442889
"2275","ASV370",0.0390606588505436,0.0232434963246519,0.00232434963246519
"2276","ASV371",0.0361918145134998,0.0201360291939256,0.00201360291939256
"2277","ASV372",0.0109930373648502,0.0120942011391682,0.00120942011391682
"2278","ASV374",0.00177689408254807,0.00464142970702964,0.000464142970702964
"2279","ASV375",0.0388326811874908,0.0242816774655993,0.00242816774655993
"2280","ASV376",0.00243477861027861,0.00477352442667568,0.000477352442667568
"2281","ASV377",0.00024047619047619,0.0010962806381331,0.00010962806381331
"2282","ASV378",0.00488001720615276,0.00691741446246572,0.000691741446246572
"2283","ASV379",0.00384733974456766,0.00685172533021989,0.000685172533021989
"2284","ASV38",0.14727124380401,0.047513417120599,0.0047513417120599
"2285","ASV380",0.0348864260019426,0.0188651502182364,0.00188651502182364
"2286","ASV381",0.00134497520141126,0.002948366762543,0.0002948366762543
"2287","ASV383",0.00258982257305369,0.00469724643469503,0.000469724643469503
"2288","ASV384",0.000816020091020091,0.00259274182070371,0.000259274182070371
"2289","ASV385",0.00540428560314366,0.00873145997793561,0.000873145997793562
"2290","ASV387",0.00363786276766712,0.00506704753087828,0.000506704753087828
"2291","ASV388",0.0221188749503589,0.0151593380346597,0.00151593380346597
"2292","ASV389",0.000244333333333333,0.0011642452505237,0.00011642452505237
"2293","ASV39",0.0395870709504372,0.0243721339727575,0.00243721339727575
"2294","ASV390",0.000674764790764791,0.00213170651940275,0.000213170651940275
"2295","ASV391",0.000971353955985535,0.00279037991778219,0.000279037991778219
"2296","ASV392",5.7e-05,0.00057,5.7e-05
"2297","ASV393",9.9e-05,0.000726343408777658,7.26343408777658e-05
"2298","ASV394",0.090228757380637,0.0338955083103413,0.00338955083103413
"2299","ASV395",0.00344883551049839,0.00526588500497286,0.000526588500497286
"2300","ASV396",0.0959529212239444,0.0325262837008286,0.00325262837008286
"2301","ASV397",0.0947287588189753,0.0358739360621757,0.00358739360621757
"2302","ASV398",0.00256905823829481,0.0054287952914222,0.00054287952914222
"2303","ASV399",0.039130372077615,0.0201401311270115,0.00201401311270115
"2304","ASV400",0.00721981661489973,0.0088944587070032,0.00088944587070032
"2305","ASV401",0.0114901937644369,0.0115790478005839,0.00115790478005839
"2306","ASV403",0.0360267548965071,0.0222397420593814,0.00222397420593814
"2307","ASV405",0.000696131757131757,0.00260863191407166,0.000260863191407166
"2308","ASV406",0.0348035341181709,0.0203514525069349,0.00203514525069349
"2309","ASV408",0.0050534915446872,0.00699254878493172,0.000699254878493172
"2310","ASV409",0.00287716778050026,0.00495802597291259,0.000495802597291258
"2311","ASV41",0.0310099715770836,0.0180859523492327,0.00180859523492327
"2312","ASV410",0.00947638431772831,0.00978176193722822,0.000978176193722822
"2313","ASV411",0.000999643023643024,0.00262446311396164,0.000262446311396164
"2314","ASV413",0.016550700817407,0.0145848126050965,0.00145848126050965
"2315","ASV414",0.00224522343291384,0.00442664790287573,0.000442664790287573
"2316","ASV415",0.0032828111265053,0.00582116891919784,0.000582116891919784
"2317","ASV416",0.00196874389645442,0.00399801395833402,0.000399801395833402
"2318","ASV418",0.0911427209165448,0.0293387288645599,0.00293387288645599
"2319","ASV419",0.0550519424971463,0.0288453087604626,0.00288453087604626
"2320","ASV420",0.000565819624819625,0.00183462773132974,0.000183462773132974
"2321","ASV421",0,0,0
"2322","ASV422",0.00774193052557888,0.00945488998661315,0.000945488998661315
"2323","ASV423",0.00309840873619134,0.00614802881624133,0.000614802881624133
"2324","ASV424",0.0110909463692034,0.0120741714392827,0.00120741714392827
"2325","ASV425",0.0402425548543364,0.024215418418451,0.0024215418418451
"2326","ASV426",0.0247088755981235,0.016745054806253,0.0016745054806253
"2327","ASV427",0.00075722129919855,0.00269919786633624,0.000269919786633624
"2328","ASV428",0.0134494546646426,0.0123274416271237,0.00123274416271237
"2329","ASV429",0.00194742471296819,0.00427711819515497,0.000427711819515497
"2330","ASV43",0.0798490809164034,0.0327312883558829,0.00327312883558829
"2331","ASV430",0.0027305454802627,0.0047624546967936,0.00047624546967936
"2332","ASV431",0.00776849743195887,0.00888779958174281,0.000888779958174281
"2333","ASV432",0.00804181048454544,0.00922552603859148,0.000922552603859148
"2334","ASV433",0.00064889898989899,0.00217071387935951,0.000217071387935951
"2335","ASV434",0.00255064468537998,0.00528948608047336,0.000528948608047336
"2336","ASV435",0.00350089308815652,0.00611921601605453,0.000611921601605453
"2337","ASV437",0.000642980676328502,0.00247137676329187,0.000247137676329187
"2338","ASV438",0.00765123428514322,0.007945870635797,0.0007945870635797
"2339","ASV439",0.00199417953189181,0.00432139778844917,0.000432139778844917
"2340","ASV44",0.298592769934581,0.0562681232726585,0.00562681232726585
"2341","ASV440",0.00070008658008658,0.0024314396980845,0.00024314396980845
"2342","ASV441",0.000135238095238095,0.000826553745753817,8.26553745753817e-05
"2343","ASV442",7.19191919191919e-05,0.000506003141962126,5.06003141962126e-05
"2344","ASV443",0.000943248196248196,0.00264372735995267,0.000264372735995267
"2345","ASV444",0.00360792022341787,0.00678791989357,0.000678791989357
"2346","ASV445",0.00301137139984199,0.0056987960603556,0.00056987960603556
"2347","ASV446",0.0116235305839148,0.0116009452528276,0.00116009452528276
"2348","ASV447",0.000940785714285714,0.00247079569800359,0.000247079569800359
"2349","ASV448",0.00237871401815008,0.00445123060767897,0.000445123060767897
"2350","ASV449",0.00206452344147081,0.00465682482938769,0.000465682482938769
"2351","ASV450",0.0261542310055823,0.017212876781881,0.0017212876781881
"2352","ASV451",0.00054523754023754,0.00221363524360012,0.000221363524360012
"2353","ASV452",0.0124970035466097,0.0111603769828041,0.00111603769828041
"2354","ASV453",0.00238622344010068,0.00467554958745281,0.000467554958745281
"2355","ASV454",0.000104888888888889,0.000599771998080942,5.99771998080942e-05
"2356","ASV455",0.00257487586796626,0.0046725529236394,0.00046725529236394
"2357","ASV456",0.0100354822845825,0.0110513817219951,0.00110513817219951
"2358","ASV458",0.0997712476238095,0.0380936159283221,0.00380936159283221
"2359","ASV46",0.0659723754493065,0.0253924055447458,0.00253924055447458
"2360","ASV460",0.00209303191352552,0.0043019937099384,0.00043019937099384
"2361","ASV461",0.00294650518705506,0.0062393248434258,0.00062393248434258
"2362","ASV462",0.00382687424157333,0.00639934625916479,0.000639934625916479
"2363","ASV463",0.000136,0.000671274981665562,6.71274981665562e-05
"2364","ASV464",7.5e-05,0.00075,7.5e-05
"2365","ASV465",0.00039028083028083,0.00172172727960791,0.000172172727960791
"2366","ASV466",0.000679132139812447,0.00245285690470197,0.000245285690470197
"2367","ASV467",0.000748421356421356,0.00256341031929101,0.000256341031929101
"2368","ASV468",0.000398627705627706,0.00204542021348987,0.000204542021348987
"2369","ASV469",0.00632049130188099,0.00728819445889088,0.000728819445889088
"2370","ASV47",0.225748296784711,0.0446494454314914,0.00446494454314914
"2371","ASV470",0.00317884048926201,0.00561179487363552,0.000561179487363552
"2372","ASV471",0.00360558366871309,0.0057429867986969,0.00057429867986969
"2373","ASV473",0.0185115836242503,0.0133921763890982,0.00133921763890982
"2374","ASV475",0.000418920634920635,0.00142504895353785,0.000142504895353785
"2375","ASV476",0.0835383980133924,0.0313853440114004,0.00313853440114004
"2376","ASV477",0.000304415584415584,0.00151608035845889,0.000151608035845889
"2377","ASV478",0.0138927317208076,0.0123832172019033,0.00123832172019033
"2378","ASV479",0.00530228324599377,0.00668619472626272,0.000668619472626272
"2379","ASV48",0.0390402599842926,0.0216244975086138,0.00216244975086138
"2380","ASV480",0.00159659422154549,0.00369069251506277,0.000369069251506277
"2381","ASV481",0.0214168538298945,0.0137088055010395,0.00137088055010395
"2382","ASV482",0.0115776872300461,0.0123728055653994,0.00123728055653994
"2383","ASV483",5.33333333333333e-05,0.000533333333333333,5.33333333333333e-05
"2384","ASV484",0.0902540372701288,0.0355043990842823,0.00355043990842823
"2385","ASV485",0.0279973916159221,0.0192480474932303,0.00192480474932303
"2386","ASV486",0.088905756986166,0.0355068402975451,0.00355068402975451
"2387","ASV487",0.00421528217316702,0.00655173722760247,0.000655173722760247
"2388","ASV489",0.000192,0.00119997306367074,0.000119997306367074
"2389","ASV49",0.0386737859654442,0.0250358569132227,0.00250358569132227
"2390","ASV490",0,0,0
"2391","ASV491",0.006734771259842,0.00795694429166747,0.000795694429166747
"2392","ASV492",3.69230769230769e-05,0.000369230769230769,3.69230769230769e-05
"2393","ASV494",0.0057124343285153,0.00807553027614861,0.000807553027614861
"2394","ASV495",0.00232263482167165,0.00519273596009784,0.000519273596009784
"2395","ASV496",0.000711012138188609,0.00266859030611945,0.000266859030611945
"2396","ASV497",0.0105161511375883,0.0101354762488053,0.00101354762488053
"2397","ASV498",0.000768117216117216,0.00245796790361695,0.000245796790361695
"2398","ASV499",5.33333333333333e-05,0.000533333333333333,5.33333333333333e-05
"2399","ASV50",0.257673561083195,0.05101213541577,0.005101213541577
"2400","ASV500",0.00433789907265227,0.0069267847269515,0.00069267847269515
"2401","ASV501",0.00217195500975296,0.00522235995876594,0.000522235995876594
"2402","ASV502",9.01818181818182e-05,0.000901818181818182,9.01818181818182e-05
"2403","ASV504",0.0922121231818644,0.0330951133913127,0.00330951133913127
"2404","ASV505",0.00860633485426196,0.00936322198118027,0.000936322198118027
"2405","ASV506",0.00243343321412887,0.00508020329232053,0.000508020329232053
"2406","ASV507",0.000754145021645022,0.00248255601758478,0.000248255601758478
"2407","ASV508",0.000399428571428571,0.00134315661697852,0.000134315661697852
"2408","ASV509",0.0127787993797635,0.010709439868214,0.0010709439868214
"2409","ASV510",0.000880127674258109,0.00261360916511972,0.000261360916511972
"2410","ASV511",0.00705113314970577,0.00837036142113932,0.000837036142113932
"2411","ASV512",3.6e-05,0.00036,3.6e-05
"2412","ASV513",0.000203174603174603,0.00111098741838819,0.000111098741838819
"2413","ASV514",0.000680822222222222,0.00275694012597513,0.000275694012597513
"2414","ASV515",0.000868952380952381,0.0025473765161316,0.00025473765161316
"2415","ASV517",0.00141593733461764,0.00339650448633608,0.000339650448633608
"2416","ASV518",0.000426505494505494,0.00201794164435401,0.000201794164435401
"2417","ASV519",0.00146878533231474,0.00329974460258633,0.000329974460258633
"2418","ASV520",0.00145480796980797,0.00356922993899944,0.000356922993899944
"2419","ASV522",0.00130230303030303,0.00343514133369728,0.000343514133369728
"2420","ASV523",0.0096013697083267,0.0102710722462811,0.00102710722462811
"2421","ASV524",0,0,0
"2422","ASV525",0.00564383600444813,0.00774040518520859,0.000774040518520859
"2423","ASV526",6.93333333333334e-05,0.000488146359903327,4.88146359903327e-05
"2424","ASV527",0,0,0
"2425","ASV528",0,0,0
"2426","ASV53",0.0392179331352514,0.0234122608187536,0.00234122608187537
"2427","ASV530",0.000313222222222222,0.00135885662253732,0.000135885662253732
"2428","ASV531",0.00188900752580753,0.00399069425628564,0.000399069425628564
"2429","ASV532",0,0,0
"2430","ASV533",0.00272727697749821,0.00462009853347971,0.000462009853347971
"2431","ASV534",0.000335621212121212,0.00161807288408901,0.000161807288408901
"2432","ASV535",0.00169374704039921,0.00420732593169615,0.000420732593169615
"2433","ASV536",0.0129247029995998,0.0121975120715455,0.00121975120715455
"2434","ASV537",0.000930104979561501,0.00257297667935959,0.000257297667935959
"2435","ASV538",0.00786859545101852,0.00863630619310437,0.000863630619310437
"2436","ASV539",6.76190476190476e-05,0.000475766044616965,4.75766044616965e-05
"2437","ASV54",0.149729299182212,0.0415574902016382,0.00415574902016382
"2438","ASV540",0.00030384126984127,0.00142259811844319,0.000142259811844319
"2439","ASV541",0.000230285714285714,0.00117620761681956,0.000117620761681956
"2440","ASV542",0.000963707007967878,0.00291145694875707,0.000291145694875707
"2441","ASV543",0.000810065823065823,0.00226206170132784,0.000226206170132784
"2442","ASV545",0,0,0
"2443","ASV546",8e-05,8e-04,8e-05
"2444","ASV547",9.3030303030303e-05,0.000548663400816169,5.48663400816169e-05
"2445","ASV548",0,0,0
"2446","ASV55",0.114448461303317,0.0344430626278845,0.00344430626278845
"2447","ASV550",0.00259633039183039,0.00364204227003872,0.000364204227003872
"2448","ASV551",3e-05,3e-04,3e-05
"2449","ASV552",0.000153142857142857,0.000894809881929682,8.94809881929681e-05
"2450","ASV553",0.0117703705830416,0.0114619068625452,0.00114619068625452
"2451","ASV554",0.000231666666666667,0.0012548212297945,0.00012548212297945
"2452","ASV555",0.000368333333333333,0.00156567684900514,0.000156567684900514
"2453","ASV556",0.00173184178325227,0.00408106492718763,0.000408106492718763
"2454","ASV557",0.000174285714285714,0.00104792990271975,0.000104792990271975
"2455","ASV558",3.6e-05,0.00036,3.6e-05
"2456","ASV559",0.00316990727294422,0.00591798428187151,0.000591798428187151
"2457","ASV56",0.0849019740804879,0.029739806792004,0.0029739806792004
"2458","ASV560",0.000549490231990232,0.00210585801591728,0.000210585801591728
"2459","ASV561",0.000560238095238095,0.00229679077998707,0.000229679077998707
"2460","ASV562",0,0,0
"2461","ASV563",0,0,0
"2462","ASV564",0.000516452991452991,0.00187239057368928,0.000187239057368928
"2463","ASV565",0,0,0
"2464","ASV566",0.000661686147186147,0.00256051456935616,0.000256051456935616
"2465","ASV567",0,0,0
"2466","ASV568",0.000470063492063492,0.00168691736942224,0.000168691736942224
"2467","ASV57",0.362889529500911,0.0704631695508564,0.00704631695508564
"2468","ASV570",0.00835348173779228,0.0106211224898472,0.00106211224898472
"2469","ASV572",0,0,0
"2470","ASV573",0.00023153823953824,0.000935407147635571,9.35407147635571e-05
"2471","ASV574",0.000965077922077922,0.00282765860404798,0.000282765860404798
"2472","ASV575",0.0115577379398544,0.0102110828601659,0.00102110828601659
"2473","ASV576",0,0,0
"2474","ASV577",0.00420385920826754,0.00563073030141578,0.000563073030141578
"2475","ASV578",0.00183736533458017,0.00422065166553922,0.000422065166553922
"2476","ASV58",0.317177929250239,0.0564438815008287,0.00564438815008288
"2477","ASV580",0.00152120079627974,0.00348811562724253,0.000348811562724253
"2478","ASV582",0.00087731746031746,0.00196954874343387,0.000196954874343387
"2479","ASV583",3.69230769230769e-05,0.000369230769230769,3.69230769230769e-05
"2480","ASV584",0.000132142857142857,0.000938281729325947,9.38281729325947e-05
"2481","ASV585",0.000151428571428571,0.00110679070246354,0.000110679070246354
"2482","ASV586",0.000404571428571429,0.0015672408993959,0.00015672408993959
"2483","ASV587",0.000482851621808144,0.0021755371860366,0.00021755371860366
"2484","ASV588",0,0,0
"2485","ASV589",0.000623746031746032,0.00235550138209138,0.000235550138209138
"2486","ASV59",0.308013407299452,0.0640683263120821,0.00640683263120821
"2487","ASV590",0.000522357142857143,0.00242915973160456,0.000242915973160456
"2488","ASV591",0.00159866700619642,0.00357993524992879,0.000357993524992879
"2489","ASV592",0.0016259424301189,0.00310386035536698,0.000310386035536698
"2490","ASV593",0.00096577086656034,0.00309424500071927,0.000309424500071927
"2491","ASV595",0.00600474004603255,0.00682465170940287,0.000682465170940287
"2492","ASV596",0.000119555555555556,0.000908837764979399,9.08837764979399e-05
"2493","ASV597",0.000186717171717172,0.00113020880895596,0.000113020880895596
"2494","ASV598",0.000186888888888889,0.00095387629440905,9.5387629440905e-05
"2495","ASV599",5.71428571428571e-05,0.000571428571428571,5.71428571428571e-05
"2496","ASV6",0.151467893797472,0.0397765282710324,0.00397765282710324
"2497","ASV60",0.1125330825281,0.0361309042003181,0.00361309042003181
"2498","ASV600",0.000656816239316239,0.00257413305248374,0.000257413305248374
"2499","ASV601",0.000587343434343434,0.0022728709471983,0.00022728709471983
"2500","ASV602",0.000252883116883117,0.00129363300783155,0.000129363300783155
"2501","ASV603",0.000129142857142857,0.000914668750932932,9.14668750932932e-05
"2502","ASV604",0.000547444444444444,0.00173611054382363,0.000173611054382363
"2503","ASV606",0.0207746613648612,0.014921542669226,0.0014921542669226
"2504","ASV607",3.63636363636364e-05,0.000363636363636364,3.63636363636364e-05
"2505","ASV608",0.000166666666666667,0.00121854359168988,0.000121854359168988
"2506","ASV609",0.000287318563789152,0.00145869931999459,0.000145869931999459
"2507","ASV610",0.000179047619047619,0.0010294261853804,0.00010294261853804
"2508","ASV611",8e-05,8e-04,8e-05
"2509","ASV612",0.000768652958152958,0.00239763172615092,0.000239763172615092
"2510","ASV613",0.000251590909090909,0.00149698215704543,0.000149698215704543
"2511","ASV614",3.6e-05,0.00036,3.6e-05
"2512","ASV615",0.000328282717282717,0.00180399165904454,0.000180399165904454
"2513","ASV617",3.55555555555556e-05,0.000355555555555556,3.55555555555556e-05
"2514","ASV618",0.000392,0.00151374485214795,0.000151374485214795
"2515","ASV619",0.00272243322761353,0.00474739953502184,0.000474739953502184
"2516","ASV62",0.105847327468191,0.0382903998943401,0.00382903998943401
"2517","ASV620",0,0,0
"2518","ASV621",0.000228571428571429,0.00130962219229015,0.000130962219229015
"2519","ASV622",0.000722239758110602,0.00273798020082349,0.000273798020082349
"2520","ASV623",3.66666666666667e-05,0.000366666666666667,3.66666666666667e-05
"2521","ASV624",0,0,0
"2522","ASV626",0,0,0
"2523","ASV628",0,0,0
"2524","ASV629",0.000327022617479139,0.00189832368171214,0.000189832368171214
"2525","ASV630",0.000381262626262626,0.00166070942446077,0.000166070942446077
"2526","ASV631",0.00225006484133715,0.00435189329837035,0.000435189329837035
"2527","ASV632",0.000578253968253968,0.00200550865571546,0.000200550865571546
"2528","ASV633",0.000166571428571429,0.000878737639576461,8.78737639576461e-05
"2529","ASV634",0,0,0
"2530","ASV636",0.000172761904761905,0.000873716124776321,8.73716124776321e-05
"2531","ASV637",0,0,0
"2532","ASV638",0.000336438228438228,0.00141898324981093,0.000141898324981093
"2533","ASV639",0,0,0
"2534","ASV64",0.232004331942001,0.0510572600496178,0.00510572600496178
"2535","ASV640",0,0,0
"2536","ASV641",0.000152571428571429,0.00107896604116918,0.000107896604116918
"2537","ASV642",0.00137214413861217,0.00306312037011792,0.000306312037011792
"2538","ASV643",0.000624857142857143,0.00193788437324161,0.000193788437324161
"2539","ASV644",0.00230706821384147,0.00429425833999821,0.000429425833999821
"2540","ASV645",0.00656926238965713,0.00862766926892068,0.000862766926892068
"2541","ASV646",0.00117551587301587,0.0028992233895277,0.00028992233895277
"2542","ASV647",0.000400981518481518,0.00166787305816486,0.000166787305816486
"2543","ASV648",0,0,0
"2544","ASV649",3.5e-05,0.00035,3.5e-05
"2545","ASV650",5.71428571428571e-05,0.000571428571428571,5.71428571428571e-05
"2546","ASV651",0.000321825396825397,0.00159590516445593,0.000159590516445593
"2547","ASV652",0.000598906310086617,0.00226408412187189,0.000226408412187189
"2548","ASV653",3.2e-05,0.00032,3.2e-05
"2549","ASV654",0.000132142857142857,0.000938281729325947,9.38281729325947e-05
"2550","ASV655",0.000122222222222222,0.000946175873787571,9.46175873787571e-05
"2551","ASV656",7.42857142857143e-05,0.000524195056861089,5.24195056861089e-05
"2552","ASV657",6.66666666666667e-05,0.000666666666666667,6.66666666666667e-05
"2553","ASV658",0.00048191341991342,0.00200073995606804,0.000200073995606804
"2554","ASV659",0.000108,0.000764579504160174,7.64579504160174e-05
"2555","ASV66",0.114188862099144,0.0355460532452015,0.00355460532452015
"2556","ASV660",7.5e-05,0.00075,7.5e-05
"2557","ASV661",0.000701815672250455,0.00244406696337964,0.000244406696337964
"2558","ASV662",0,0,0
"2559","ASV663",3.55555555555556e-05,0.000355555555555556,3.55555555555556e-05
"2560","ASV664",0.000173787878787879,0.0010405120322496,0.00010405120322496
"2561","ASV665",0.000995718197261676,0.00322140122971493,0.000322140122971493
"2562","ASV667",0.00221591774891775,0.00373200925687537,0.000373200925687537
"2563","ASV668",0.00125084530544761,0.00334659258674119,0.000334659258674119
"2564","ASV670",0,0,0
"2565","ASV671",0,0,0
"2566","ASV672",2e-05,2e-04,2e-05
"2567","ASV673",0.000122222222222222,0.000946175873787571,9.46175873787571e-05
"2568","ASV674",0.000148333333333333,0.000867448171343009,8.67448171343009e-05
"2569","ASV675",0.000297968253968254,0.00153322176106313,0.000153322176106313
"2570","ASV676",0.00289964390176014,0.00514044219701956,0.000514044219701956
"2571","ASV677",0.000134798534798535,0.00134798534798535,0.000134798534798535
"2572","ASV678",0.000345738200418507,0.00175393491871552,0.000175393491871552
"2573","ASV679",0.000482705794205794,0.00205690009796966,0.000205690009796966
"2574","ASV68",0.0345810041553278,0.0212579934292071,0.00212579934292071
"2575","ASV680",0.000133333333333333,0.00105089347908202,0.000105089347908202
"2576","ASV681",0.000437301587301587,0.00140044347364759,0.000140044347364759
"2577","ASV682",0.000373752380952381,0.00159621457378828,0.000159621457378828
"2578","ASV683",0.00440176208586735,0.00674281956866076,0.000674281956866076
"2579","ASV684",3.2e-05,0.00032,3.2e-05
"2580","ASV685",0,0,0
"2581","ASV686",3.5e-05,0.00035,3.5e-05
"2582","ASV687",0.00041391452991453,0.00177199583761725,0.000177199583761725
"2583","ASV688",3.66666666666667e-05,0.000366666666666667,3.66666666666667e-05
"2584","ASV689",0.00110184637911109,0.00317203163713543,0.000317203163713543
"2585","ASV69",0.0368078017355134,0.0224128511210309,0.00224128511210309
"2586","ASV690",0,0,0
"2587","ASV691",3.2e-05,0.00032,3.2e-05
"2588","ASV692",0.000115714285714286,0.00115714285714286,0.000115714285714286
"2589","ASV693",8e-05,8e-04,8e-05
"2590","ASV694",0.000107897435897436,0.000759137413622467,7.59137413622467e-05
"2591","ASV695",6.8e-05,0.000518131842353475,5.18131842353475e-05
"2592","ASV697",0.000299266511266511,0.00136911241801725,0.000136911241801725
"2593","ASV698",0.000322643467643468,0.00136768845348663,0.000136768845348663
"2594","ASV699",0.000241601731601732,0.00116565982571345,0.000116565982571345
"2595","ASV7",0.148773392902649,0.0431044104494744,0.00431044104494744
"2596","ASV70",0.0377942696524277,0.0202623470646354,0.00202623470646354
"2597","ASV700",0.000141666666666667,0.000699677254440641,6.99677254440641e-05
"2598","ASV701",0.00016215811965812,0.0011462130087311,0.00011462130087311
"2599","ASV702",0.000355787878787879,0.00136948885892546,0.000136948885892546
"2600","ASV703",0.011362850744332,0.0114684794105759,0.00114684794105759
"2601","ASV704",0.00110525871471524,0.00342851029381351,0.000342851029381351
"2602","ASV705",0,0,0
"2603","ASV706",0.000233571428571429,0.00134395333815544,0.000134395333815544
"2604","ASV707",8.66666666666667e-05,0.000654124443725189,6.54124443725189e-05
"2605","ASV708",0,0,0
"2606","ASV709",0,0,0
"2607","ASV710",0,0,0
"2608","ASV712",8.94603174603175e-05,0.000513750670319793,5.13750670319793e-05
"2609","ASV713",0.000477219995690584,0.00174410020548219,0.000174410020548219
"2610","ASV714",3.2e-05,0.00032,3.2e-05
"2611","ASV715",0.000159444444444444,0.000800480549958401,8.00480549958401e-05
"2612","ASV717",6.75555555555556e-05,0.000475942446227705,4.75942446227705e-05
"2613","ASV718",0.000708102564102564,0.0024454747690506,0.00024454747690506
"2614","ASV719",0.000302783882783883,0.00140346160743735,0.000140346160743735
"2615","ASV72",0.202686073669182,0.0489503421935501,0.00489503421935501
"2616","ASV720",0.000269827838827839,0.00133942509085187,0.000133942509085187
"2617","ASV721",0,0,0
"2618","ASV722",0.000468677221613283,0.0022799427015214,0.00022799427015214
"2619","ASV723",0.000108,0.000764579504160174,7.64579504160174e-05
"2620","ASV724",0.000243619047619048,0.00128087928467474,0.000128087928467474
"2621","ASV725",0,0,0
"2622","ASV726",5.71428571428571e-05,0.000571428571428571,5.71428571428571e-05
"2623","ASV727",0,0,0
"2624","ASV729",0,0,0
"2625","ASV730",3.55555555555556e-05,0.000355555555555556,3.55555555555556e-05
"2626","ASV731",0,0,0
"2627","ASV734",2.66666666666667e-05,0.000266666666666667,2.66666666666667e-05
"2628","ASV735",0.000687888888888889,0.00238535776139171,0.000238535776139171
"2629","ASV736",5.71428571428571e-05,0.000571428571428571,5.71428571428571e-05
"2630","ASV737",0.000274126984126984,0.00131795157076023,0.000131795157076023
"2631","ASV738",0,0,0
"2632","ASV739",0,0,0
"2633","ASV74",0.245343494110614,0.0520216362504517,0.00520216362504517
"2634","ASV741",0.000564031746031746,0.00183576089267594,0.000183576089267594
"2635","ASV742",0.00147818898748311,0.00324101551417337,0.000324101551417337
"2636","ASV743",0.00016847619047619,0.000858503217432561,8.58503217432561e-05
"2637","ASV744",0,0,0
"2638","ASV745",0,0,0
"2639","ASV747",3.63636363636364e-05,0.000363636363636364,3.63636363636364e-05
"2640","ASV748",7.66666666666667e-05,0.000552222323842033,5.52222323842033e-05
"2641","ASV749",0.000177454545454545,0.00129151842213371,0.000129151842213371
"2642","ASV75",0.237064839502407,0.0510167855808254,0.00510167855808254
"2643","ASV750",0,0,0
"2644","ASV751",0.000851373015873016,0.00257030693524352,0.000257030693524352
"2645","ASV752",0.000277460317460317,0.00124075736540079,0.000124075736540079
"2646","ASV753",0.000766242424242424,0.00275563091482557,0.000275563091482557
"2647","ASV754",0.000252666666666667,0.00134547652179704,0.000134547652179704
"2648","ASV755",0.000162857142857143,0.000964643993085105,9.64643993085105e-05
"2649","ASV756",0.000123888888888889,0.000723358986237432,7.23358986237432e-05
"2650","ASV757",0,0,0
"2651","ASV758",0,0,0
"2652","ASV759",0.00025,0.00122851913263867,0.000122851913263867
"2653","ASV76",0.103856666908539,0.0347280130433119,0.00347280130433119
"2654","ASV760",0.000508034632034632,0.00175971562590095,0.000175971562590095
"2655","ASV761",0.00125257947366643,0.00315484131536066,0.000315484131536066
"2656","ASV762",0.000499580086580087,0.0016292873327077,0.00016292873327077
"2657","ASV763",0.000491375959079284,0.00190967797898899,0.000190967797898899
"2658","ASV764",6.83333333333333e-05,0.000480888977576123,4.80888977576123e-05
"2659","ASV765",0,0,0
"2660","ASV766",0,0,0
"2661","ASV767",0,0,0
"2662","ASV768",9.92219679633867e-05,0.000992219679633868,9.92219679633867e-05
"2663","ASV769",0.000217704517704518,0.00133561374677239,0.000133561374677239
"2664","ASV77",0.0915736709927469,0.0309141815173827,0.00309141815173827
"2665","ASV770",0.000362395382395382,0.00166507653259731,0.000166507653259731
"2666","ASV771",0.000137857142857143,0.00108313732111895,0.000108313732111895
"2667","ASV772",0.000532411088911089,0.00236498449914493,0.000236498449914493
"2668","ASV773",9.55555555555556e-05,0.000550033158882089,5.50033158882089e-05
"2669","ASV774",0.000667736596736597,0.00245721516047373,0.000245721516047373
"2670","ASV775",0.000443966026726896,0.00192661343486805,0.000192661343486805
"2671","ASV776",0.000136,0.00103626368470695,0.000103626368470695
"2672","ASV777",0.000194126984126984,0.00101407070912304,0.000101407070912304
"2673","ASV778",0.000160793650793651,0.000859809908339877,8.59809908339877e-05
"2674","ASV779",0.000107111111111111,0.000793792980048301,7.93792980048301e-05
"2675","ASV780",0,0,0
"2676","ASV781",0.000103571428571429,0.000766717416512869,7.66717416512869e-05
"2677","ASV783",2.66666666666667e-05,0.000266666666666667,2.66666666666667e-05
"2678","ASV784",0,0,0
"2679","ASV785",0,0,0
"2680","ASV786",7.05555555555556e-05,0.000496392711374496,4.96392711374496e-05
"2681","ASV787",0,0,0
"2682","ASV788",3.5e-05,0.00035,3.5e-05
"2683","ASV789",0.000270358974358974,0.00114334937770305,0.000114334937770305
"2684","ASV79",0.0373428811085506,0.0214901456363211,0.00214901456363211
"2685","ASV791",0.0154905357542638,0.012902417404112,0.0012902417404112
"2686","ASV792",9.36666666666667e-05,0.000538645576644845,5.38645576644845e-05
"2687","ASV793",0.0291239991561661,0.0191386730003939,0.00191386730003939
"2688","ASV794",0.00171196338439682,0.00394932523463586,0.000394932523463586
"2689","ASV795",0.00160044056210761,0.00365102754315974,0.000365102754315974
"2690","ASV796",0.000432617604617605,0.00160647404719221,0.000160647404719221
"2691","ASV797",7.59523809523809e-05,0.00053691352062811,5.3691352062811e-05
"2692","ASV798",0,0,0
"2693","ASV799",0.000153888888888889,0.000991384982015768,9.91384982015768e-05
"2694","ASV8",0.332691153813948,0.0595686261480092,0.00595686261480092
"2695","ASV80",0.040271380786217,0.0244935511156302,0.00244935511156302
"2696","ASV800",0.000104571428571429,0.000771243845126585,7.71243845126585e-05
"2697","ASV801",0.000134571428571429,0.000823698613758684,8.23698613758684e-05
"2698","ASV802",3.5e-05,0.00035,3.5e-05
"2699","ASV803",0.00026031746031746,0.00135080967462768,0.000135080967462768
"2700","ASV804",0.000983552042160738,0.0030130090418196,0.00030130090418196
"2701","ASV805",8.4e-05,0.00084,8.4e-05
"2702","ASV806",0.000508564102564103,0.00233762609123748,0.000233762609123748
"2703","ASV807",0,0,0
"2704","ASV809",0,0,0
"2705","ASV81",0.0387511437423049,0.0214880381205128,0.00214880381205128
"2706","ASV811",0,0,0
"2707","ASV813",0.00101390620490621,0.00264313192601887,0.000264313192601887
"2708","ASV814",0.00150093845043845,0.00311946137021535,0.000311946137021535
"2709","ASV815",3e-05,3e-04,3e-05
"2710","ASV816",0.000300581196581197,0.00123039781440008,0.000123039781440008
"2711","ASV817",3e-05,3e-04,3e-05
"2712","ASV818",6.26666666666667e-05,0.000445838218608182,4.45838218608182e-05
"2713","ASV819",6e-05,6e-04,6e-05
"2714","ASV82",0.0414382334103715,0.0255281823357105,0.00255281823357105
"2715","ASV820",6.4e-05,0.00064,6.4e-05
"2716","ASV821",3.69230769230769e-05,0.000369230769230769,3.69230769230769e-05
"2717","ASV822",3.66666666666667e-05,0.000366666666666667,3.66666666666667e-05
"2718","ASV823",6e-05,6e-04,6e-05
"2719","ASV824",0,0,0
"2720","ASV825",0,0,0
"2721","ASV826",6.55555555555556e-05,0.000462887535943168,4.62887535943168e-05
"2722","ASV827",0.000681222943722944,0.00222772482447035,0.000222772482447035
"2723","ASV828",0.000339278499278499,0.00138133276124421,0.000138133276124421
"2724","ASV829",0.000187373737373737,0.00112725869800473,0.000112725869800473
"2725","ASV83",0.0373920868452482,0.0218078854596611,0.00218078854596611
"2726","ASV830",0.000870894409937888,0.00274188620388733,0.000274188620388733
"2727","ASV831",0.00261390416415669,0.00569952636186405,0.000569952636186405
"2728","ASV832",3.6e-05,0.00036,3.6e-05
"2729","ASV833",6.4e-05,0.00064,6.4e-05
"2730","ASV835",0.00080790404040404,0.002773792059763,0.0002773792059763
"2731","ASV836",0.000143555555555556,0.000845704181754936,8.45704181754936e-05
"2732","ASV837",2e-05,2e-04,2e-05
"2733","ASV838",0,0,0
"2734","ASV839",6e-05,6e-04,6e-05
"2735","ASV84",0.202902738401551,0.0451893552491452,0.00451893552491452
"2736","ASV840",8.34188034188034e-05,0.000834188034188034,8.34188034188034e-05
"2737","ASV841",0.0005530670995671,0.00219005170023171,0.000219005170023171
"2738","ASV842",0.000357647241647242,0.00151562038443604,0.000151562038443604
"2739","ASV843",9.84310134310134e-05,0.000567021863029096,5.67021863029096e-05
"2740","ASV844",0.00221439743589744,0.00339374410726602,0.000339374410726602
"2741","ASV846",0.00134175610862567,0.00321176275664326,0.000321176275664326
"2742","ASV848",0.000281142857142857,0.00128436177056912,0.000128436177056912
"2743","ASV849",0.00167463697995667,0.00382937849516756,0.000382937849516756
"2744","ASV85",0.0418561860411571,0.0228729348119096,0.00228729348119096
"2745","ASV850",0.000227,0.0010625519859204,0.00010625519859204
"2746","ASV851",3.6e-05,0.00036,3.6e-05
"2747","ASV852",0.000338650793650794,0.00121580036912945,0.000121580036912945
"2748","ASV853",0,0,0
"2749","ASV854",3.6e-05,0.00036,3.6e-05
"2750","ASV855",3.6e-05,0.00036,3.6e-05
"2751","ASV856",0.000354373626373626,0.00159601578817979,0.000159601578817979
"2752","ASV857",0.000589511608887366,0.00228676473576958,0.000228676473576958
"2753","ASV858",8e-05,8e-04,8e-05
"2754","ASV859",9.2e-05,0.000677141943850189,6.77141943850189e-05
"2755","ASV86",0.059571001799176,0.0280407010299692,0.00280407010299692
"2756","ASV860",5.71428571428571e-05,0.000571428571428571,5.71428571428571e-05
"2757","ASV861",9.2e-05,0.000677141943850189,6.77141943850189e-05
"2758","ASV862",0.000131555555555556,0.00102035490403624,0.000102035490403624
"2759","ASV863",0.000137142857142857,0.000978414739775362,9.78414739775362e-05
"2760","ASV864",0.00102413055302186,0.00288667261147385,0.000288667261147385
"2761","ASV865",9.55555555555556e-05,0.000702909351412953,7.02909351412953e-05
"2762","ASV866",0,0,0
"2763","ASV868",0,0,0
"2764","ASV869",0.000326692307692308,0.00157142595783952,0.000157142595783952
"2765","ASV870",3.63636363636364e-05,0.000363636363636364,3.63636363636364e-05
"2766","ASV871",5.71428571428571e-05,0.000571428571428571,5.71428571428571e-05
"2767","ASV872",3.63636363636364e-05,0.000363636363636364,3.63636363636364e-05
"2768","ASV873",0,0,0
"2769","ASV874",0.00011,0.00082443736553905,8.2443736553905e-05
"2770","ASV875",0,0,0
"2771","ASV877",0.000247171717171717,0.000930180851671248,9.30180851671248e-05
"2772","ASV878",3e-05,3e-04,3e-05
"2773","ASV879",7.1e-05,0.000499554346847814,4.99554346847814e-05
"2774","ASV88",0.113334728812572,0.0312099166636844,0.00312099166636844
"2775","ASV880",0.00028352380952381,0.00140215162869704,0.000140215162869704
"2776","ASV881",5.33333333333333e-05,0.000533333333333333,5.33333333333333e-05
"2777","ASV882",0,0,0
"2778","ASV883",0,0,0
"2779","ASV885",0.000165142857142857,0.000947968827525032,9.47968827525032e-05
"2780","ASV886",0.000289793650793651,0.00143600322705087,0.000143600322705087
"2781","ASV887",0,0,0
"2782","ASV888",0,0,0
"2783","ASV889",0,0,0
"2784","ASV89",0.0375834179702705,0.0208578697230452,0.00208578697230452
"2785","ASV891",0.000730240093240093,0.00252474239604937,0.000252474239604937
"2786","ASV892",0,0,0
"2787","ASV893",0,0,0
"2788","ASV894",3.33333333333333e-05,0.000333333333333333,3.33333333333333e-05
"2789","ASV895",7.19191919191919e-05,0.000506003141962126,5.06003141962126e-05
"2790","ASV896",0,0,0
"2791","ASV897",3e-05,3e-04,3e-05
"2792","ASV898",0.000191333333333333,0.000968303733965805,9.68303733965805e-05
"2793","ASV899",0,0,0
"2794","ASV9",0.261700274393105,0.0569525593214117,0.00569525593214117
"2795","ASV900",0,0,0
"2796","ASV901",0.000530679320679321,0.00168738809357227,0.000168738809357227
"2797","ASV902",0.000223304473304473,0.00108974820272545,0.000108974820272545
"2798","ASV904",0,0,0
"2799","ASV905",0.00213627681979856,0.00422260567306841,0.000422260567306841
"2800","ASV907",0.000144949494949495,0.000713730172370219,7.13730172370219e-05
"2801","ASV909",3.33333333333333e-05,0.000333333333333333,3.33333333333333e-05
"2802","ASV910",0.000374793650793651,0.00172314351331994,0.000172314351331994
"2803","ASV911",0.000177333333333333,0.00089874435416386,8.9874435416386e-05
"2804","ASV912",0.000130666666666667,0.000647947289704719,6.47947289704719e-05
"2805","ASV913",6.2e-05,0.000436417925915751,4.36417925915751e-05
"2806","ASV914",6.85714285714286e-05,0.000685714285714286,6.85714285714286e-05
"2807","ASV915",3.6e-05,0.00036,3.6e-05
"2808","ASV916",3.42857142857143e-05,0.000342857142857143,3.42857142857143e-05
"2809","ASV917",0,0,0
"2810","ASV918",0,0,0
"2811","ASV919",5.71428571428571e-05,0.000571428571428571,5.71428571428571e-05
"2812","ASV92",0.035893346452759,0.0211128178494665,0.00211128178494665
"2813","ASV920",0.000123142857142857,0.000732345373743859,7.32345373743859e-05
"2814","ASV921",0,0,0
"2815","ASV922",0,0,0
"2816","ASV923",0.000260698412698413,0.00116156558340409,0.000116156558340409
"2817","ASV924",0,0,0
"2818","ASV925",7.5e-05,0.00075,7.5e-05
"2819","ASV926",3e-05,3e-04,3e-05
"2820","ASV927",0.000139188405797101,0.00139188405797101,0.000139188405797101
"2821","ASV928",0.000194285714285714,0.00138839908906235,0.000138839908906235
"2822","ASV929",0.000129,0.00129,0.000129
"2823","ASV93",0.0399653876895812,0.0228752813185576,0.00228752813185576
"2824","ASV930",0.000209070707070707,0.00129087274889171,0.000129087274889171
"2825","ASV931",0,0,0
"2826","ASV932",2e-05,2e-04,2e-05
"2827","ASV933",0,0,0
"2828","ASV934",0,0,0
"2829","ASV935",0,0,0
"2830","ASV936",0,0,0
"2831","ASV937",0,0,0
"2832","ASV938",0,0,0
"2833","ASV939",0,0,0
"2834","ASV94",0.0390503204960218,0.0247748873389214,0.00247748873389214
"2835","ASV940",0.000269904761904762,0.00128837500684857,0.000128837500684857
"2836","ASV941",0,0,0
"2837","ASV942",0,0,0
"2838","ASV943",5.71428571428571e-05,0.000571428571428571,5.71428571428571e-05
"2839","ASV944",0.000168760461760462,0.000750906580021007,7.50906580021007e-05
"2840","ASV945",0.000491808080808081,0.00167085203454107,0.000167085203454107
"2841","ASV947",0.00032218315018315,0.00131465602889732,0.000131465602889732
"2842","ASV949",0.00111287445887446,0.00330835104222757,0.000330835104222757
"2843","ASV95",0.060443359766878,0.0239226912777032,0.00239226912777032
"2844","ASV950",0.000305368530020704,0.00217650588421326,0.000217650588421326
"2845","ASV951",3e-05,3e-04,3e-05
"2846","ASV952",9.38095238095238e-05,0.000675827087690733,6.75827087690733e-05
"2847","ASV953",6.85714285714286e-05,0.000685714285714286,6.85714285714286e-05
"2848","ASV954",0.00045172582972583,0.00179638377806214,0.000179638377806214
"2849","ASV955",0.00061815873015873,0.00185928331350791,0.000185928331350791
"2850","ASV956",9.66666666666667e-05,7e-04,7e-05
"2851","ASV957",0.000178571428571429,0.000944880881855019,9.44880881855019e-05
"2852","ASV958",0.000108333333333333,0.000817655554656486,8.17655554656486e-05
"2853","ASV959",3.42857142857143e-05,0.000342857142857143,3.42857142857143e-05
"2854","ASV96",0.0762524215549426,0.0283285816737837,0.00283285816737837
"2855","ASV960",0,0,0
"2856","ASV961",0,0,0
"2857","ASV962",3.55555555555556e-05,0.000355555555555556,3.55555555555556e-05
"2858","ASV963",0,0,0
"2859","ASV964",3.6e-05,0.00036,3.6e-05
"2860","ASV965",0,0,0
"2861","ASV966",0,0,0
"2862","ASV967",0,0,0
"2863","ASV968",6.8e-05,0.000518131842353475,5.18131842353475e-05
"2864","ASV969",0.000119350649350649,0.000939648159189669,9.39648159189669e-05
"2865","ASV97",0.0372791730137962,0.0231959187965896,0.00231959187965896
"2866","ASV970",0.000236638655462185,0.00145438646604341,0.000145438646604341
"2867","ASV972",0,0,0
"2868","ASV973",3.5e-05,0.00035,3.5e-05
"2869","ASV974",3e-05,3e-04,3e-05
"2870","ASV975",0,0,0
"2871","ASV976",0,0,0
"2872","ASV977",3.2e-05,0.00032,3.2e-05
"2873","ASV978",0,0,0
"2874","ASV979",0,0,0
"2875","ASV98",0.255139912740734,0.0530984278980748,0.00530984278980748
"2876","ASV980",0,0,0
"2877","ASV981",0.000317912698412698,0.00151557187065595,0.000151557187065595
"2878","ASV982",0.000137142857142857,0.000978414739775362,9.78414739775362e-05
"2879","ASV983",0,0,0
"2880","ASV984",3.6e-05,0.00036,3.6e-05
"2881","ASV985",0,0,0
"2882","ASV986",0,0,0
"2883","ASV988",0.000165,0.000977150567887689,9.77150567887689e-05
"2884","ASV989",0,0,0
"2885","ASV99",0.325795417040598,0.0572767004719546,0.00572767004719546
"2886","ASV990",0,0,0
"2887","ASV992",0,0,0
"2888","ASV995",0.000799268398268398,0.00195436588782306,0.000195436588782306
"2889","ASV996",0.000194543678543679,0.000921446050970602,9.21446050970602e-05
"2890","ASV998",0,0,0
"2891","ASV999",0.000289949494949495,0.00123654630543363,0.000123654630543363
