"","predictors","MeanDecreaseGini.mean","MeanDecreaseGini.sd","MeanDecreaseGini.std.error"
"1","ASV1",0.453689037329281,0.0777784147010568,0.00777784147010568
"2","ASV10",0.343401000047889,0.0693153163999082,0.00693153163999082
"3","ASV1000",0.000195555555555556,0.000988917262105726,9.88917262105726e-05
"4","ASV1001",6.92857142857143e-05,0.000487469771354,4.87469771354e-05
"5","ASV1002",0,0,0
"6","ASV1003",0.000300236652236652,0.00128437155962507,0.000128437155962507
"7","ASV1004",3.6e-05,0.00036,3.6e-05
"8","ASV1005",6.66666666666667e-05,0.000666666666666667,6.66666666666667e-05
"9","ASV1006",0.000156109668109668,0.000696776292406661,6.96776292406661e-05
"10","ASV1009",0,0,0
"11","ASV101",0.137964202207508,0.0397250930655177,0.00397250930655177
"12","ASV1010",4.8e-05,0.00048,4.8e-05
"13","ASV1011",0,0,0
"14","ASV1012",0,0,0
"15","ASV1013",0,0,0
"16","ASV1014",0,0,0
"17","ASV1015",7.8e-05,0.000563463316544129,5.63463316544129e-05
"18","ASV1016",3.55555555555556e-05,0.000355555555555556,3.55555555555556e-05
"19","ASV1017",0,0,0
"20","ASV1018",8e-05,8e-04,8e-05
"21","ASV1019",0,0,0
"22","ASV102",0.0935020924699177,0.0388254670886814,0.00388254670886814
"23","ASV1020",3.5e-05,0.00035,3.5e-05
"24","ASV1021",6e-05,6e-04,6e-05
"25","ASV1022",6.26666666666667e-05,0.000445838218608182,4.45838218608182e-05
"26","ASV1023",0.000167272727272727,0.00117794236249758,0.000117794236249758
"27","ASV1024",8e-05,8e-04,8e-05
"28","ASV1025",3.6e-05,0.00036,3.6e-05
"29","ASV1026",0,0,0
"30","ASV1027",7.8e-05,0.000563463316544129,5.63463316544129e-05
"31","ASV1028",0,0,0
"32","ASV1029",0.000382054729584141,0.00171708128340218,0.000171708128340218
"33","ASV103",0.107422220638514,0.0395699198013177,0.00395699198013177
"34","ASV1030",8.88571428571429e-05,0.00063650891530118,6.3650891530118e-05
"35","ASV1031",3.63636363636364e-05,0.000363636363636364,3.63636363636364e-05
"36","ASV1032",0.000207555555555556,0.00104973571932843,0.000104973571932843
"37","ASV1033",0,0,0
"38","ASV1034",0,0,0
"39","ASV1035",6e-05,6e-04,6e-05
"40","ASV1036",0,0,0
"41","ASV1038",3.42857142857143e-05,0.000342857142857143,3.42857142857143e-05
"42","ASV1039",0,0,0
"43","ASV104",0.10912942055142,0.0399220382430357,0.00399220382430357
"44","ASV1040",0,0,0
"45","ASV1041",0,0,0
"46","ASV1042",3.33333333333333e-05,0.000333333333333333,3.33333333333333e-05
"47","ASV1043",0,0,0
"48","ASV1044",0,0,0
"49","ASV1045",0.000140126984126984,0.000844822773261207,8.44822773261207e-05
"50","ASV1046",6e-05,6e-04,6e-05
"51","ASV1047",0,0,0
"52","ASV1048",0,0,0
"53","ASV1049",5.71428571428571e-05,0.000571428571428571,5.71428571428571e-05
"54","ASV105",0.0907030278051035,0.0342024914020721,0.00342024914020721
"55","ASV1050",0,0,0
"56","ASV1051",0,0,0
"57","ASV1052",0,0,0
"58","ASV1053",0,0,0
"59","ASV1054",2.66666666666667e-05,0.000266666666666667,2.66666666666667e-05
"60","ASV1055",3.2e-05,0.00032,3.2e-05
"61","ASV1056",0.000437082251082251,0.00139034332526631,0.000139034332526631
"62","ASV1057",0.000268440115440115,0.000939283642527781,9.39283642527781e-05
"63","ASV1059",0.00230067693417693,0.0040733526705782,0.00040733526705782
"64","ASV106",0.309125960602068,0.0671203187073368,0.00671203187073368
"65","ASV1060",6.53333333333333e-05,0.000459734955116781,4.59734955116781e-05
"66","ASV1061",0.000116,0.000895862543568877,8.95862543568876e-05
"67","ASV1062",0.000239603174603175,0.00122608063504439,0.000122608063504439
"68","ASV1064",0.000474809523809524,0.00149936567743299,0.000149936567743299
"69","ASV1065",0.000348795815295815,0.00111045955861901,0.000111045955861901
"70","ASV1066",0.000479020202020202,0.00173057728365967,0.000173057728365967
"71","ASV1067",0.000115454545454545,0.000742028342185163,7.42028342185163e-05
"72","ASV1068",3e-05,3e-04,3e-05
"73","ASV107",0.0388987859103401,0.0225936671550419,0.00225936671550419
"74","ASV1070",5.33333333333333e-05,0.000533333333333333,5.33333333333333e-05
"75","ASV1071",5.42857142857143e-05,0.000395178110505734,3.95178110505734e-05
"76","ASV1072",6.83333333333333e-05,0.000480888977576123,4.80888977576123e-05
"77","ASV1073",3.66666666666667e-05,0.000366666666666667,3.66666666666667e-05
"78","ASV1074",5.06666666666667e-05,0.000506666666666667,5.06666666666667e-05
"79","ASV1075",0,0,0
"80","ASV1076",3.42857142857143e-05,0.000342857142857143,3.42857142857143e-05
"81","ASV1077",0,0,0
"82","ASV1078",0,0,0
"83","ASV1079",0,0,0
"84","ASV108",0.0369457281355593,0.0235627183029214,0.00235627183029214
"85","ASV1080",3.63636363636364e-05,0.000363636363636364,3.63636363636364e-05
"86","ASV1081",3.63636363636364e-05,0.000363636363636364,3.63636363636364e-05
"87","ASV1082",0,0,0
"88","ASV1083",0.000134025974025974,0.000943168350486139,9.43168350486139e-05
"89","ASV1084",6.8e-05,0.000479241825462602,4.79241825462602e-05
"90","ASV1085",0,0,0
"91","ASV1086",6.85714285714286e-05,0.000685714285714286,6.85714285714286e-05
"92","ASV1087",6e-05,6e-04,6e-05
"93","ASV1088",0,0,0
"94","ASV1089",3.5e-05,0.00035,3.5e-05
"95","ASV109",0.0355765185489941,0.0208753117451585,0.00208753117451585
"96","ASV1090",0,0,0
"97","ASV1091",0,0,0
"98","ASV1092",0.000281460317460317,0.00129780248176501,0.000129780248176501
"99","ASV1093",6e-05,6e-04,6e-05
"100","ASV1094",5.33333333333333e-05,0.000386993940216523,3.86993940216523e-05
"101","ASV1095",0,0,0
"102","ASV1097",0.000167384615384615,0.00100042016156776,0.000100042016156776
"103","ASV1098",3.2e-05,0.00032,3.2e-05
"104","ASV1099",3.42857142857143e-05,0.000342857142857143,3.42857142857143e-05
"105","ASV110",0.0374256124213502,0.0224571777733098,0.00224571777733098
"106","ASV1100",0,0,0
"107","ASV1101",0.0001904,0.00135682481395263,0.000135682481395262
"108","ASV1102",0,0,0
"109","ASV1104",0,0,0
"110","ASV1105",0,0,0
"111","ASV1106",7.31428571428572e-05,0.000514643454220658,5.14643454220658e-05
"112","ASV1107",0,0,0
"113","ASV1108",6e-05,6e-04,6e-05
"114","ASV1109",0,0,0
"115","ASV111",0.105857051363324,0.037316871938079,0.0037316871938079
"116","ASV1110",3.69230769230769e-05,0.000369230769230769,3.69230769230769e-05
"117","ASV1111",0,0,0
"118","ASV1112",4.8e-05,0.00048,4.8e-05
"119","ASV1113",0,0,0
"120","ASV1114",3.6e-05,0.00036,3.6e-05
"121","ASV1115",0,0,0
"122","ASV1116",3.55555555555556e-05,0.000355555555555556,3.55555555555556e-05
"123","ASV1117",0,0,0
"124","ASV1118",2.66666666666667e-05,0.000266666666666667,2.66666666666667e-05
"125","ASV1119",3.2e-05,0.00032,3.2e-05
"126","ASV112",0.0371992799500032,0.0256192090965569,0.00256192090965569
"127","ASV1120",5.71428571428571e-05,0.000571428571428571,5.71428571428571e-05
"128","ASV1121",3.42857142857143e-05,0.000342857142857143,3.42857142857143e-05
"129","ASV1122",0,0,0
"130","ASV1123",0,0,0
"131","ASV1124",0,0,0
"132","ASV1125",3.2e-05,0.00032,3.2e-05
"133","ASV1126",0,0,0
"134","ASV1127",0,0,0
"135","ASV1128",3.33333333333333e-05,0.000333333333333333,3.33333333333333e-05
"136","ASV113",0.0351404614412972,0.0175927814687652,0.00175927814687652
"137","ASV1132",0.000205142857142857,0.0010807998443017,0.00010807998443017
"138","ASV1133",0.000123314685314685,0.000718117318925004,7.18117318925004e-05
"139","ASV1134",0,0,0
"140","ASV1135",0.00119020634920635,0.00308721097945387,0.000308721097945387
"141","ASV1137",0,0,0
"142","ASV1138",0.000359468864468864,0.00154216349394888,0.000154216349394888
"143","ASV1139",0.000236244588744589,0.00125901936319794,0.000125901936319794
"144","ASV114",0.0373204212647032,0.0213909917572455,0.00213909917572455
"145","ASV1140",6e-05,0.000424766391200097,4.24766391200097e-05
"146","ASV1141",3.55555555555556e-05,0.000355555555555556,3.55555555555556e-05
"147","ASV1142",0.000133333333333333,0.000956987416753698,9.56987416753698e-05
"148","ASV1143",4.66666666666667e-05,0.000331713234637495,3.31713234637495e-05
"149","ASV1144",8.66666666666667e-05,0.000626070351715699,6.26070351715699e-05
"150","ASV1145",0.000390008658008658,0.00153247512874824,0.000153247512874824
"151","ASV1146",0.00136892063492063,0.00273166608443927,0.000273166608443927
"152","ASV1148",0.000169145299145299,0.000742887625603756,7.42887625603756e-05
"153","ASV1149",0.000162,0.000853815888390605,8.53815888390605e-05
"154","ASV115",0.192718818183777,0.0472626473619213,0.00472626473619213
"155","ASV1150",8.96969696969697e-05,0.000642462358312758,6.42462358312758e-05
"156","ASV1151",5.71428571428571e-05,0.000571428571428571,5.71428571428571e-05
"157","ASV1152",3.66666666666667e-05,0.000366666666666667,3.66666666666667e-05
"158","ASV1154",0,0,0
"159","ASV1155",8.46666666666667e-05,0.000601073114428593,6.01073114428593e-05
"160","ASV1156",0,0,0
"161","ASV1157",3.6e-05,0.00036,3.6e-05
"162","ASV1158",0.000218571428571429,0.00125022446964127,0.000125022446964127
"163","ASV1159",9.6e-05,0.000696589092389742,6.96589092389742e-05
"164","ASV1160",3.07142857142857e-05,0.000307142857142857,3.07142857142857e-05
"165","ASV1161",0,0,0
"166","ASV1162",0,0,0
"167","ASV1163",0,0,0
"168","ASV1164",0,0,0
"169","ASV1165",0.000142666666666667,0.000827638182250127,8.27638182250127e-05
"170","ASV1166",8e-05,0.000562821176545159,5.62821176545159e-05
"171","ASV1167",2e-05,2e-04,2e-05
"172","ASV1168",0,0,0
"173","ASV1169",0.000245142857142857,0.00152388625347944,0.000152388625347944
"174","ASV117",0.0105900493557683,0.00968461949408204,0.000968461949408205
"175","ASV1170",0,0,0
"176","ASV1171",3.2e-05,0.00032,3.2e-05
"177","ASV1172",0,0,0
"178","ASV1173",0,0,0
"179","ASV1174",0,0,0
"180","ASV1175",3.42857142857143e-05,0.000342857142857143,3.42857142857143e-05
"181","ASV1176",0,0,0
"182","ASV1177",3.66666666666667e-05,0.000366666666666667,3.66666666666667e-05
"183","ASV1178",5.33333333333333e-05,0.000533333333333333,5.33333333333333e-05
"184","ASV1179",0,0,0
"185","ASV118",0.0949566104503504,0.0301211467110271,0.00301211467110271
"186","ASV1180",6.85714285714286e-05,0.000685714285714286,6.85714285714286e-05
"187","ASV1181",3e-05,3e-04,3e-05
"188","ASV1182",0.000137904761904762,0.000970211613587029,9.70211613587029e-05
"189","ASV1183",6.8e-05,0.000479241825462602,4.79241825462602e-05
"190","ASV1184",0,0,0
"191","ASV1185",0,0,0
"192","ASV1186",0,0,0
"193","ASV1187",0,0,0
"194","ASV1188",0,0,0
"195","ASV1189",0,0,0
"196","ASV119",0.0331342056138937,0.0212610589183002,0.00212610589183002
"197","ASV1190",3.2e-05,0.00032,3.2e-05
"198","ASV1191",3.55555555555556e-05,0.000355555555555556,3.55555555555556e-05
"199","ASV1192",3.6e-05,0.00036,3.6e-05
"200","ASV1193",0,0,0
"201","ASV1194",2.66666666666667e-05,0.000266666666666667,2.66666666666667e-05
"202","ASV1195",0,0,0
"203","ASV1196",3.2e-05,0.00032,3.2e-05
"204","ASV1197",0,0,0
"205","ASV1198",3.2e-05,0.00032,3.2e-05
"206","ASV1199",9.42222222222222e-05,0.000696805602114425,6.96805602114426e-05
"207","ASV12",0.0620687710928861,0.0253518744589804,0.00253518744589804
"208","ASV120",0.0629216840563798,0.0286568824669007,0.00286568824669007
"209","ASV1200",0,0,0
"210","ASV1201",3.33333333333333e-05,0.000333333333333333,3.33333333333333e-05
"211","ASV1202",0,0,0
"212","ASV1203",6.2e-05,0.000436417925915751,4.36417925915751e-05
"213","ASV1204",0,0,0
"214","ASV1205",5.33333333333333e-05,0.000533333333333333,5.33333333333333e-05
"215","ASV1209",0.000291987179487179,0.00121896078910218,0.000121896078910218
"216","ASV121",0.0437348069481677,0.0257106807538142,0.00257106807538142
"217","ASV1210",0.000158531746031746,0.000870512242070802,8.70512242070802e-05
"218","ASV1213",0.000601474747474748,0.0021455908718044,0.00021455908718044
"219","ASV1214",0,0,0
"220","ASV1215",5.71428571428571e-05,0.000571428571428571,5.71428571428571e-05
"221","ASV1216",3.6e-05,0.00036,3.6e-05
"222","ASV1218",0.000113333333333333,0.000863553070589125,8.63553070589125e-05
"223","ASV1219",3e-05,3e-04,3e-05
"224","ASV122",0.0404552793574039,0.0214944514624897,0.00214944514624897
"225","ASV1220",6.85714285714286e-05,0.000685714285714286,6.85714285714286e-05
"226","ASV1221",0.000170549450549451,0.00101349123522001,0.000101349123522001
"227","ASV1222",0.000207215007215007,0.000947145431853786,9.47145431853786e-05
"228","ASV1224",0.000219698412698413,0.000904301154801244,9.04301154801244e-05
"229","ASV1225",0.000414089466089466,0.00138930138998226,0.000138930138998226
"230","ASV1226",3.2e-05,0.00032,3.2e-05
"231","ASV1227",0.000120076923076923,0.000610353941078597,6.10353941078597e-05
"232","ASV1228",0,0,0
"233","ASV1229",0,0,0
"234","ASV123",0.157708218497673,0.039982417956285,0.0039982417956285
"235","ASV1230",0.000254761904761905,0.00111249913302782,0.000111249913302782
"236","ASV1231",3e-05,3e-04,3e-05
"237","ASV1232",0.000175333333333333,0.0009023553168487,9.023553168487e-05
"238","ASV1233",0,0,0
"239","ASV1234",3.55555555555556e-05,0.000355555555555556,3.55555555555556e-05
"240","ASV1235",5.71428571428571e-05,0.000571428571428571,5.71428571428571e-05
"241","ASV1236",0.000107474747474747,0.00061424182533154,6.14241825331541e-05
"242","ASV1237",3.63636363636364e-05,0.000363636363636364,3.63636363636364e-05
"243","ASV1238",3.33333333333333e-05,0.000333333333333333,3.33333333333333e-05
"244","ASV1239",0,0,0
"245","ASV124",0.0374384287611343,0.0232692716926456,0.00232692716926456
"246","ASV1240",0,0,0
"247","ASV1241",4.66666666666667e-05,0.000331713234637495,3.31713234637495e-05
"248","ASV1242",3.5e-05,0.00035,3.5e-05
"249","ASV1243",0,0,0
"250","ASV1244",4.8e-05,0.00048,4.8e-05
"251","ASV1245",0,0,0
"252","ASV1246",0,0,0
"253","ASV1247",0,0,0
"254","ASV1248",3.33333333333333e-05,0.000333333333333333,3.33333333333333e-05
"255","ASV1249",0,0,0
"256","ASV125",0.039258327939354,0.0203597958610323,0.00203597958610323
"257","ASV1250",0,0,0
"258","ASV1251",5.71428571428571e-05,0.000571428571428571,5.71428571428571e-05
"259","ASV1252",0.000243207070707071,0.00150907445775087,0.000150907445775087
"260","ASV1253",3.42857142857143e-05,0.000342857142857143,3.42857142857143e-05
"261","ASV1254",0.00014,0.000995139703912486,9.95139703912486e-05
"262","ASV1255",0.000206010101010101,0.00108474702326355,0.000108474702326355
"263","ASV1256",3.6e-05,0.00036,3.6e-05
"264","ASV1257",0,0,0
"265","ASV1259",3.2e-05,0.00032,3.2e-05
"266","ASV1260",0,0,0
"267","ASV1261",0,0,0
"268","ASV1262",0,0,0
"269","ASV1263",0,0,0
"270","ASV1264",0,0,0
"271","ASV1265",0,0,0
"272","ASV1266",3.33333333333333e-05,0.000333333333333333,3.33333333333333e-05
"273","ASV1267",0,0,0
"274","ASV1268",3e-05,3e-04,3e-05
"275","ASV1269",0,0,0
"276","ASV127",0.0958423057544003,0.0316977167952481,0.00316977167952481
"277","ASV1270",0,0,0
"278","ASV1271",0,0,0
"279","ASV1272",0,0,0
"280","ASV1273",0,0,0
"281","ASV1274",0.000218095238095238,0.00130824293472638,0.000130824293472638
"282","ASV1275",0.000108,0.000764579504160174,7.64579504160174e-05
"283","ASV1276",3e-05,3e-04,3e-05
"284","ASV1277",0,0,0
"285","ASV1278",3.66666666666667e-05,0.000366666666666667,3.66666666666667e-05
"286","ASV1279",0,0,0
"287","ASV128",0.122667663155773,0.0336882838586728,0.00336882838586728
"288","ASV1280",0,0,0
"289","ASV1281",7.02857142857143e-05,0.000494628662649726,4.94628662649726e-05
"290","ASV1282",0,0,0
"291","ASV1283",0,0,0
"292","ASV1284",0,0,0
"293","ASV1285",6.22222222222222e-05,0.000622222222222222,6.22222222222222e-05
"294","ASV1286",0,0,0
"295","ASV1287",0.000136103896103896,0.000816303510411042,8.16303510411042e-05
"296","ASV1288",3.5e-05,0.00035,3.5e-05
"297","ASV1289",0,0,0
"298","ASV129",0.0380317637740133,0.0229871268540067,0.00229871268540067
"299","ASV1290",0,0,0
"300","ASV1291",0,0,0
"301","ASV1292",0,0,0
"302","ASV1293",0,0,0
"303","ASV1294",3.2e-05,0.00032,3.2e-05
"304","ASV1295",0,0,0
"305","ASV1296",0,0,0
"306","ASV1297",0,0,0
"307","ASV1299",2.66666666666667e-05,0.000266666666666667,2.66666666666667e-05
"308","ASV130",0.0394861315833476,0.0230395965103711,0.00230395965103711
"309","ASV1300",0,0,0
"310","ASV1302",0.000256111111111111,0.00120384342623414,0.000120384342623414
"311","ASV1303",0.000220854256854257,0.00105704506730998,0.000105704506730998
"312","ASV1305",0.000134571428571429,0.000822607847749406,8.22607847749405e-05
"313","ASV1307",0,0,0
"314","ASV1308",0.000192909090909091,0.00100973025519002,0.000100973025519002
"315","ASV1311",0.000258619047619048,0.00134159498010176,0.000134159498010176
"316","ASV1312",8.71428571428571e-05,0.000642703204272154,6.42703204272154e-05
"317","ASV1313",6.76190476190476e-05,0.000475766044616965,4.75766044616965e-05
"318","ASV1314",3.6e-05,0.00036,3.6e-05
"319","ASV1315",0.000157412698412698,0.00099420407331159,9.9420407331159e-05
"320","ASV1316",0.000267030303030303,0.00123994207170725,0.000123994207170725
"321","ASV1317",0,0,0
"322","ASV1318",0,0,0
"323","ASV1319",0,0,0
"324","ASV132",0.0699503488653104,0.0265281271685354,0.00265281271685354
"325","ASV1320",0.000107363636363636,0.000613653123602023,6.13653123602023e-05
"326","ASV1321",6.26666666666667e-05,0.000445838218608182,4.45838218608182e-05
"327","ASV1322",6.8e-05,0.000479241825462602,4.79241825462602e-05
"328","ASV1323",7.19191919191919e-05,0.000506003141962126,5.06003141962126e-05
"329","ASV1324",0.000128666666666667,0.000765604886185323,7.65604886185323e-05
"330","ASV1325",0.000552952047952048,0.00131421020225992,0.000131421020225992
"331","ASV1326",0.000474849206349206,0.00135022293184344,0.000135022293184344
"332","ASV1327",6e-05,6e-04,6e-05
"333","ASV1328",9.91025641025641e-05,0.000576978773679154,5.76978773679154e-05
"334","ASV1329",0.000219238095238095,0.000918358114126306,9.18358114126306e-05
"335","ASV133",0.0387226413571622,0.0232385368721023,0.00232385368721023
"336","ASV1331",6.4981684981685e-05,0.000457320156111319,4.57320156111319e-05
"337","ASV1332",0,0,0
"338","ASV1333",0.00010484126984127,0.000599224314782805,5.99224314782805e-05
"339","ASV1334",0,0,0
"340","ASV1335",0,0,0
"341","ASV1336",0,0,0
"342","ASV1337",3.55555555555556e-05,0.000355555555555556,3.55555555555556e-05
"343","ASV1338",0,0,0
"344","ASV1339",7.23636363636364e-05,0.00050910389593825,5.0910389593825e-05
"345","ASV134",0.107099073278002,0.0372968099439537,0.00372968099439537
"346","ASV1340",0,0,0
"347","ASV1341",2e-05,2e-04,2e-05
"348","ASV1342",0,0,0
"349","ASV1343",0,0,0
"350","ASV1344",4.8e-05,0.00048,4.8e-05
"351","ASV1345",3.6e-05,0.00036,3.6e-05
"352","ASV1346",0,0,0
"353","ASV1347",0,0,0
"354","ASV1348",0,0,0
"355","ASV1349",0,0,0
"356","ASV135",0.0402171741224555,0.0217419702696713,0.00217419702696713
"357","ASV1350",6.85714285714286e-05,0.000685714285714286,6.85714285714286e-05
"358","ASV1351",0,0,0
"359","ASV1352",0,0,0
"360","ASV1353",0.000176666666666667,0.0010847426730182,0.00010847426730182
"361","ASV1354",3.6e-05,0.00036,3.6e-05
"362","ASV1355",3.33333333333333e-05,0.000333333333333333,3.33333333333333e-05
"363","ASV1356",0,0,0
"364","ASV1357",0,0,0
"365","ASV1358",0,0,0
"366","ASV1359",0,0,0
"367","ASV136",0.108475753304666,0.0375712251527481,0.00375712251527481
"368","ASV1360",3.42857142857143e-05,0.000342857142857143,3.42857142857143e-05
"369","ASV1361",3.63636363636364e-05,0.000363636363636364,3.63636363636364e-05
"370","ASV1362",0,0,0
"371","ASV1363",3.2e-05,0.00032,3.2e-05
"372","ASV1364",0,0,0
"373","ASV1365",0,0,0
"374","ASV1366",0,0,0
"375","ASV1367",2.66666666666667e-05,0.000266666666666667,2.66666666666667e-05
"376","ASV1368",0,0,0
"377","ASV1369",0,0,0
"378","ASV137",0.109561488581963,0.0369281773553213,0.00369281773553213
"379","ASV1370",3.6e-05,0.00036,3.6e-05
"380","ASV1371",3.6e-05,0.00036,3.6e-05
"381","ASV1372",4.8e-05,0.00048,4.8e-05
"382","ASV1373",3.55555555555556e-05,0.000355555555555556,3.55555555555556e-05
"383","ASV1374",3.42857142857143e-05,0.000342857142857143,3.42857142857143e-05
"384","ASV1376",7.33333333333333e-05,0.000518090251228016,5.18090251228016e-05
"385","ASV1377",0,0,0
"386","ASV1378",0,0,0
"387","ASV1379",0,0,0
"388","ASV138",0.0358274566475328,0.021704072412917,0.0021704072412917
"389","ASV1381",8.76190476190476e-05,0.000631111227248038,6.31111227248037e-05
"390","ASV1382",0,0,0
"391","ASV1383",3e-05,3e-04,3e-05
"392","ASV1384",2e-05,2e-04,2e-05
"393","ASV1385",3.2e-05,0.00032,3.2e-05
"394","ASV1386",0,0,0
"395","ASV1387",0.00063032745032745,0.00156182104417622,0.000156182104417622
"396","ASV1388",0.00035252380952381,0.00135386708022361,0.000135386708022361
"397","ASV1389",6.93333333333333e-05,0.000513959491611128,5.13959491611128e-05
"398","ASV139",0.0367631955596908,0.0212623274149908,0.00212623274149908
"399","ASV1390",6.98412698412698e-05,0.000491434686435401,4.91434686435401e-05
"400","ASV1391",7.05555555555556e-05,0.000496392711374496,4.96392711374496e-05
"401","ASV1392",7.06493506493507e-05,0.000497256203519933,4.97256203519933e-05
"402","ASV1393",0,0,0
"403","ASV1394",2.66666666666667e-05,0.000266666666666667,2.66666666666667e-05
"404","ASV1395",0.000270714285714286,0.00115239056738145,0.000115239056738145
"405","ASV1396",3.2e-05,0.00032,3.2e-05
"406","ASV1397",0.000171174603174603,0.00105828798873335,0.000105828798873335
"407","ASV1398",0,0,0
"408","ASV140",0.0419465160466401,0.0247929158234169,0.00247929158234169
"409","ASV1400",0,0,0
"410","ASV1401",3.5e-05,0.00035,3.5e-05
"411","ASV1402",0.000112698412698413,0.00069649152003552,6.9649152003552e-05
"412","ASV1403",6.96969696969697e-05,0.000490809317707327,4.90809317707327e-05
"413","ASV1404",7.26984126984127e-05,0.000511576961390242,5.11576961390242e-05
"414","ASV1405",0.000126666666666667,0.000892392086676948,8.92392086676948e-05
"415","ASV1406",0.000131555555555556,0.00101771161180542,0.000101771161180542
"416","ASV1408",0.000141620046620047,0.000697844907237593,6.97844907237593e-05
"417","ASV1409",0.000211619047619048,0.000955515361606892,9.55515361606892e-05
"418","ASV141",0.0969821656577132,0.0358295616440057,0.00358295616440057
"419","ASV1410",0.000207010101010101,0.000824654416830898,8.24654416830898e-05
"420","ASV1412",9.55555555555556e-05,0.000694341406497305,6.94341406497305e-05
"421","ASV1413",0.000116666666666667,0.000575159178669767,5.75159178669767e-05
"422","ASV1415",6.33333333333333e-05,0.000446196043338474,4.46196043338474e-05
"423","ASV1416",3e-05,3e-04,3e-05
"424","ASV1417",9.25238095238095e-05,0.000572817078074398,5.72817078074398e-05
"425","ASV1418",0,0,0
"426","ASV1419",0,0,0
"427","ASV142",0.0410798432994146,0.0260150315678165,0.00260150315678165
"428","ASV1420",0,0,0
"429","ASV1421",0,0,0
"430","ASV1422",0,0,0
"431","ASV1423",3.42857142857143e-05,0.000342857142857143,3.42857142857143e-05
"432","ASV1424",0,0,0
"433","ASV1425",8.96969696969697e-05,0.000642462358312758,6.42462358312758e-05
"434","ASV1426",0,0,0
"435","ASV1427",0,0,0
"436","ASV1428",6.22222222222222e-05,0.000622222222222222,6.22222222222222e-05
"437","ASV1429",3.6e-05,0.00036,3.6e-05
"438","ASV143",0.0282284340797325,0.0150541860564571,0.00150541860564571
"439","ASV1430",0,0,0
"440","ASV1431",0,0,0
"441","ASV1432",9.35064935064935e-05,0.000674213760482486,6.74213760482486e-05
"442","ASV1433",0,0,0
"443","ASV1434",2.66666666666667e-05,0.000266666666666667,2.66666666666667e-05
"444","ASV1435",0,0,0
"445","ASV1436",6.96969696969697e-05,0.000490809317707327,4.90809317707327e-05
"446","ASV1438",0,0,0
"447","ASV1439",0,0,0
"448","ASV1440",0,0,0
"449","ASV1441",0,0,0
"450","ASV1442",0.000121904761904762,0.000864442224031734,8.64442224031734e-05
"451","ASV1443",0,0,0
"452","ASV1444",6e-05,6e-04,6e-05
"453","ASV1445",0,0,0
"454","ASV1446",0,0,0
"455","ASV1447",0,0,0
"456","ASV1448",0,0,0
"457","ASV1449",0,0,0
"458","ASV1450",0,0,0
"459","ASV1451",0,0,0
"460","ASV1452",3.2e-05,0.00032,3.2e-05
"461","ASV1453",5.33333333333333e-05,0.000533333333333333,5.33333333333333e-05
"462","ASV1454",9.2e-05,0.000677141943850189,6.77141943850189e-05
"463","ASV1455",2.66666666666667e-05,0.000266666666666667,2.66666666666667e-05
"464","ASV1456",3.55555555555556e-05,0.000355555555555556,3.55555555555556e-05
"465","ASV1457",0,0,0
"466","ASV1458",0,0,0
"467","ASV1459",0,0,0
"468","ASV146",0.0417252123642439,0.0208294207014855,0.00208294207014855
"469","ASV1460",0,0,0
"470","ASV1461",3.33333333333333e-05,0.000333333333333333,3.33333333333333e-05
"471","ASV1462",0,0,0
"472","ASV1463",0,0,0
"473","ASV1464",0,0,0
"474","ASV1465",0,0,0
"475","ASV1466",0,0,0
"476","ASV1467",3.42857142857143e-05,0.000342857142857143,3.42857142857143e-05
"477","ASV1468",0,0,0
"478","ASV1469",0,0,0
"479","ASV147",0.0354922903337222,0.0216105657854393,0.00216105657854393
"480","ASV1470",3.2e-05,0.00032,3.2e-05
"481","ASV1471",0,0,0
"482","ASV1472",0,0,0
"483","ASV1473",0,0,0
"484","ASV1474",3.55555555555556e-05,0.000355555555555556,3.55555555555556e-05
"485","ASV1475",0,0,0
"486","ASV1476",0,0,0
"487","ASV1477",0,0,0
"488","ASV1478",3.5e-05,0.00035,3.5e-05
"489","ASV1479",0,0,0
"490","ASV1480",0,0,0
"491","ASV1481",0,0,0
"492","ASV1482",0,0,0
"493","ASV1483",0,0,0
"494","ASV1484",3.33333333333333e-05,0.000333333333333333,3.33333333333333e-05
"495","ASV1485",0,0,0
"496","ASV1486",0,0,0
"497","ASV1487",3.71428571428572e-05,0.000371428571428571,3.71428571428572e-05
"498","ASV1488",0,0,0
"499","ASV1489",3.63636363636364e-05,0.000363636363636364,3.63636363636364e-05
"500","ASV1490",0,0,0
"501","ASV1491",0,0,0
"502","ASV1492",0,0,0
"503","ASV1493",0,0,0
"504","ASV1494",6.66666666666667e-05,0.000666666666666667,6.66666666666667e-05
"505","ASV1495",5.71428571428571e-05,0.000571428571428571,5.71428571428571e-05
"506","ASV1496",0,0,0
"507","ASV1497",0,0,0
"508","ASV1498",8e-05,8e-04,8e-05
"509","ASV1499",0,0,0
"510","ASV150",0.0421179247671071,0.0186440533350916,0.00186440533350916
"511","ASV1500",0,0,0
"512","ASV1501",0,0,0
"513","ASV1502",0,0,0
"514","ASV1503",0.000189222222222222,0.00103103536889464,0.000103103536889464
"515","ASV1504",9.92857142857143e-05,0.000568706992910046,5.68706992910046e-05
"516","ASV1506",0.00214746708846709,0.00414278369327692,0.000414278369327692
"517","ASV1508",0.000104597402597403,0.000528019801509245,5.28019801509245e-05
"518","ASV1509",0.000404903446226976,0.00128605632705821,0.000128605632705821
"519","ASV151",0.0371068692099289,0.0204843103221565,0.00204843103221565
"520","ASV1510",0.000197555555555556,0.0008840984552432,8.840984552432e-05
"521","ASV1511",0.000738105225184172,0.00190930981837835,0.000190930981837835
"522","ASV1513",0.000150750360750361,0.00076080143437181,7.6080143437181e-05
"523","ASV1515",0.000152952380952381,0.000773364775434951,7.73364775434951e-05
"524","ASV1516",0.000208904761904762,0.00102495839317259,0.000102495839317259
"525","ASV1517",3.63636363636364e-05,0.000363636363636364,3.63636363636364e-05
"526","ASV1518",0.000311536463536464,0.00130979807523287,0.000130979807523287
"527","ASV1519",3.66666666666667e-05,0.000366666666666667,3.66666666666667e-05
"528","ASV152",0.0390757344099941,0.0231199915108904,0.00231199915108904
"529","ASV1520",6.76190476190476e-05,0.000475766044616965,4.75766044616965e-05
"530","ASV1521",6.22222222222222e-05,0.000622222222222222,6.22222222222222e-05
"531","ASV1522",7.23636363636364e-05,0.00050910389593825,5.0910389593825e-05
"532","ASV1523",0,0,0
"533","ASV1525",0.000425904761904762,0.00158707189102839,0.000158707189102839
"534","ASV1527",0,0,0
"535","ASV1528",0.000101818181818182,0.00101818181818182,0.000101818181818182
"536","ASV1529",0.000106952380952381,0.000611470039456352,6.11470039456352e-05
"537","ASV153",0.0979734877240048,0.0321703995862016,0.00321703995862016
"538","ASV1530",6e-05,6e-04,6e-05
"539","ASV1531",0.000106952380952381,0.000611470039456352,6.11470039456352e-05
"540","ASV1532",0.000104571428571429,0.000771243845126585,7.71243845126585e-05
"541","ASV1534",0,0,0
"542","ASV1535",0,0,0
"543","ASV1536",7.55555555555556e-05,0.000532490917180669,5.32490917180669e-05
"544","ASV1537",0.000227717171717172,0.00110249872285185,0.000110249872285185
"545","ASV1538",0.000177904761904762,0.000779757036360923,7.79757036360923e-05
"546","ASV1539",0.000226649350649351,0.00133867173280392,0.000133867173280392
"547","ASV154",0.0916744006990706,0.0335450285350546,0.00335450285350546
"548","ASV1540",7.05555555555556e-05,0.000496392711374496,4.96392711374496e-05
"549","ASV1541",2e-05,2e-04,2e-05
"550","ASV1542",0.000126,0.000733479936371462,7.33479936371462e-05
"551","ASV1543",0.000195982683982684,0.000890400162029589,8.90400162029589e-05
"552","ASV1544",3.55555555555556e-05,0.000355555555555556,3.55555555555556e-05
"553","ASV1545",0.000270349206349206,0.0011336432887972,0.00011336432887972
"554","ASV1546",0.000175358974358974,0.000906775019498823,9.06775019498823e-05
"555","ASV1548",0.000430868686868687,0.00121414123860157,0.000121414123860157
"556","ASV1549",0.000401904761904762,0.00131086668650936,0.000131086668650936
"557","ASV155",0.00898032531092694,0.0100009732978335,0.00100009732978335
"558","ASV1550",0.000313507936507936,0.00139940292132736,0.000139940292132736
"559","ASV1551",0,0,0
"560","ASV1552",0,0,0
"561","ASV1553",0.00010469696969697,0.000598720066294675,5.98720066294675e-05
"562","ASV1554",8e-05,0.000574192450052219,5.74192450052219e-05
"563","ASV1555",0.000165811965811966,0.000729167656891344,7.29167656891344e-05
"564","ASV1557",0,0,0
"565","ASV1559",0.000174333333333333,0.000933560037402171,9.33560037402171e-05
"566","ASV156",0.0397113744398166,0.0243306564354649,0.00243306564354649
"567","ASV1560",0,0,0
"568","ASV1561",0.000147787878787879,0.000874902364573308,8.74902364573308e-05
"569","ASV1562",0,0,0
"570","ASV1563",6.3030303030303e-05,0.000448757765718459,4.48757765718459e-05
"571","ASV1564",0,0,0
"572","ASV1565",0,0,0
"573","ASV1566",0,0,0
"574","ASV1567",0,0,0
"575","ASV1568",0,0,0
"576","ASV1569",0,0,0
"577","ASV1570",0,0,0
"578","ASV1571",0,0,0
"579","ASV1572",3.42857142857143e-05,0.000342857142857143,3.42857142857143e-05
"580","ASV1573",6.88888888888889e-05,0.000484908806573057,4.84908806573057e-05
"581","ASV1574",7.5e-05,0.00075,7.5e-05
"582","ASV1575",0,0,0
"583","ASV1576",7.15555555555556e-05,0.00050342218316296,5.0342218316296e-05
"584","ASV1577",8.45238095238095e-05,0.000603538803618602,6.03538803618602e-05
"585","ASV1579",0,0,0
"586","ASV158",0.00045225641025641,0.00141493131330009,0.000141493131330009
"587","ASV1581",0,0,0
"588","ASV1582",5.71428571428571e-05,0.000571428571428571,5.71428571428571e-05
"589","ASV1583",0,0,0
"590","ASV1584",0,0,0
"591","ASV1585",0,0,0
"592","ASV1586",0,0,0
"593","ASV1587",3.2e-05,0.00032,3.2e-05
"594","ASV1588",0,0,0
"595","ASV1589",0,0,0
"596","ASV159",0.0432924158482295,0.0238033929094,0.00238033929094
"597","ASV1590",2.66666666666667e-05,0.000266666666666667,2.66666666666667e-05
"598","ASV1591",0,0,0
"599","ASV1592",6.54545454545455e-05,0.000654545454545455,6.54545454545455e-05
"600","ASV1593",0,0,0
"601","ASV1594",0,0,0
"602","ASV1596",3.55555555555556e-05,0.000355555555555556,3.55555555555556e-05
"603","ASV1597",0,0,0
"604","ASV1598",3.5e-05,0.00035,3.5e-05
"605","ASV1599",3.6e-05,0.00036,3.6e-05
"606","ASV16",0.265992661421401,0.0543618425829378,0.00543618425829378
"607","ASV160",0.0261874420449475,0.0164119965188562,0.00164119965188562
"608","ASV1600",6.22222222222222e-05,0.000622222222222222,6.22222222222222e-05
"609","ASV1601",0,0,0
"610","ASV1602",0,0,0
"611","ASV1604",0,0,0
"612","ASV1605",8.26666666666667e-05,0.000486044988287844,4.86044988287844e-05
"613","ASV1606",0,0,0
"614","ASV1607",2.66666666666667e-05,0.000266666666666667,2.66666666666667e-05
"615","ASV1608",0.000224072039072039,0.00136815693072188,0.000136815693072188
"616","ASV161",0.0271930529479196,0.0175139829456466,0.00175139829456466
"617","ASV1610",0,0,0
"618","ASV1611",4.8e-05,0.00048,4.8e-05
"619","ASV1612",3.71428571428572e-05,0.000371428571428571,3.71428571428572e-05
"620","ASV1613",0,0,0
"621","ASV1614",0,0,0
"622","ASV1615",3.33333333333333e-05,0.000333333333333333,3.33333333333333e-05
"623","ASV1616",0,0,0
"624","ASV1617",0,0,0
"625","ASV1618",0,0,0
"626","ASV1619",3.33333333333333e-05,0.000333333333333333,3.33333333333333e-05
"627","ASV162",0.100272998222547,0.0325027938957837,0.00325027938957837
"628","ASV1620",0,0,0
"629","ASV1621",2e-05,2e-04,2e-05
"630","ASV1622",0,0,0
"631","ASV1623",0,0,0
"632","ASV1624",0,0,0
"633","ASV1625",0,0,0
"634","ASV1626",0,0,0
"635","ASV1627",0,0,0
"636","ASV1628",0,0,0
"637","ASV1629",0,0,0
"638","ASV163",0.0373742210910117,0.0236351825421044,0.00236351825421044
"639","ASV1630",0,0,0
"640","ASV1631",0,0,0
"641","ASV1633",0,0,0
"642","ASV1634",9.26984126984127e-05,0.000669959571835082,6.69959571835082e-05
"643","ASV1635",3.6e-05,0.00036,3.6e-05
"644","ASV1636",6e-05,6e-04,6e-05
"645","ASV1637",2e-05,2e-04,2e-05
"646","ASV1638",5.5e-05,0.000401355028105864,4.01355028105864e-05
"647","ASV1639",0,0,0
"648","ASV164",0.0265757812732279,0.0166351877774821,0.00166351877774821
"649","ASV1640",4.8e-05,0.00048,4.8e-05
"650","ASV1641",0,0,0
"651","ASV1642",3.63636363636364e-05,0.000363636363636364,3.63636363636364e-05
"652","ASV1643",0,0,0
"653","ASV1644",0,0,0
"654","ASV1645",0,0,0
"655","ASV1646",6.22222222222222e-05,0.000622222222222222,6.22222222222222e-05
"656","ASV1647",0,0,0
"657","ASV1649",0,0,0
"658","ASV165",0.0387835812066517,0.0216535036637733,0.00216535036637733
"659","ASV1652",0.000121558441558442,0.000934429798724048,9.34429798724048e-05
"660","ASV1653",0,0,0
"661","ASV1654",0,0,0
"662","ASV1655",0,0,0
"663","ASV1656",0,0,0
"664","ASV1657",8.93333333333334e-05,0.000640441766724857,6.40441766724857e-05
"665","ASV1658",0,0,0
"666","ASV1659",0,0,0
"667","ASV166",0.0252856220808252,0.015669637722559,0.0015669637722559
"668","ASV1660",3.69230769230769e-05,0.000369230769230769,3.69230769230769e-05
"669","ASV1661",3.33333333333333e-05,0.000333333333333333,3.33333333333333e-05
"670","ASV1662",3.33333333333333e-05,0.000333333333333333,3.33333333333333e-05
"671","ASV1663",0,0,0
"672","ASV1664",6.54545454545455e-05,0.000654545454545455,6.54545454545455e-05
"673","ASV1665",0,0,0
"674","ASV1666",0,0,0
"675","ASV1667",0.000423904761904762,0.00114786979511546,0.000114786979511546
"676","ASV1668",0.000341028971028971,0.00112326015277761,0.000112326015277761
"677","ASV1669",0.000176471861471861,0.000717133539766783,7.17133539766783e-05
"678","ASV167",0.0604814677319824,0.027692698124018,0.0027692698124018
"679","ASV1671",0.000533936507936508,0.00157354763861532,0.000157354763861532
"680","ASV1673",3.6e-05,0.00036,3.6e-05
"681","ASV1674",8.66666666666667e-05,0.000507231653800592,5.07231653800592e-05
"682","ASV1675",0.000772347763347763,0.00145436064669102,0.000145436064669102
"683","ASV1678",2.57142857142857e-05,0.000257142857142857,2.57142857142857e-05
"684","ASV1679",0,0,0
"685","ASV168",0.0235593565406341,0.0148081602786177,0.00148081602786177
"686","ASV1681",6.85714285714286e-05,0.000685714285714286,6.85714285714286e-05
"687","ASV1682",2.84444444444444e-05,0.000284444444444444,2.84444444444444e-05
"688","ASV1683",0.000381976911976912,0.00140108807749468,0.000140108807749468
"689","ASV1684",0.000155887445887446,0.00080090101712674,8.0090101712674e-05
"690","ASV1685",8.88888888888889e-05,0.000644989900360872,6.44989900360872e-05
"691","ASV1686",0.000379190476190476,0.00146013325505506,0.000146013325505506
"692","ASV1687",0.000169151515151515,0.000743349545509222,7.43349545509222e-05
"693","ASV1688",0.000140363636363636,0.000860660689687397,8.60660689687397e-05
"694","ASV1689",3.66666666666667e-05,0.000366666666666667,3.66666666666667e-05
"695","ASV169",0.0356840814089815,0.0211796269830653,0.00211796269830653
"696","ASV1691",0,0,0
"697","ASV1692",0.000170343434343434,0.000879935563894191,8.79935563894191e-05
"698","ASV1695",6.35897435897436e-05,0.00045326962182429,4.5326962182429e-05
"699","ASV1696",7.2e-05,0.000506539058890643,5.06539058890643e-05
"700","ASV1697",0.000101111111111111,0.000579634201421283,5.79634201421283e-05
"701","ASV1698",8.88888888888889e-05,0.000888888888888889,8.88888888888889e-05
"702","ASV1699",3.6e-05,0.00036,3.6e-05
"703","ASV17",0.146656938956961,0.0402521658372647,0.00402521658372647
"704","ASV170",0.035318029509183,0.0186457808060467,0.00186457808060467
"705","ASV1702",5.33333333333333e-05,0.000533333333333333,5.33333333333333e-05
"706","ASV1703",7e-05,0.000493037949607418,4.93037949607418e-05
"707","ASV1704",3.33333333333333e-05,0.000333333333333333,3.33333333333333e-05
"708","ASV1705",0,0,0
"709","ASV1706",0.000154,0.000919361267561238,9.19361267561238e-05
"710","ASV1707",8.98412698412698e-05,0.000527907360758802,5.27907360758802e-05
"711","ASV1708",0.000108333333333333,0.000817655554656486,8.17655554656486e-05
"712","ASV1709",3.5e-05,0.00035,3.5e-05
"713","ASV1710",0.000171406926406926,0.000883944832650859,8.83944832650859e-05
"714","ASV1711",3.33333333333333e-05,0.000333333333333333,3.33333333333333e-05
"715","ASV1712",0.000176121212121212,0.000914817518823092,9.14817518823092e-05
"716","ASV1713",3.6e-05,0.00036,3.6e-05
"717","ASV1714",0.00031708547008547,0.00140412453835574,0.000140412453835574
"718","ASV1715",0.000135111111111111,0.000666200210925767,6.66200210925767e-05
"719","ASV1716",0.000300760461760462,0.000964881998544218,9.64881998544218e-05
"720","ASV1717",0.000215507936507937,0.000913185037472721,9.13185037472721e-05
"721","ASV1718",0.000198174603174603,0.000897982425005338,8.97982425005338e-05
"722","ASV1719",4e-05,4e-04,4e-05
"723","ASV172",0.0855310064213392,0.0306154848321179,0.00306154848321179
"724","ASV1720",7.8e-05,0.000450070950884999,4.50070950884999e-05
"725","ASV1723",6.88888888888889e-05,0.000484908806573057,4.84908806573057e-05
"726","ASV1724",6.6e-05,0.000466281226105214,4.66281226105214e-05
"727","ASV1725",5.33333333333333e-05,0.000533333333333333,5.33333333333333e-05
"728","ASV1726",0.000103174603174603,0.000589844086457383,5.89844086457383e-05
"729","ASV1727",8.45555555555556e-05,0.000602494906396266,6.02494906396266e-05
"730","ASV1729",9.82222222222222e-05,0.000566295118174207,5.66295118174207e-05
"731","ASV173",0.0376614691065952,0.0237092901208501,0.00237092901208501
"732","ASV1730",0.000187555555555556,0.000869062388492137,8.69062388492137e-05
"733","ASV1731",0.000179285714285714,0.000839617308846339,8.39617308846339e-05
"734","ASV1732",6.66666666666667e-05,0.000469017647120966,4.69017647120966e-05
"735","ASV1733",0.00015,0.000891882585015845,8.91882585015845e-05
"736","ASV1734",0.000119142857142857,0.00071402656193465,7.1402656193465e-05
"737","ASV1735",0.000113269841269841,0.000655180820119441,6.55180820119441e-05
"738","ASV1736",0.00015747619047619,0.000802611251478016,8.02611251478016e-05
"739","ASV1737",6.96969696969697e-05,0.000490809317707327,4.90809317707327e-05
"740","ASV1738",0,0,0
"741","ASV1739",6.54545454545455e-05,0.000654545454545455,6.54545454545455e-05
"742","ASV174",0.0344891046175747,0.0184751274574776,0.00184751274574776
"743","ASV1740",0.00021231746031746,0.00114217866665118,0.000114217866665118
"744","ASV1741",0,0,0
"745","ASV1742",3.6e-05,0.00036,3.6e-05
"746","ASV1743",3.66666666666667e-05,0.000366666666666667,3.66666666666667e-05
"747","ASV1744",9.5e-05,0.000691561693385034,6.91561693385034e-05
"748","ASV1745",0,0,0
"749","ASV1746",3.55555555555556e-05,0.000355555555555556,3.55555555555556e-05
"750","ASV1747",0,0,0
"751","ASV1748",0,0,0
"752","ASV1749",0,0,0
"753","ASV175",0.00183112987012987,0.00446054370351819,0.000446054370351819
"754","ASV1750",2e-05,2e-04,2e-05
"755","ASV1751",3.42857142857143e-05,0.000342857142857143,3.42857142857143e-05
"756","ASV1752",0,0,0
"757","ASV1753",0,0,0
"758","ASV1754",0,0,0
"759","ASV1755",0,0,0
"760","ASV1756",9.98412698412698e-05,0.000757329184087939,7.57329184087939e-05
"761","ASV1757",0,0,0
"762","ASV1758",5.71428571428571e-05,0.000571428571428571,5.71428571428571e-05
"763","ASV1759",0,0,0
"764","ASV1760",0,0,0
"765","ASV1761",0,0,0
"766","ASV1762",0,0,0
"767","ASV1763",3.33333333333333e-05,0.000333333333333333,3.33333333333333e-05
"768","ASV1764",0,0,0
"769","ASV1765",3.55555555555556e-05,0.000355555555555556,3.55555555555556e-05
"770","ASV1766",0,0,0
"771","ASV1767",0,0,0
"772","ASV1768",0,0,0
"773","ASV1769",0,0,0
"774","ASV177",0.00986797588110578,0.0108826733520907,0.00108826733520907
"775","ASV1770",6.22222222222222e-05,0.000622222222222222,6.22222222222222e-05
"776","ASV1771",0.000365247863247863,0.00186647946009848,0.000186647946009848
"777","ASV1772",9.21428571428571e-05,0.000667075863904919,6.67075863904919e-05
"778","ASV1773",0,0,0
"779","ASV1774",0,0,0
"780","ASV1775",0,0,0
"781","ASV1776",0,0,0
"782","ASV1777",5.33333333333333e-05,0.000533333333333333,5.33333333333333e-05
"783","ASV1778",3.2e-05,0.00032,3.2e-05
"784","ASV1779",0.000174365079365079,0.00103339027047371,0.000103339027047371
"785","ASV178",0.041912322879645,0.0225738074208182,0.00225738074208182
"786","ASV1780",6e-05,6e-04,6e-05
"787","ASV1781",0,0,0
"788","ASV1782",0,0,0
"789","ASV1783",0,0,0
"790","ASV1784",0,0,0
"791","ASV1785",0,0,0
"792","ASV1786",0,0,0
"793","ASV1788",0,0,0
"794","ASV1789",0,0,0
"795","ASV179",0.0326423536999038,0.0201171814121737,0.00201171814121737
"796","ASV1791",0,0,0
"797","ASV1792",0,0,0
"798","ASV1793",3.5e-05,0.00035,3.5e-05
"799","ASV1794",0,0,0
"800","ASV1795",0,0,0
"801","ASV1796",3.6e-05,0.00036,3.6e-05
"802","ASV1797",0,0,0
"803","ASV1798",5.71428571428571e-05,0.000571428571428571,5.71428571428571e-05
"804","ASV1799",0.000101818181818182,0.00101818181818182,0.000101818181818182
"805","ASV18",0.110525803311459,0.0392041663237124,0.00392041663237124
"806","ASV180",0.0360480866456064,0.0207090780152008,0.00207090780152008
"807","ASV1800",0,0,0
"808","ASV1801",0,0,0
"809","ASV1802",0,0,0
"810","ASV1803",5.33333333333333e-05,0.000533333333333333,5.33333333333333e-05
"811","ASV1804",0,0,0
"812","ASV1805",0.000105142857142857,0.00074255604953685,7.4255604953685e-05
"813","ASV1806",0,0,0
"814","ASV1807",0.000123174603174603,0.000949482843995341,9.49482843995341e-05
"815","ASV1808",0,0,0
"816","ASV1809",0,0,0
"817","ASV181",0.00238603607503608,0.00564435166472958,0.000564435166472958
"818","ASV1810",0,0,0
"819","ASV1811",0,0,0
"820","ASV1812",0,0,0
"821","ASV1813",3.55555555555556e-05,0.000355555555555556,3.55555555555556e-05
"822","ASV1814",0,0,0
"823","ASV1815",0,0,0
"824","ASV1816",0,0,0
"825","ASV1817",0,0,0
"826","ASV1819",0,0,0
"827","ASV182",0.149426192111747,0.0387796298942387,0.00387796298942387
"828","ASV1820",3.5e-05,0.00035,3.5e-05
"829","ASV1821",0,0,0
"830","ASV1822",3.33333333333333e-05,0.000333333333333333,3.33333333333333e-05
"831","ASV1823",0,0,0
"832","ASV1824",4.8e-05,0.00048,4.8e-05
"833","ASV1825",0,0,0
"834","ASV1826",0,0,0
"835","ASV1827",0,0,0
"836","ASV1828",3.2e-05,0.00032,3.2e-05
"837","ASV1829",0,0,0
"838","ASV183",0.0230496495930671,0.0176402896810087,0.00176402896810087
"839","ASV1830",0,0,0
"840","ASV1831",0,0,0
"841","ASV1832",0,0,0
"842","ASV1833",9.6e-05,0.00096,9.6e-05
"843","ASV1834",3e-05,3e-04,3e-05
"844","ASV1835",0,0,0
"845","ASV1836",0,0,0
"846","ASV1837",0,0,0
"847","ASV1838",0,0,0
"848","ASV1839",0.000179363636363636,0.000950576694130108,9.50576694130108e-05
"849","ASV184",0.0403491535170368,0.0251087083591303,0.00251087083591303
"850","ASV1840",0.000410214674214674,0.00125836868864394,0.000125836868864394
"851","ASV1842",0.000686978354978355,0.00154249786060573,0.000154249786060573
"852","ASV1843",0.000350460317460317,0.00133300757404211,0.000133300757404211
"853","ASV1845",0.000295242424242424,0.00114392866473812,0.000114392866473812
"854","ASV1846",0.000130666666666667,0.000855479204254163,8.55479204254163e-05
"855","ASV1847",0.000191805194805195,0.00103975681415184,0.000103975681415184
"856","ASV1848",5.33333333333333e-05,0.000533333333333333,5.33333333333333e-05
"857","ASV1849",0.000369952380952381,0.00124909288325175,0.000124909288325175
"858","ASV185",0.039909820633283,0.0265934428901466,0.00265934428901466
"859","ASV1851",0.00031581684981685,0.00136070412421094,0.000136070412421094
"860","ASV1852",0.000141507936507936,0.000713811410586769,7.13811410586769e-05
"861","ASV1854",0.000380261294261294,0.00138056941031352,0.000138056941031352
"862","ASV1855",0.000203079365079365,0.00092234726062455,9.2234726062455e-05
"863","ASV1856",0.00101532123432123,0.00207033504918944,0.000207033504918944
"864","ASV1857",0.000725550005550006,0.00188696342609771,0.000188696342609771
"865","ASV1858",0.000987309523809524,0.00217184323211758,0.000217184323211758
"866","ASV186",0.0391560961959773,0.0207421729752629,0.00207421729752629
"867","ASV1860",0.000419781385281385,0.00141282673303511,0.000141282673303511
"868","ASV1861",0.000147555555555556,0.000772668935541359,7.72668935541359e-05
"869","ASV1862",0.000177539682539683,0.000731017103377875,7.31017103377875e-05
"870","ASV1863",0.000180646464646465,0.000811620153236424,8.11620153236424e-05
"871","ASV1864",0.000392119991119991,0.0011528423897938,0.00011528423897938
"872","ASV1865",0.000157619047619048,0.00101733064167233,0.000101733064167233
"873","ASV1866",0.000231190476190476,0.00103181426680789,0.000103181426680789
"874","ASV1867",0.000101190476190476,0.000632529543426952,6.32529543426953e-05
"875","ASV1868",0.000112380952380952,0.000699642103047133,6.99642103047133e-05
"876","ASV1869",0.000138545454545455,0.00114750611708437,0.000114750611708437
"877","ASV187",0.0405897670120131,0.0203736071739158,0.00203736071739158
"878","ASV1870",7.51688311688311e-05,0.000541309918372198,5.41309918372198e-05
"879","ASV1871",6e-05,6e-04,6e-05
"880","ASV1872",0.000114603174603175,0.000661629888608534,6.61629888608534e-05
"881","ASV1873",0.000167,0.00110975164307848,0.000110975164307848
"882","ASV1874",0.000119,0.000687800622978561,6.87800622978561e-05
"883","ASV1875",0.00013069696969697,0.000778615061594248,7.78615061594248e-05
"884","ASV1877",3.33333333333333e-05,0.000333333333333333,3.33333333333333e-05
"885","ASV1878",0.000172190476190476,0.000898268060293057,8.98268060293057e-05
"886","ASV188",0.0981810991983862,0.0353952461614517,0.00353952461614517
"887","ASV1880",7.33333333333333e-05,0.000567705524272542,5.67705524272542e-05
"888","ASV1881",0,0,0
"889","ASV1882",0,0,0
"890","ASV1883",0,0,0
"891","ASV1884",7e-05,0.000492468529477014,4.92468529477014e-05
"892","ASV1885",0.000155952380952381,0.000840979659447201,8.40979659447201e-05
"893","ASV1888",6.89230769230769e-05,0.000486152665898069,4.86152665898069e-05
"894","ASV189",0.200655992928849,0.0520540270796501,0.00520540270796501
"895","ASV1890",0,0,0
"896","ASV1891",3.5e-05,0.00035,3.5e-05
"897","ASV1892",3.2e-05,0.00032,3.2e-05
"898","ASV1893",0,0,0
"899","ASV1894",3.55555555555556e-05,0.000355555555555556,3.55555555555556e-05
"900","ASV1895",0,0,0
"901","ASV1896",0,0,0
"902","ASV1897",0,0,0
"903","ASV1898",6.54545454545455e-05,0.000654545454545455,6.54545454545455e-05
"904","ASV1899",0.000185142857142857,0.000929566388919026,9.29566388919026e-05
"905","ASV1900",0,0,0
"906","ASV1902",6.83636363636364e-05,0.000481955002490978,4.81955002490978e-05
"907","ASV1903",3.2e-05,0.00032,3.2e-05
"908","ASV1905",6.75555555555556e-05,0.000475942446227705,4.75942446227705e-05
"909","ASV1906",0.000168571428571429,0.000995437955035518,9.95437955035518e-05
"910","ASV1907",5.33333333333333e-05,0.000533333333333333,5.33333333333333e-05
"911","ASV1908",3.66666666666667e-05,0.000366666666666667,3.66666666666667e-05
"912","ASV1909",5.71428571428571e-05,0.000571428571428571,5.71428571428571e-05
"913","ASV191",0.00197564023558141,0.00407683130097025,0.000407683130097025
"914","ASV1910",3.6e-05,0.00036,3.6e-05
"915","ASV1911",0,0,0
"916","ASV1912",0.000118666666666667,0.000724345286638972,7.24345286638972e-05
"917","ASV1913",6.22222222222222e-05,0.000622222222222222,6.22222222222222e-05
"918","ASV1914",0,0,0
"919","ASV1915",0,0,0
"920","ASV1916",3.2e-05,0.00032,3.2e-05
"921","ASV1917",0,0,0
"922","ASV1918",0,0,0
"923","ASV1919",3.6e-05,0.00036,3.6e-05
"924","ASV192",0.0261237056817862,0.014139499000745,0.0014139499000745
"925","ASV1920",0,0,0
"926","ASV1921",0.00013968253968254,0.000842993928536153,8.42993928536153e-05
"927","ASV1922",3.2e-05,0.00032,3.2e-05
"928","ASV1923",0,0,0
"929","ASV1924",6.75555555555556e-05,0.000475942446227705,4.75942446227705e-05
"930","ASV1926",6.8e-05,0.00047890864000559,4.7890864000559e-05
"931","ASV1927",0.000158585858585859,0.000819344893902708,8.19344893902708e-05
"932","ASV1928",0.000175653235653236,0.000770005207540706,7.70005207540706e-05
"933","ASV1929",3.5e-05,0.00035,3.5e-05
"934","ASV1932",0.00036817316017316,0.00130254412506973,0.000130254412506973
"935","ASV1933",0.000565079365079365,0.00140697409669917,0.000140697409669917
"936","ASV1934",0.000388488733488733,0.00129124048687271,0.000129124048687271
"937","ASV1937",0.000478618492618493,0.00139245089897113,0.000139245089897113
"938","ASV1938",8e-05,8e-04,8e-05
"939","ASV1939",0.000253666666666667,0.00117970963156822,0.000117970963156822
"940","ASV194",0.0262464831622663,0.0176814766231141,0.00176814766231141
"941","ASV1940",0,0,0
"942","ASV1941",3.42857142857143e-05,0.000342857142857143,3.42857142857143e-05
"943","ASV1942",0.000126666666666667,0.000892392086676947,8.92392086676947e-05
"944","ASV1944",0.000141666666666667,0.00063226695622037,6.32266956220369e-05
"945","ASV1945",0.000104333333333333,0.000596560568412388,5.96560568412388e-05
"946","ASV1946",0.000170555555555556,0.000922257209997132,9.22257209997132e-05
"947","ASV1947",2e-05,2e-04,2e-05
"948","ASV1948",3.42857142857143e-05,0.000342857142857143,3.42857142857143e-05
"949","ASV1949",0,0,0
"950","ASV195",0.0947201053986112,0.0364621284633805,0.00364621284633805
"951","ASV1952",3.2e-05,0.00032,3.2e-05
"952","ASV1953",2.03174603174603e-05,0.000203174603174603,2.03174603174603e-05
"953","ASV1954",0.000199757575757576,0.00120020649177365,0.000120020649177365
"954","ASV1955",0.000200142857142857,0.00100472291219142,0.000100472291219142
"955","ASV1956",7.2e-05,0.000509719669440116,5.09719669440116e-05
"956","ASV1957",9e-05,0.000668104510060841,6.68104510060841e-05
"957","ASV1959",0.000151619047619048,0.000767921982340207,7.67921982340207e-05
"958","ASV1961",0.000139285714285714,0.000870765662270844,8.70765662270844e-05
"959","ASV1962",0.000140238095238095,0.000690761373161003,6.90761373161003e-05
"960","ASV1963",3.55555555555556e-05,0.000355555555555556,3.55555555555556e-05
"961","ASV1964",0,0,0
"962","ASV1965",0,0,0
"963","ASV1966",0,0,0
"964","ASV1967",0,0,0
"965","ASV1968",0,0,0
"966","ASV1969",0,0,0
"967","ASV197",0.0282261862441712,0.017840868394944,0.0017840868394944
"968","ASV1970",0,0,0
"969","ASV1971",0,0,0
"970","ASV1972",0,0,0
"971","ASV1973",5.63636363636364e-05,0.000413233792332868,4.13233792332868e-05
"972","ASV1974",0,0,0
"973","ASV1976",3.5e-05,0.00035,3.5e-05
"974","ASV1977",0,0,0
"975","ASV1978",0,0,0
"976","ASV1979",3.6e-05,0.00036,3.6e-05
"977","ASV198",0.0366115492153783,0.0220577080153103,0.00220577080153103
"978","ASV1980",9.55555555555556e-05,0.000694341406497305,6.94341406497305e-05
"979","ASV1983",0,0,0
"980","ASV1984",3.42857142857143e-05,0.000342857142857143,3.42857142857143e-05
"981","ASV1985",9.42857142857143e-05,0.000688037191038623,6.88037191038623e-05
"982","ASV1987",0,0,0
"983","ASV1988",0,0,0
"984","ASV199",0.0966053728614784,0.0295238051492486,0.00295238051492486
"985","ASV1990",3.5e-05,0.00035,3.5e-05
"986","ASV1991",6.85714285714286e-05,0.000685714285714286,6.85714285714286e-05
"987","ASV1992",0,0,0
"988","ASV1993",0,0,0
"989","ASV1994",0,0,0
"990","ASV1995",4.8e-05,0.00048,4.8e-05
"991","ASV1996",0,0,0
"992","ASV1997",3.5e-05,0.00035,3.5e-05
"993","ASV1998",0,0,0
"994","ASV1999",0,0,0
"995","ASV2",0.349161865840984,0.0609965591529396,0.00609965591529396
"996","ASV20",0.0602663490449934,0.0251721105157135,0.00251721105157135
"997","ASV200",0.0390843145645145,0.0230892055261784,0.00230892055261784
"998","ASV2000",0,0,0
"999","ASV2001",0,0,0
"1000","ASV2002",3.2e-05,0.00032,3.2e-05
"1001","ASV2004",0,0,0
"1002","ASV2005",0,0,0
"1003","ASV2006",3.33333333333333e-05,0.000333333333333333,3.33333333333333e-05
"1004","ASV2008",0,0,0
"1005","ASV2009",0.000328369408369408,0.00133663224717586,0.000133663224717586
"1006","ASV201",0.0132144048909766,0.0109450441850339,0.00109450441850339
"1007","ASV2010",2.8e-05,0.00028,2.8e-05
"1008","ASV2011",0,0,0
"1009","ASV2012",0,0,0
"1010","ASV2013",3.5e-05,0.00035,3.5e-05
"1011","ASV2014",2.66666666666667e-05,0.000266666666666667,2.66666666666667e-05
"1012","ASV2015",6.85714285714286e-05,0.000685714285714286,6.85714285714286e-05
"1013","ASV2016",0.000123982683982684,0.000723944835698885,7.23944835698885e-05
"1014","ASV2017",2e-05,2e-04,2e-05
"1015","ASV2018",0,0,0
"1016","ASV2019",9.6e-05,0.00096,9.6e-05
"1017","ASV202",0.0110832193005063,0.0109646752639864,0.00109646752639864
"1018","ASV2020",9.52380952380952e-05,0.000547854269075545,5.47854269075545e-05
"1019","ASV2021",3.6e-05,0.00036,3.6e-05
"1020","ASV2022",0,0,0
"1021","ASV2023",0.000110952380952381,0.000556278853007469,5.56278853007469e-05
"1022","ASV2024",0,0,0
"1023","ASV2025",0,0,0
"1024","ASV2026",0,0,0
"1025","ASV2027",5.33333333333333e-05,0.000533333333333333,5.33333333333333e-05
"1026","ASV2028",0,0,0
"1027","ASV2029",0,0,0
"1028","ASV203",0.0971523790305117,0.0371188710561768,0.00371188710561768
"1029","ASV2032",0,0,0
"1030","ASV2033",0,0,0
"1031","ASV2034",5.71428571428571e-05,0.000571428571428571,5.71428571428571e-05
"1032","ASV2035",0,0,0
"1033","ASV2037",0,0,0
"1034","ASV2039",0,0,0
"1035","ASV2040",0,0,0
"1036","ASV2041",0,0,0
"1037","ASV2042",5.71428571428571e-05,0.000571428571428571,5.71428571428571e-05
"1038","ASV2043",0,0,0
"1039","ASV2044",0.000164,0.00115413354618269,0.000115413354618269
"1040","ASV2045",0,0,0
"1041","ASV2046",4e-05,4e-04,4e-05
"1042","ASV2047",0,0,0
"1043","ASV2048",0,0,0
"1044","ASV2049",6.33333333333333e-05,0.000446196043338474,4.46196043338474e-05
"1045","ASV205",0.00450245761289906,0.00687672223133835,0.000687672223133835
"1046","ASV2050",3.2e-05,0.00032,3.2e-05
"1047","ASV2051",0,0,0
"1048","ASV2052",3e-05,3e-04,3e-05
"1049","ASV2053",0,0,0
"1050","ASV2054",0,0,0
"1051","ASV2055",7.5e-05,0.00075,7.5e-05
"1052","ASV2057",6.92857142857143e-05,0.000487469771354,4.87469771354e-05
"1053","ASV2058",0,0,0
"1054","ASV2059",0,0,0
"1055","ASV206",0.264511345247234,0.0597299941146049,0.00597299941146049
"1056","ASV2060",7.27272727272727e-05,0.000511655615041053,5.11655615041053e-05
"1057","ASV2061",0,0,0
"1058","ASV2062",0,0,0
"1059","ASV2063",0,0,0
"1060","ASV2064",0,0,0
"1061","ASV2065",0.000132363636363636,0.000781290872209093,7.81290872209093e-05
"1062","ASV2066",0,0,0
"1063","ASV2067",0.000106666666666667,0.00060958793954761,6.0958793954761e-05
"1064","ASV2068",0,0,0
"1065","ASV2069",0,0,0
"1066","ASV2070",6.76923076923077e-05,0.000676923076923077,6.76923076923077e-05
"1067","ASV2071",0,0,0
"1068","ASV2073",0,0,0
"1069","ASV2074",0,0,0
"1070","ASV2075",2.66666666666667e-05,0.000266666666666667,2.66666666666667e-05
"1071","ASV2076",0,0,0
"1072","ASV2077",0,0,0
"1073","ASV2078",3.42857142857143e-05,0.000342857142857143,3.42857142857143e-05
"1074","ASV2079",0,0,0
"1075","ASV208",0.00893054491334334,0.00978827933627957,0.000978827933627956
"1076","ASV2080",0,0,0
"1077","ASV2081",0,0,0
"1078","ASV2082",0,0,0
"1079","ASV2083",0,0,0
"1080","ASV2084",0,0,0
"1081","ASV2085",0,0,0
"1082","ASV2086",6.2e-05,0.000436417925915751,4.36417925915751e-05
"1083","ASV2087",0,0,0
"1084","ASV2088",0,0,0
"1085","ASV2089",0,0,0
"1086","ASV209",0.0391910430110638,0.0239593950481132,0.00239593950481132
"1087","ASV2090",2.66666666666667e-05,0.000266666666666667,2.66666666666667e-05
"1088","ASV2091",0,0,0
"1089","ASV2092",0,0,0
"1090","ASV2093",0.000358438672438672,0.00136555690618155,0.000136555690618155
"1091","ASV2094",0.000348627372627373,0.00112022821850612,0.000112022821850612
"1092","ASV2096",0.000306030303030303,0.00115271074295895,0.000115271074295895
"1093","ASV2097",0.000360721611721612,0.00124522213195871,0.000124522213195871
"1094","ASV2098",0.000210558441558442,0.00103752635521395,0.000103752635521395
"1095","ASV2099",0.000182309523809524,0.00101678779694358,0.000101678779694358
"1096","ASV21",0.443501250550407,0.0697303522463009,0.00697303522463009
"1097","ASV2100",0.000209062049062049,0.000887094578063046,8.87094578063046e-05
"1098","ASV2102",0.000317892551892552,0.00147537395186156,0.000147537395186156
"1099","ASV2103",0.000176,0.000888864646134059,8.88864646134059e-05
"1100","ASV2104",0.000392569985569986,0.00131547358356708,0.000131547358356708
"1101","ASV2105",0.000102460317460317,0.000724043143166928,7.24043143166928e-05
"1102","ASV2107",0.000297354978354978,0.00137138680195049,0.000137138680195049
"1103","ASV2109",0.000558020202020202,0.00152693541096272,0.000152693541096272
"1104","ASV2110",0.000250700854700855,0.000989956496004562,9.89956496004562e-05
"1105","ASV2112",0.000310584415584416,0.00119379505871229,0.000119379505871229
"1106","ASV2113",0.000284015873015873,0.00098144709141899,9.8144709141899e-05
"1107","ASV2114",0.000196714285714286,0.000884796468553526,8.84796468553526e-05
"1108","ASV2116",0.000754331446331446,0.00168974952889062,0.000168974952889062
"1109","ASV2117",0.000406619047619048,0.00118912436860574,0.000118912436860574
"1110","ASV212",0.0328011774309506,0.0195309320966956,0.00195309320966956
"1111","ASV2120",0.000613122655122655,0.0017294447104735,0.00017294447104735
"1112","ASV2122",0.000394190476190476,0.00110199612742178,0.000110199612742178
"1113","ASV2123",0.000387815295815296,0.00130528971247196,0.000130528971247196
"1114","ASV2124",0.000483677766677767,0.00152777118609853,0.000152777118609853
"1115","ASV2125",0.000451411255411255,0.00135397370454421,0.000135397370454421
"1116","ASV2126",0.000588611832611833,0.00173894793174499,0.000173894793174499
"1117","ASV2127",0.000253349206349206,0.00104586627546918,0.000104586627546918
"1118","ASV2128",0.000675542901542902,0.00152260511111432,0.000152260511111432
"1119","ASV213",0.097266419551853,0.0360821572336654,0.00360821572336654
"1120","ASV2131",0.000704441114441114,0.00194783036087539,0.000194783036087539
"1121","ASV2133",0.000138333333333333,0.000867176423511934,8.67176423511934e-05
"1122","ASV2135",0.000177300144300144,0.00084743600704969,8.4743600704969e-05
"1123","ASV2137",0.000100909090909091,0.000588008704510982,5.88008704510982e-05
"1124","ASV2139",0.000115746031746032,0.000672237263682914,6.72237263682914e-05
"1125","ASV214",0.0184233663025029,0.0150106980638284,0.00150106980638284
"1126","ASV2140",9.52380952380952e-05,0.000733226505965026,7.33226505965026e-05
"1127","ASV2141",0.000189518037518037,0.000940102071480132,9.40102071480132e-05
"1128","ASV2142",0.000155365079365079,0.000689600242730447,6.89600242730447e-05
"1129","ASV2143",0.000193428571428571,0.000912021903743415,9.12021903743415e-05
"1130","ASV2146",5.96363636363636e-05,0.00042974844951505,4.2974844951505e-05
"1131","ASV2147",0.000165881673881674,0.000732672232678754,7.32672232678754e-05
"1132","ASV2149",0.000116393939393939,0.000583353959541363,5.83353959541363e-05
"1133","ASV215",0.0420428396161727,0.0205070953164544,0.00205070953164544
"1134","ASV2151",0.000142060606060606,0.000764187284569272,7.64187284569272e-05
"1135","ASV2152",0.00012647619047619,0.000746199459211757,7.46199459211757e-05
"1136","ASV2153",0.00030275468975469,0.00120859275492601,0.000120859275492601
"1137","ASV2158",0.000227559884559885,0.000854890940648363,8.54890940648363e-05
"1138","ASV2160",0.000230649350649351,0.00105729628555632,0.000105729628555632
"1139","ASV2161",0.000184585858585859,0.00103845357620594,0.000103845357620594
"1140","ASV2163",0.000363507936507937,0.00121193380680383,0.000121193380680383
"1141","ASV2164",0.000374444444444444,0.00133845480849049,0.000133845480849049
"1142","ASV2166",0.00012,0.000705151797302579,7.05151797302579e-05
"1143","ASV2167",0.000361152958152958,0.00138457182612861,0.000138457182612861
"1144","ASV2168",0.000383255241490536,0.0014172697821424,0.00014172697821424
"1145","ASV217",0.0111606365433224,0.0113872513424299,0.00113872513424299
"1146","ASV2171",0.00024774025974026,0.00118478125851093,0.000118478125851093
"1147","ASV2173",0.000228027417027417,0.00093550154842392,9.3550154842392e-05
"1148","ASV2174",0.0002661443001443,0.000942254629823681,9.42254629823681e-05
"1149","ASV2177",0.000283096681096681,0.00121312493623938,0.000121312493623938
"1150","ASV2179",0.000324761904761905,0.00127210872595135,0.000127210872595135
"1151","ASV218",0.260663714333077,0.0579401306520487,0.00579401306520487
"1152","ASV2180",0.0002853705118411,0.00125169470769399,0.000125169470769399
"1153","ASV2181",0.000160873015873016,0.000699803059315617,6.99803059315617e-05
"1154","ASV2182",0.00023352380952381,0.000916205176087249,9.16205176087249e-05
"1155","ASV2183",0.00038760927960928,0.00122791218581015,0.000122791218581015
"1156","ASV2184",0.000406390565955783,0.00145343963258288,0.000145343963258288
"1157","ASV2185",0.00036752380952381,0.00136912002364579,0.000136912002364579
"1158","ASV2186",0.000209776334776335,0.000967793713983497,9.67793713983497e-05
"1159","ASV2189",0.000408020757020757,0.00145236929399888,0.000145236929399888
"1160","ASV219",0.312413265537225,0.0598700472721533,0.00598700472721533
"1161","ASV2190",0.000376924630924631,0.00125124199839221,0.000125124199839221
"1162","ASV2191",0.000328666666666667,0.001328579786575,0.0001328579786575
"1163","ASV2193",0.000327158397158397,0.0013993122085367,0.00013993122085367
"1164","ASV2195",0.000288201298701299,0.00102259572231669,0.000102259572231669
"1165","ASV2197",0.000170285714285714,0.000820796682737515,8.20796682737515e-05
"1166","ASV2198",0.000222518037518038,0.000950419688205263,9.50419688205263e-05
"1167","ASV2199",0.000526219447219447,0.00145995321957957,0.000145995321957957
"1168","ASV220",0.039019660898202,0.0191491629960767,0.00191491629960767
"1169","ASV2200",0.000281663780663781,0.00118865666698604,0.000118865666698604
"1170","ASV2201",0.000313606863724511,0.00119146012183781,0.000119146012183781
"1171","ASV2202",0.000321333333333333,0.00161735018584221,0.000161735018584221
"1172","ASV2203",0.000236377233877234,0.000901713217170731,9.01713217170731e-05
"1173","ASV2206",0.000121515151515152,0.000719698919012069,7.19698919012068e-05
"1174","ASV2207",0.000211190476190476,0.000973059862379529,9.73059862379529e-05
"1175","ASV2208",0.000247243423243423,0.000899711915823766,8.99711915823766e-05
"1176","ASV221",0.00855612127855095,0.00972487216293139,0.000972487216293139
"1177","ASV2210",0.000282349206349206,0.00126148394801371,0.000126148394801371
"1178","ASV2211",0.000157031746031746,0.000705672951026764,7.05672951026764e-05
"1179","ASV2213",0.00013631746031746,0.000671874089327777,6.71874089327777e-05
"1180","ASV2216",0.000281489177489177,0.00122289150850322,0.000122289150850322
"1181","ASV2218",0.000234040293040293,0.00116829111842478,0.000116829111842478
"1182","ASV2219",7.9030303030303e-05,0.000474284924032349,4.74284924032349e-05
"1183","ASV222",0.0286573608759138,0.018705734423379,0.0018705734423379
"1184","ASV2221",0.00014,0.000820772371060245,8.20772371060245e-05
"1185","ASV2222",0.000248190476190476,0.000922658441958696,9.22658441958696e-05
"1186","ASV2223",0.000175365079365079,0.00078801385955953,7.8801385955953e-05
"1187","ASV2224",0.000188454545454545,0.00115441266237049,0.000115441266237049
"1188","ASV2225",0.000367119769119769,0.00120925030254788,0.000120925030254788
"1189","ASV2226",0.000261862637362637,0.0011682355465495,0.00011682355465495
"1190","ASV2227",0.000308111111111111,0.00134681442796678,0.000134681442796678
"1191","ASV2228",0.000401428571428571,0.00134831912089608,0.000134831912089608
"1192","ASV223",0.0360216564651887,0.0240607014178786,0.00240607014178786
"1193","ASV2230",0.000642746031746032,0.00164171310592611,0.000164171310592611
"1194","ASV2232",0.000662751803751804,0.00169049211851071,0.000169049211851071
"1195","ASV2233",0.000744728937728938,0.00192205025547368,0.000192205025547368
"1196","ASV2234",0.000782030303030303,0.00168759292114723,0.000168759292114723
"1197","ASV2235",0.00067021645021645,0.00216585082213238,0.000216585082213238
"1198","ASV2236",0.00125665079365079,0.00217253711757713,0.000217253711757713
"1199","ASV2237",0.00101225396825397,0.00178140935966375,0.000178140935966375
"1200","ASV2238",0.000879650793650794,0.00195629372308383,0.000195629372308383
"1201","ASV2239",0.000750500721500721,0.00183413255871119,0.000183413255871119
"1202","ASV224",0.0163845206511306,0.0131642573603787,0.00131642573603787
"1203","ASV2240",0.000795827838827839,0.0017561686788591,0.00017561686788591
"1204","ASV2244",0.00109678077151607,0.0020780155518469,0.00020780155518469
"1205","ASV2245",0.000942146187146187,0.00187255704498137,0.000187255704498137
"1206","ASV2246",0.000786333333333333,0.00170558003470078,0.000170558003470078
"1207","ASV2248",0.000753874458874459,0.00175983127030993,0.000175983127030993
"1208","ASV2249",0.00068784126984127,0.00144290001634885,0.000144290001634885
"1209","ASV225",0.0391898979044198,0.0226617221987557,0.00226617221987557
"1210","ASV2250",0.00089084126984127,0.00186817655642705,0.000186817655642705
"1211","ASV2251",0.000483798440121969,0.0016767236889695,0.00016767236889695
"1212","ASV2252",0.000240253968253968,0.000924569377198883,9.24569377198883e-05
"1213","ASV2253",0.000269473415473415,0.00142355507218621,0.00014235550721862
"1214","ASV2254",0.000151333333333333,0.000781871190748552,7.81871190748552e-05
"1215","ASV2257",0.00013517316017316,0.0007875940508747,7.875940508747e-05
"1216","ASV2258",0.00037584126984127,0.00118107897254581,0.000118107897254581
"1217","ASV2259",0.000126285714285714,0.00062460101284759,6.2460101284759e-05
"1218","ASV226",0.0376231299909644,0.0242621082101889,0.00242621082101889
"1219","ASV2261",0.000158412698412698,0.000815201959463399,8.15201959463399e-05
"1220","ASV2262",7.83030303030303e-05,0.000565056536011122,5.65056536011122e-05
"1221","ASV2263",0.000119698412698413,0.000830571925842273,8.30571925842273e-05
"1222","ASV2265",0.000200351648351648,0.000854383947591245,8.54383947591245e-05
"1223","ASV2266",0.000179219447219447,0.000930372822522184,9.30372822522184e-05
"1224","ASV2267",0.000186952380952381,0.00116937148931388,0.000116937148931388
"1225","ASV2268",0.000428920634920635,0.00138356841772808,0.000138356841772808
"1226","ASV2269",0.00028365367965368,0.0011122184081665,0.00011122184081665
"1227","ASV2270",0.000275015873015873,0.00105861816262554,0.000105861816262554
"1228","ASV2273",0.000359642135642136,0.00108025845446723,0.000108025845446723
"1229","ASV2274",0.000303484084542908,0.00125140051562911,0.000125140051562911
"1230","ASV2275",0.000186168831168831,0.000984073052586128,9.84073052586128e-05
"1231","ASV2277",0.000306445887445887,0.00111086600042755,0.000111086600042755
"1232","ASV2278",0.000274135642135642,0.000890194951671079,8.90194951671079e-05
"1233","ASV228",0.281336160331891,0.0568648291692722,0.00568648291692722
"1234","ASV2280",0.000146984126984127,0.00078554339049365,7.8554339049365e-05
"1235","ASV2281",0.000278793650793651,0.000965168850226325,9.65168850226325e-05
"1236","ASV2282",0.00014815873015873,0.000656154483553115,6.56154483553115e-05
"1237","ASV2283",0.000219526695526696,0.00087912092517658,8.7912092517658e-05
"1238","ASV2284",0.000244698301698302,0.00092460594644959,9.2460594644959e-05
"1239","ASV2285",3.42857142857143e-05,0.000342857142857143,3.42857142857143e-05
"1240","ASV2287",0.000224658008658009,0.00123582133839262,0.000123582133839262
"1241","ASV2288",0.000218095238095238,0.00115105346124251,0.000115105346124251
"1242","ASV2289",0.000288747899159664,0.00126961882407746,0.000126961882407746
"1243","ASV229",0.0410918600988384,0.0220572124841556,0.00220572124841556
"1244","ASV2290",0,0,0
"1245","ASV2291",8.67878787878788e-05,0.000686381764427136,6.86381764427136e-05
"1246","ASV2292",0.000169222222222222,0.000741896161167018,7.41896161167018e-05
"1247","ASV2294",0.000100952380952381,0.000576984375092988,5.76984375092988e-05
"1248","ASV2295",3.33333333333333e-05,0.000333333333333333,3.33333333333333e-05
"1249","ASV2296",7.6e-05,0.000535435252006168,5.35435252006168e-05
"1250","ASV2297",0.000172692307692308,0.0010449021117629,0.00010449021117629
"1251","ASV2298",0.000123428571428571,0.000951851627794903,9.51851627794903e-05
"1252","ASV2299",0.000265930402930403,0.00126204586860694,0.000126204586860694
"1253","ASV23",0.0906957347057902,0.0332913822996634,0.00332913822996634
"1254","ASV230",0.0396883864118099,0.0214476386080924,0.00214476386080924
"1255","ASV2300",0,0,0
"1256","ASV2301",7.48571428571429e-05,0.000532262065731903,5.32262065731903e-05
"1257","ASV2302",0.000193333333333333,0.0011693619659487,0.00011693619659487
"1258","ASV2303",0.00014984126984127,0.000874457160000034,8.74457160000034e-05
"1259","ASV2304",0.000116888888888889,0.000822641443768554,8.22641443768555e-05
"1260","ASV2305",8.74358974358974e-05,0.000510212157036894,5.10212157036894e-05
"1261","ASV2306",0.00014,0.000995139703912486,9.95139703912486e-05
"1262","ASV2307",8.0987012987013e-05,0.000467235082589192,4.67235082589192e-05
"1263","ASV2308",7.06666666666667e-05,0.00049797074181943,4.9797074181943e-05
"1264","ASV2309",0.000278031746031746,0.00121080240814882,0.000121080240814882
"1265","ASV231",0.0090368108245832,0.0100963998533595,0.00100963998533595
"1266","ASV2310",7.21269841269841e-05,0.000507483780924763,5.07483780924763e-05
"1267","ASV2312",0.000217047619047619,0.00103089834863024,0.000103089834863024
"1268","ASV2313",0.000311238095238095,0.0015007373558936,0.00015007373558936
"1269","ASV2315",7.57142857142857e-05,0.000544250887979222,5.44250887979222e-05
"1270","ASV2316",0.000167936507936508,0.000870480905741658,8.70480905741658e-05
"1271","ASV2317",9.79220779220779e-05,0.000560393767340497,5.60393767340497e-05
"1272","ASV2318",0.000213103641456583,0.000896587091703805,8.96587091703804e-05
"1273","ASV2319",0.00014831746031746,0.000785783948986606,7.85783948986607e-05
"1274","ASV232",0.030384192480051,0.0175519207660587,0.00175519207660587
"1275","ASV2320",0.000168,0.000792924943692634,7.92924943692634e-05
"1276","ASV2321",0.000265761904761905,0.00100011055413993,0.000100011055413993
"1277","ASV2324",0.000186952380952381,0.000856105512463322,8.56105512463322e-05
"1278","ASV2325",0.000181688311688312,0.000841578050017305,8.41578050017305e-05
"1279","ASV2326",0.000258117216117216,0.00137543499014847,0.000137543499014847
"1280","ASV2327",0.000116,0.00097863231712488,9.7863231712488e-05
"1281","ASV2328",9.86666666666667e-05,0.000565961533951255,5.65961533951255e-05
"1282","ASV233",0.0675159269118865,0.0295549855006272,0.00295549855006272
"1283","ASV2331",0.000107341991341991,0.000781228106124353,7.81228106124353e-05
"1284","ASV2332",0.000194406926406926,0.000905258393019208,9.05258393019208e-05
"1285","ASV2333",0.000156761904761905,0.000799632774920376,7.99632774920376e-05
"1286","ASV2334",0.000191883116883117,0.000874135642521538,8.74135642521538e-05
"1287","ASV2335",0.00036331746031746,0.00122887285367459,0.000122887285367459
"1288","ASV2336",6.83333333333333e-05,0.000492420098402661,4.92420098402661e-05
"1289","ASV2338",0.000206161616161616,0.00104769161588759,0.000104769161588759
"1290","ASV234",0.0110533380516001,0.01162930933829,0.001162930933829
"1291","ASV2341",7.19047619047619e-05,0.000425406247876522,4.25406247876522e-05
"1292","ASV2342",0.000335777777777778,0.00134055989628052,0.000134055989628052
"1293","ASV2343",0.000260376623376623,0.00106943907300472,0.000106943907300472
"1294","ASV2345",3.2e-05,0.00032,3.2e-05
"1295","ASV2347",0,0,0
"1296","ASV2348",3.33333333333333e-05,0.000333333333333333,3.33333333333333e-05
"1297","ASV2349",5.5e-05,0.000401355028105864,4.01355028105864e-05
"1298","ASV235",0.00871680967155965,0.00970800124653205,0.000970800124653205
"1299","ASV2350",0,0,0
"1300","ASV2352",3.66666666666667e-05,0.000366666666666667,3.66666666666667e-05
"1301","ASV2353",0,0,0
"1302","ASV2354",5.33333333333333e-05,0.000533333333333333,5.33333333333333e-05
"1303","ASV2355",3.33333333333333e-05,0.000333333333333333,3.33333333333333e-05
"1304","ASV2356",8.33333333333334e-05,0.000609271795844943,6.09271795844943e-05
"1305","ASV2357",0.000149333333333333,0.00109348114300202,0.000109348114300202
"1306","ASV2358",0,0,0
"1307","ASV2359",6.85714285714286e-05,0.000685714285714286,6.85714285714286e-05
"1308","ASV236",0.071262324226141,0.0277620341113649,0.00277620341113649
"1309","ASV2361",0,0,0
"1310","ASV2362",0.000168363636363636,0.00102488486217538,0.000102488486217538
"1311","ASV2363",0.000101454545454545,0.000743820826199162,7.43820826199162e-05
"1312","ASV2364",0.000112047619047619,0.000653887502194382,6.53887502194382e-05
"1313","ASV2365",3.42857142857143e-05,0.000342857142857143,3.42857142857143e-05
"1314","ASV2366",6.22222222222222e-05,0.000622222222222222,6.22222222222222e-05
"1315","ASV2367",0,0,0
"1316","ASV2369",0,0,0
"1317","ASV237",0.00920841905175036,0.0106489122092569,0.00106489122092569
"1318","ASV2370",5.2e-05,0.000375642211029419,3.75642211029419e-05
"1319","ASV2371",5.5e-05,0.000401355028105864,4.01355028105864e-05
"1320","ASV2373",4e-05,4e-04,4e-05
"1321","ASV2374",3.42857142857143e-05,0.000342857142857143,3.42857142857143e-05
"1322","ASV2375",6.66666666666667e-05,0.000478493708376849,4.78493708376849e-05
"1323","ASV2376",5.33333333333333e-05,0.000533333333333333,5.33333333333333e-05
"1324","ASV2377",3.42857142857143e-05,0.000342857142857143,3.42857142857143e-05
"1325","ASV2378",0,0,0
"1326","ASV2379",9.76190476190476e-05,0.000558798000275903,5.58798000275903e-05
"1327","ASV238",0.00245994172494172,0.00421942872079101,0.000421942872079101
"1328","ASV2381",0,0,0
"1329","ASV2382",6.22222222222222e-05,0.000622222222222222,6.22222222222222e-05
"1330","ASV2383",0.000102363636363636,0.000587197668531113,5.87197668531113e-05
"1331","ASV2384",6e-05,6e-04,6e-05
"1332","ASV2385",3.42857142857143e-05,0.000342857142857143,3.42857142857143e-05
"1333","ASV2386",3.42857142857143e-05,0.000342857142857143,3.42857142857143e-05
"1334","ASV2388",0,0,0
"1335","ASV2389",0,0,0
"1336","ASV239",0.195968491235774,0.0451954069368515,0.00451954069368514
"1337","ASV2390",0.000185650793650794,0.000953025967242995,9.53025967242995e-05
"1338","ASV2391",0,0,0
"1339","ASV2392",3.63636363636364e-05,0.000363636363636364,3.63636363636364e-05
"1340","ASV2393",3e-05,3e-04,3e-05
"1341","ASV2394",6.54545454545455e-05,0.000654545454545455,6.54545454545455e-05
"1342","ASV2395",0,0,0
"1343","ASV2396",3.6e-05,0.00036,3.6e-05
"1344","ASV2397",0.000104666666666667,0.000599232955268763,5.99232955268763e-05
"1345","ASV2399",3e-05,3e-04,3e-05
"1346","ASV240",0.036170438271241,0.0190329465679012,0.00190329465679012
"1347","ASV2400",3.5e-05,0.00035,3.5e-05
"1348","ASV2401",8.35555555555555e-05,0.000594450958144243,5.94450958144243e-05
"1349","ASV2402",5.33333333333333e-05,0.000533333333333333,5.33333333333333e-05
"1350","ASV2403",3e-05,3e-04,3e-05
"1351","ASV2404",9.63636363636364e-05,0.000698443763992532,6.98443763992532e-05
"1352","ASV2405",9.6e-05,0.00096,9.6e-05
"1353","ASV2406",0,0,0
"1354","ASV2407",6.33333333333333e-05,0.000446196043338474,4.46196043338474e-05
"1355","ASV2408",3.55555555555556e-05,0.000355555555555556,3.55555555555556e-05
"1356","ASV241",0.0903883377030487,0.0345286544940128,0.00345286544940128
"1357","ASV2410",0,0,0
"1358","ASV2411",7.15555555555556e-05,0.00050342218316296,5.0342218316296e-05
"1359","ASV2413",5.33333333333333e-05,0.000386993940216523,3.86993940216523e-05
"1360","ASV2414",6.93333333333334e-05,0.000488146359903327,4.88146359903327e-05
"1361","ASV2415",3.33333333333333e-05,0.000333333333333333,3.33333333333333e-05
"1362","ASV2416",0,0,0
"1363","ASV2417",6.54545454545455e-05,0.000654545454545455,6.54545454545455e-05
"1364","ASV242",0.0256907579519417,0.013664782677195,0.0013664782677195
"1365","ASV2421",3.33333333333333e-05,0.000333333333333333,3.33333333333333e-05
"1366","ASV2422",0,0,0
"1367","ASV2423",0.00014625641025641,0.000858590212029311,8.58590212029311e-05
"1368","ASV2424",5.86666666666667e-05,0.000414472200982413,4.14472200982413e-05
"1369","ASV2425",3.5e-05,0.00035,3.5e-05
"1370","ASV2428",0.000187676767676768,0.000882339662452857,8.82339662452857e-05
"1371","ASV243",0.0365771978216187,0.0186443449850727,0.00186443449850727
"1372","ASV2432",8.75555555555555e-05,0.00051360655634934,5.1360655634934e-05
"1373","ASV2433",3.33333333333333e-05,0.000333333333333333,3.33333333333333e-05
"1374","ASV2434",7.33333333333333e-05,0.000518090251228016,5.18090251228016e-05
"1375","ASV2435",5.2027972027972e-05,0.00052027972027972,5.2027972027972e-05
"1376","ASV2436",6.66666666666667e-05,0.000471404520791032,4.71404520791032e-05
"1377","ASV2437",0,0,0
"1378","ASV2438",2e-05,2e-04,2e-05
"1379","ASV2439",0.000139333333333333,0.000686708507763841,6.86708507763841e-05
"1380","ASV244",0.036645056976859,0.0189509001564131,0.00189509001564131
"1381","ASV2441",5.86666666666667e-05,0.000414472200982413,4.14472200982413e-05
"1382","ASV2442",0.000154025974025974,0.000828658275517495,8.28658275517495e-05
"1383","ASV2443",7.23636363636364e-05,0.00050910389593825,5.0910389593825e-05
"1384","ASV2444",6.66666666666667e-05,0.000469017647120966,4.69017647120966e-05
"1385","ASV2445",0.000106666666666667,0.000654570394835983,6.54570394835983e-05
"1386","ASV2446",3.63636363636364e-05,0.000363636363636364,3.63636363636364e-05
"1387","ASV2447",3.33333333333333e-05,0.000333333333333333,3.33333333333333e-05
"1388","ASV2448",6.75555555555556e-05,0.000475942446227705,4.75942446227705e-05
"1389","ASV2449",0.000189333333333333,0.000978178063152268,9.78178063152268e-05
"1390","ASV245",0.262146235640006,0.0576949126990775,0.00576949126990775
"1391","ASV2450",9.5e-05,0.000691561693385034,6.91561693385034e-05
"1392","ASV2451",9.04761904761905e-05,0.000658630184176223,6.58630184176223e-05
"1393","ASV2452",0.00018647619047619,0.000846900679746478,8.46900679746478e-05
"1394","ASV2453",0,0,0
"1395","ASV2454",4.8e-05,0.00048,4.8e-05
"1396","ASV2455",0,0,0
"1397","ASV2456",8.92857142857143e-05,0.000524239787868584,5.24239787868584e-05
"1398","ASV2457",7.06493506493507e-05,0.000497256203519933,4.97256203519933e-05
"1399","ASV2458",3.6e-05,0.00036,3.6e-05
"1400","ASV2459",3.55555555555556e-05,0.000355555555555556,3.55555555555556e-05
"1401","ASV246",0.0342392215364017,0.0167895931232955,0.00167895931232955
"1402","ASV2460",0.000191311355311355,0.00115423443864773,0.000115423443864773
"1403","ASV2462",0.000194222222222222,0.00118944780593885,0.000118944780593885
"1404","ASV2464",6.4e-05,0.00064,6.4e-05
"1405","ASV2465",0.000140571428571429,0.000846647431839515,8.46647431839514e-05
"1406","ASV2466",7.11111111111111e-05,0.000500285490262363,5.00285490262363e-05
"1407","ASV2468",8.15555555555556e-05,0.000479233862950469,4.79233862950469e-05
"1408","ASV2469",0.000126839826839827,0.000737554443396262,7.37554443396262e-05
"1409","ASV247",0.0371683420887394,0.0227072323440596,0.00227072323440596
"1410","ASV2471",6.54545454545455e-05,0.000654545454545455,6.54545454545455e-05
"1411","ASV2473",0.00026584126984127,0.00109215955929458,0.000109215955929458
"1412","ASV2474",0.000184888888888889,0.00130172362640887,0.000130172362640887
"1413","ASV2475",0,0,0
"1414","ASV2476",9.73333333333333e-05,0.000556356594220523,5.56356594220523e-05
"1415","ASV2477",3.63636363636364e-05,0.000363636363636364,3.63636363636364e-05
"1416","ASV2478",0.000126507936507937,0.000764560516948524,7.64560516948524e-05
"1417","ASV248",0.0373724325560397,0.0224188084554182,0.00224188084554182
"1418","ASV2480",9.6e-05,0.000712644810731564,7.12644810731564e-05
"1419","ASV2481",0,0,0
"1420","ASV2483",0.000105142857142857,0.00074255604953685,7.4255604953685e-05
"1421","ASV2484",0.000153396825396825,0.000763603856086042,7.63603856086042e-05
"1422","ASV2485",9.86666666666667e-05,0.000565961533951255,5.65961533951255e-05
"1423","ASV2486",0.000158,0.000948382993853381,9.48382993853381e-05
"1424","ASV2487",1e-04,0.000731126155013931,7.31126155013931e-05
"1425","ASV2488",3.33333333333333e-05,0.000333333333333333,3.33333333333333e-05
"1426","ASV2489",8.22857142857143e-05,0.000587048843865217,5.87048843865217e-05
"1427","ASV249",0.0110820302641078,0.0108576084161013,0.00108576084161013
"1428","ASV2490",3.33333333333333e-05,0.000333333333333333,3.33333333333333e-05
"1429","ASV2493",0.000194952380952381,0.00101566304197236,0.000101566304197236
"1430","ASV2495",0,0,0
"1431","ASV2496",2.66666666666667e-05,0.000266666666666667,2.66666666666667e-05
"1432","ASV2497",0.000104935064935065,0.00077291532507498,7.7291532507498e-05
"1433","ASV2498",0,0,0
"1434","ASV2499",9.46666666666667e-05,0.000579576067059724,5.79576067059724e-05
"1435","ASV250",0.0963369885600767,0.0331858414138036,0.00331858414138036
"1436","ASV2501",0.000151888888888889,0.000757028100588369,7.57028100588369e-05
"1437","ASV2502",0.000151142857142857,0.000777516409245523,7.77516409245523e-05
"1438","ASV2503",6.85714285714286e-05,0.000685714285714286,6.85714285714286e-05
"1439","ASV2505",0,0,0
"1440","ASV2506",3.2e-05,0.00032,3.2e-05
"1441","ASV2507",9.02564102564103e-05,0.000645598607040742,6.45598607040742e-05
"1442","ASV2508",3.33333333333333e-05,0.000333333333333333,3.33333333333333e-05
"1443","ASV2509",0,0,0
"1444","ASV251",0.000573587301587302,0.00216691634990759,0.000216691634990759
"1445","ASV2510",7.6e-05,0.000535435252006169,5.35435252006169e-05
"1446","ASV2511",8.36666666666667e-05,0.000626849586456276,6.26849586456276e-05
"1447","ASV2512",0.000115,0.000660193744307265,6.60193744307265e-05
"1448","ASV2513",3.42857142857143e-05,0.000342857142857143,3.42857142857143e-05
"1449","ASV2514",9.73160173160173e-05,0.000560864348506803,5.60864348506803e-05
"1450","ASV2517",9.96923076923077e-05,0.000745820879095603,7.45820879095603e-05
"1451","ASV2518",0.000124698412698413,0.00073841262396722,7.3841262396722e-05
"1452","ASV252",0.0383139538473372,0.0249001443434915,0.00249001443434915
"1453","ASV2521",3e-05,3e-04,3e-05
"1454","ASV2522",0,0,0
"1455","ASV2523",3.42857142857143e-05,0.000342857142857143,3.42857142857143e-05
"1456","ASV2524",2e-05,2e-04,2e-05
"1457","ASV2525",6.62857142857143e-05,0.000466620370528027,4.66620370528027e-05
"1458","ASV2526",9.96190476190476e-05,0.000569545430004613,5.69545430004613e-05
"1459","ASV2528",9.42857142857143e-05,0.000688037191038623,6.88037191038623e-05
"1460","ASV2529",0,0,0
"1461","ASV253",0.0109834178558896,0.0110810299080212,0.00110810299080212
"1462","ASV2530",0,0,0
"1463","ASV2531",0,0,0
"1464","ASV2532",3e-05,3e-04,3e-05
"1465","ASV2533",5.86666666666667e-05,0.000414472200982413,4.14472200982413e-05
"1466","ASV2535",0,0,0
"1467","ASV2536",6.4e-05,0.00064,6.4e-05
"1468","ASV2537",0,0,0
"1469","ASV2538",3.6e-05,0.00036,3.6e-05
"1470","ASV254",0.0255578725854618,0.0147903197679245,0.00147903197679245
"1471","ASV2540",7.51111111111111e-05,0.000751111111111111,7.51111111111111e-05
"1472","ASV2541",0,0,0
"1473","ASV2543",0,0,0
"1474","ASV2544",0.000161230769230769,0.000811018322577146,8.11018322577146e-05
"1475","ASV2546",3.55555555555556e-05,0.000355555555555556,3.55555555555556e-05
"1476","ASV2548",0,0,0
"1477","ASV255",0.0337314060070753,0.0209009836847063,0.00209009836847063
"1478","ASV2550",2.66666666666667e-05,0.000266666666666667,2.66666666666667e-05
"1479","ASV2551",0,0,0
"1480","ASV2552",5.86666666666667e-05,0.000414472200982413,4.14472200982413e-05
"1481","ASV2553",0,0,0
"1482","ASV2554",9.91452991452992e-05,0.000571288203086319,5.71288203086319e-05
"1483","ASV2555",3.55555555555556e-05,0.000355555555555556,3.55555555555556e-05
"1484","ASV2557",0,0,0
"1485","ASV2558",0.000137904761904762,0.000835994218110929,8.35994218110929e-05
"1486","ASV2559",0,0,0
"1487","ASV256",0.0167466128307163,0.015048118626434,0.0015048118626434
"1488","ASV2560",0.000143571428571429,0.00088591064015377,8.8591064015377e-05
"1489","ASV2561",0,0,0
"1490","ASV2562",3.42857142857143e-05,0.000342857142857143,3.42857142857143e-05
"1491","ASV2563",0,0,0
"1492","ASV2564",0.000104126984126984,0.000769219337896304,7.69219337896304e-05
"1493","ASV2565",0,0,0
"1494","ASV2567",0,0,0
"1495","ASV2569",5.71428571428571e-05,0.000571428571428571,5.71428571428571e-05
"1496","ASV257",0.00990080107755872,0.0104508409624582,0.00104508409624582
"1497","ASV2570",6.92857142857143e-05,0.000487469771354,4.87469771354e-05
"1498","ASV2571",2.66666666666667e-05,0.000266666666666667,2.66666666666667e-05
"1499","ASV2573",1e-04,0.000742338344512046,7.42338344512046e-05
"1500","ASV2574",0,0,0
"1501","ASV2575",0,0,0
"1502","ASV2576",3e-05,3e-04,3e-05
"1503","ASV2577",0,0,0
"1504","ASV2578",0.000160698412698413,0.00103741889878306,0.000103741889878306
"1505","ASV2579",0.000123174603174603,0.000949482843995341,9.49482843995341e-05
"1506","ASV258",0.0202165513464042,0.0145306465353631,0.00145306465353631
"1507","ASV2580",0.00012,0.000910544292767194,9.10544292767194e-05
"1508","ASV2581",3.55555555555556e-05,0.000355555555555556,3.55555555555556e-05
"1509","ASV2582",0.000225904761904762,0.00105173364877817,0.000105173364877817
"1510","ASV2584",0,0,0
"1511","ASV2585",0.000183982683982684,0.00100522736852421,0.000100522736852421
"1512","ASV2586",3.2e-05,0.00032,3.2e-05
"1513","ASV2587",0.000135,0.000955724380200218,9.55724380200218e-05
"1514","ASV2588",0.000112142857142857,0.000693734289538545,6.93734289538545e-05
"1515","ASV259",0.0388989790731546,0.0188477113968537,0.00188477113968537
"1516","ASV2590",3.63636363636364e-05,0.000363636363636364,3.63636363636364e-05
"1517","ASV2591",5.71428571428571e-05,0.000571428571428571,5.71428571428571e-05
"1518","ASV2592",0.000134666666666667,0.000815450134930961,8.15450134930961e-05
"1519","ASV2593",0.000203939393939394,0.00125447769121809,0.000125447769121809
"1520","ASV2594",3.55555555555556e-05,0.000355555555555556,3.55555555555556e-05
"1521","ASV2595",0,0,0
"1522","ASV2596",0.000168952380952381,0.00074075332635498,7.40753326354979e-05
"1523","ASV2597",3.55555555555556e-05,0.000355555555555556,3.55555555555556e-05
"1524","ASV2598",3.5e-05,0.00035,3.5e-05
"1525","ASV2599",0,0,0
"1526","ASV26",0.0728118724482693,0.0307124904262237,0.00307124904262237
"1527","ASV260",0.0111092786380921,0.0104080027219709,0.00104080027219709
"1528","ASV2600",3.55555555555556e-05,0.000355555555555556,3.55555555555556e-05
"1529","ASV2602",0.000102555555555556,0.000586723577741589,5.86723577741589e-05
"1530","ASV2603",0.000129062049062049,0.000757804349487999,7.57804349487999e-05
"1531","ASV2604",2.66666666666667e-05,0.000266666666666667,2.66666666666667e-05
"1532","ASV2605",0,0,0
"1533","ASV2607",6.33333333333333e-05,0.000446196043338474,4.46196043338474e-05
"1534","ASV2608",7.33333333333333e-05,0.000518090251228016,5.18090251228016e-05
"1535","ASV261",0.0283150594583622,0.0189557458536893,0.00189557458536893
"1536","ASV2610",6.83333333333333e-05,0.000480888977576123,4.80888977576123e-05
"1537","ASV2611",0.000156904761904762,0.000927976740047616,9.27976740047616e-05
"1538","ASV2612",3.66666666666667e-05,0.000366666666666667,3.66666666666667e-05
"1539","ASV2613",3.33333333333333e-05,0.000333333333333333,3.33333333333333e-05
"1540","ASV2615",0,0,0
"1541","ASV2616",0,0,0
"1542","ASV2617",0,0,0
"1543","ASV2618",3.5e-05,0.00035,3.5e-05
"1544","ASV2619",5.33333333333333e-05,0.000533333333333333,5.33333333333333e-05
"1545","ASV262",0.0161882092635158,0.0107910494000222,0.00107910494000222
"1546","ASV2621",5.33333333333333e-05,0.000533333333333333,5.33333333333333e-05
"1547","ASV2622",7.5e-05,0.00075,7.5e-05
"1548","ASV2623",6.92857142857143e-05,0.000487469771354,4.87469771354e-05
"1549","ASV2624",0,0,0
"1550","ASV2626",0,0,0
"1551","ASV2627",0,0,0
"1552","ASV2628",0.00012647619047619,0.000746199459211757,7.46199459211757e-05
"1553","ASV2629",0.000143,0.000884233960538554,8.84233960538554e-05
"1554","ASV263",0.271927631631559,0.0552523806482134,0.00552523806482134
"1555","ASV2630",0,0,0
"1556","ASV2631",7.05555555555556e-05,0.000496392711374496,4.96392711374496e-05
"1557","ASV2632",8.53333333333333e-05,0.000619190304346437,6.19190304346437e-05
"1558","ASV2633",0.00010184126984127,0.000582574510127419,5.82574510127419e-05
"1559","ASV2634",0.000110555555555556,0.00082676027220665,8.2676027220665e-05
"1560","ASV2635",3e-05,3e-04,3e-05
"1561","ASV2636",4.8e-05,0.00048,4.8e-05
"1562","ASV2637",0.00013769696969697,0.000678963902140727,6.78963902140727e-05
"1563","ASV2638",0.000192698412698413,0.00106038499985072,0.000106038499985072
"1564","ASV264",0.0435462864240156,0.0233080003817048,0.00233080003817048
"1565","ASV2640",0,0,0
"1566","ASV2641",4.8e-05,0.00048,4.8e-05
"1567","ASV2643",0.000163809523809524,0.000861788490133757,8.61788490133757e-05
"1568","ASV2644",3.33333333333333e-05,0.000333333333333333,3.33333333333333e-05
"1569","ASV2646",4e-05,4e-04,4e-05
"1570","ASV2647",0,0,0
"1571","ASV2648",7.09090909090909e-05,0.000709090909090909,7.09090909090909e-05
"1572","ASV2649",3e-05,3e-04,3e-05
"1573","ASV265",0.0364964980924835,0.0210775419762442,0.00210775419762442
"1574","ASV2650",6e-05,6e-04,6e-05
"1575","ASV2651",6.63636363636364e-05,0.000469070941552945,4.69070941552945e-05
"1576","ASV2652",0.000158730158730159,0.000797495896404974,7.97495896404974e-05
"1577","ASV2653",6.7e-05,0.000471844650003975,4.71844650003975e-05
"1578","ASV2655",3.33333333333333e-05,0.000333333333333333,3.33333333333333e-05
"1579","ASV2656",6.8e-05,0.000479241825462602,4.79241825462602e-05
"1580","ASV2657",3.63636363636364e-05,0.000363636363636364,3.63636363636364e-05
"1581","ASV2658",6e-05,6e-04,6e-05
"1582","ASV2659",3.42857142857143e-05,0.000342857142857143,3.42857142857143e-05
"1583","ASV2660",6.93333333333334e-05,0.000488146359903327,4.88146359903327e-05
"1584","ASV2661",3.33333333333333e-05,0.000333333333333333,3.33333333333333e-05
"1585","ASV2662",0.000198285714285714,0.000911339227618526,9.11339227618526e-05
"1586","ASV2663",3.2e-05,0.00032,3.2e-05
"1587","ASV2664",3.66666666666667e-05,0.000366666666666667,3.66666666666667e-05
"1588","ASV2665",0,0,0
"1589","ASV2667",0.000104444444444444,0.000597166690185676,5.97166690185676e-05
"1590","ASV2668",0,0,0
"1591","ASV2669",0.000245235209235209,0.00102048418080678,0.000102048418080678
"1592","ASV267",0.0394836038822009,0.0227501935525234,0.00227501935525234
"1593","ASV2670",7e-05,0.000493037949607418,4.93037949607418e-05
"1594","ASV2671",3.33333333333333e-05,0.000333333333333333,3.33333333333333e-05
"1595","ASV2673",0.000143363636363636,0.000705947513377383,7.05947513377383e-05
"1596","ASV2675",0.000173777777777778,0.000761751710884879,7.61751710884879e-05
"1597","ASV2676",0.00015369696969697,0.000822241183113468,8.22241183113468e-05
"1598","ASV2677",2e-05,2e-04,2e-05
"1599","ASV2678",3.63636363636364e-05,0.000363636363636364,3.63636363636364e-05
"1600","ASV268",0.306817213811318,0.0645756344784472,0.00645756344784472
"1601","ASV2681",0.000220316017316017,0.00100432786827572,0.000100432786827572
"1602","ASV2682",3.63636363636364e-05,0.000363636363636364,3.63636363636364e-05
"1603","ASV2683",7.05555555555556e-05,0.000496392711374496,4.96392711374496e-05
"1604","ASV2685",3.6e-05,0.00036,3.6e-05
"1605","ASV2687",0.000180923076923077,0.00107928062516755,0.000107928062516755
"1606","ASV2688",0.000173333333333333,0.000760294112858398,7.60294112858398e-05
"1607","ASV2689",6.75555555555556e-05,0.000475942446227705,4.75942446227705e-05
"1608","ASV2690",0.000189809523809524,0.0008796096314999,8.796096314999e-05
"1609","ASV2691",0.00010484126984127,0.000599224314782805,5.99224314782805e-05
"1610","ASV2692",0.000106363636363636,0.000607959147532851,6.07959147532851e-05
"1611","ASV2693",0.000175808080808081,0.00077052621463491,7.7052621463491e-05
"1612","ASV2695",0.000254393939393939,0.000977882157057974,9.77882157057974e-05
"1613","ASV2696",0.000195062049062049,0.000880043942489714,8.80043942489714e-05
"1614","ASV2698",0.00050474025974026,0.00137181169560494,0.000137181169560494
"1615","ASV2699",0.000285194805194805,0.0011149134678374,0.00011149134678374
"1616","ASV27",0.295432786976144,0.0571380487032867,0.00571380487032867
"1617","ASV2700",0.000735217893217893,0.00178086399088689,0.000178086399088689
"1618","ASV2701",0.000328268398268398,0.00112222541363145,0.000112222541363145
"1619","ASV2702",0.000755301143301143,0.00181126959476293,0.000181126959476293
"1620","ASV2703",0.000530761904761905,0.00155731258369563,0.000155731258369563
"1621","ASV2704",0.000808650793650794,0.00186738104166522,0.000186738104166522
"1622","ASV2705",0.000857981518481518,0.00211626860024224,0.000211626860024224
"1623","ASV2706",0.000661460317460317,0.00157009511738316,0.000157009511738316
"1624","ASV2708",0.000476141414141414,0.00120682879204765,0.000120682879204765
"1625","ASV2709",0.000274919191919192,0.000939119591740617,9.39119591740617e-05
"1626","ASV271",0.270120401911044,0.0616576455255287,0.00616576455255287
"1627","ASV2710",0.000598051282051282,0.00152550553941896,0.000152550553941896
"1628","ASV2711",0.00082381746031746,0.00203928618577034,0.000203928618577034
"1629","ASV2713",0.000671518037518037,0.00180602006953786,0.000180602006953786
"1630","ASV2714",0.0004724329004329,0.00143537452630774,0.000143537452630774
"1631","ASV2716",0.000571079365079365,0.00151110327260185,0.000151110327260185
"1632","ASV2717",0.000672212842712843,0.0018978774375898,0.00018978774375898
"1633","ASV2719",0.000424603174603175,0.00127744312492435,0.000127744312492435
"1634","ASV272",0.0980572910997992,0.033652893636759,0.0033652893636759
"1635","ASV2720",0.000659252858252858,0.00164012665410968,0.000164012665410968
"1636","ASV2721",0.000551031746031746,0.00155622209537099,0.000155622209537099
"1637","ASV2722",0.000346141414141414,0.00121221399570065,0.000121221399570065
"1638","ASV2724",0.000558210012210012,0.00171225307706946,0.000171225307706946
"1639","ASV2725",0.000264,0.00106628444330262,0.000106628444330262
"1640","ASV2726",0.000254395382395382,0.00108617249630592,0.000108617249630592
"1641","ASV2728",0.000582373737373737,0.00169006225304821,0.000169006225304821
"1642","ASV273",0.00857547841969729,0.0095502359302058,0.00095502359302058
"1643","ASV2730",0.000260477633477633,0.00101609449478983,0.000101609449478983
"1644","ASV2731",0.000287555555555556,0.00117730469290776,0.000117730469290776
"1645","ASV2732",0.000574945165945166,0.00164025374095417,0.000164025374095417
"1646","ASV2733",0.000641395049395049,0.00168079654463612,0.000168079654463612
"1647","ASV2734",0.000447297369297369,0.00153064638069369,0.000153064638069369
"1648","ASV2735",0.000589302586302586,0.00144182215283704,0.000144182215283704
"1649","ASV2736",0.000237816526610644,0.000922023388469527,9.22023388469527e-05
"1650","ASV2737",0,0,0
"1651","ASV2739",7.16666666666667e-05,0.000504333076301616,5.04333076301616e-05
"1652","ASV274",0.10030964209084,0.0381605490675927,0.00381605490675927
"1653","ASV2740",3.33333333333333e-05,0.000333333333333333,3.33333333333333e-05
"1654","ASV2741",0,0,0
"1655","ASV2742",0.000132142857142857,0.000938281729325947,9.38281729325947e-05
"1656","ASV2743",0.000248888888888889,0.00112146466857774,0.000112146466857774
"1657","ASV2745",0,0,0
"1658","ASV2746",3.63636363636364e-05,0.000363636363636364,3.63636363636364e-05
"1659","ASV2748",0.000119365079365079,0.000840540400906336,8.40540400906336e-05
"1660","ASV2749",0.000102222222222222,0.000584472992863192,5.84472992863192e-05
"1661","ASV275",0.0382186206698373,0.021928828978399,0.0021928828978399
"1662","ASV2751",3.42857142857143e-05,0.000342857142857143,3.42857142857143e-05
"1663","ASV2752",2.79120879120879e-05,0.000279120879120879,2.79120879120879e-05
"1664","ASV2753",6.4e-05,0.00064,6.4e-05
"1665","ASV2754",7.05555555555556e-05,0.000496392711374496,4.96392711374496e-05
"1666","ASV2755",0.000128506493506494,0.000755283141991135,7.55283141991135e-05
"1667","ASV2756",0.000106204906204906,0.000607131603685066,6.07131603685066e-05
"1668","ASV2757",0.000284,0.00135147988056224,0.000135147988056224
"1669","ASV276",0.011287210212829,0.0103654232632689,0.00103654232632689
"1670","ASV2760",0.000163030303030303,0.000849564008290868,8.49564008290868e-05
"1671","ASV2761",0.000203,0.000917446500242974,9.17446500242974e-05
"1672","ASV2763",9.72222222222222e-05,0.000710817095152433,7.10817095152433e-05
"1673","ASV2765",8.96969696969697e-05,0.000642462358312758,6.42462358312758e-05
"1674","ASV2766",0.000105252525252525,0.000601919635466208,6.01919635466208e-05
"1675","ASV2767",8.42424242424243e-05,0.000605686753380062,6.05686753380062e-05
"1676","ASV2768",0.000134619047619048,0.000663203004965575,6.63203004965575e-05
"1677","ASV277",0.0120725861878957,0.0112870074097041,0.00112870074097041
"1678","ASV2770",0.000144,0.000724229998625499,7.24229998625499e-05
"1679","ASV2771",0.000123333333333333,0.000742572650596655,7.42572650596655e-05
"1680","ASV2772",0.000240952380952381,0.000917239596571667,9.17239596571667e-05
"1681","ASV2774",0.000249222222222222,0.00112097668987553,0.000112097668987553
"1682","ASV2775",0.00026047619047619,0.00114558366844572,0.000114558366844572
"1683","ASV2777",0.000237142857142857,0.00123193773518992,0.000123193773518992
"1684","ASV2779",3.6e-05,0.00036,3.6e-05
"1685","ASV278",0.024465476223056,0.0184530012170274,0.00184530012170274
"1686","ASV2780",0.000136507936507937,0.000614212565542072,6.14212565542072e-05
"1687","ASV2781",0,0,0
"1688","ASV2782",6.2e-05,0.000436417925915751,4.36417925915751e-05
"1689","ASV2784",6.83333333333333e-05,0.000480888977576123,4.80888977576123e-05
"1690","ASV2785",0.000150285714285714,0.000771044958330881,7.71044958330881e-05
"1691","ASV2786",0.000238952380952381,0.000892711164593771,8.92711164593771e-05
"1692","ASV2787",0.000121222222222222,0.000751436409744704,7.51436409744704e-05
"1693","ASV2788",0.000148333333333333,0.000755412568169307,7.55412568169307e-05
"1694","ASV2789",0.000147936507936508,0.000741705137343292,7.41705137343292e-05
"1695","ASV279",0.0107483579542756,0.01168702632425,0.001168702632425
"1696","ASV2791",6.4e-05,0.000450256941236127,4.50256941236127e-05
"1697","ASV2792",9.05555555555556e-05,0.000519338877261362,5.19338877261362e-05
"1698","ASV2794",8.79365079365079e-05,0.000508434400036484,5.08434400036484e-05
"1699","ASV2796",0.000211363636363636,0.00100115036883287,0.000100115036883287
"1700","ASV2799",0,0,0
"1701","ASV28",0.040582001015586,0.0209599061801904,0.00209599061801904
"1702","ASV280",0.0917785289592865,0.0354143250605551,0.00354143250605551
"1703","ASV2802",9.6e-05,0.000548629145592849,5.48629145592849e-05
"1704","ASV2803",6.7e-05,0.000471844650003975,4.71844650003975e-05
"1705","ASV2805",0.000158315018315018,0.000805757128451502,8.05757128451502e-05
"1706","ASV2806",0.00012,0.000844822409358637,8.44822409358637e-05
"1707","ASV2807",0.000117333333333333,0.000930550498336259,9.30550498336259e-05
"1708","ASV2808",8e-05,0.000593870675609636,5.93870675609636e-05
"1709","ASV2812",0.000162077922077922,0.000954890043916492,9.54890043916492e-05
"1710","ASV2814",6.53333333333333e-05,0.000459734955116781,4.59734955116781e-05
"1711","ASV2815",0,0,0
"1712","ASV2816",0.000145952380952381,0.000854691962554635,8.54691962554635e-05
"1713","ASV2817",8.83333333333333e-05,0.000634959369309093,6.34959369309093e-05
"1714","ASV2818",9.53333333333333e-05,0.000545340841122901,5.45340841122901e-05
"1715","ASV2819",0.000154888888888889,0.000839119931614886,8.39119931614886e-05
"1716","ASV282",0.00215120558757286,0.00436716415853274,0.000436716415853274
"1717","ASV2820",0.00011,0.000644087327036082,6.44087327036082e-05
"1718","ASV2821",9.83333333333333e-05,0.0005631276894389,5.631276894389e-05
"1719","ASV2823",0.00010169696969697,0.000582055086448741,5.82055086448741e-05
"1720","ASV2824",3.6e-05,0.00036,3.6e-05
"1721","ASV2825",3.2e-05,0.00032,3.2e-05
"1722","ASV2826",0.000199174603174603,0.00110847968206003,0.000110847968206003
"1723","ASV2829",0.000167365079365079,0.00085661443458946,8.5661443458946e-05
"1724","ASV283",0.01345044556161,0.0118484875904363,0.00118484875904363
"1725","ASV2830",6.76190476190476e-05,0.000475766044616965,4.75766044616965e-05
"1726","ASV2831",5.33333333333333e-05,0.000533333333333333,5.33333333333333e-05
"1727","ASV2832",0.000222649350649351,0.000960945748158644,9.60945748158644e-05
"1728","ASV2833",7.11111111111111e-05,0.000500285490262363,5.00285490262363e-05
"1729","ASV2834",3.33333333333333e-05,0.000333333333333333,3.33333333333333e-05
"1730","ASV2835",9.42857142857143e-05,0.000688037191038623,6.88037191038623e-05
"1731","ASV2836",6e-05,0.000424766391200097,4.24766391200097e-05
"1732","ASV2837",0.000128222222222222,0.000772193226692028,7.72193226692028e-05
"1733","ASV2838",8.29090909090909e-05,0.000598567006251907,5.98567006251907e-05
"1734","ASV2839",8.66666666666667e-05,0.000626070351715699,6.26070351715699e-05
"1735","ASV284",0.00184871921343788,0.00386876922390673,0.000386876922390673
"1736","ASV2840",0.000129333333333333,0.00101303823454323,0.000101303823454323
"1737","ASV2841",0.000102555555555556,0.000586723577741589,5.86723577741589e-05
"1738","ASV2842",6.62857142857143e-05,0.000466620370528027,4.66620370528027e-05
"1739","ASV2844",6.88888888888889e-05,0.000484908806573057,4.84908806573057e-05
"1740","ASV2845",0.000258982683982684,0.000998297852855726,9.98297852855726e-05
"1741","ASV2846",0,0,0
"1742","ASV2847",0.000196666666666667,0.0011824046718788,0.00011824046718788
"1743","ASV2849",0,0,0
"1744","ASV285",0.0384778003928513,0.0241520218542385,0.00241520218542385
"1745","ASV2850",8.53333333333333e-05,0.000619190304346437,6.19190304346437e-05
"1746","ASV2851",6.7e-05,0.000471844650003975,4.71844650003975e-05
"1747","ASV2852",8.88888888888889e-05,0.000521874660471315,5.21874660471315e-05
"1748","ASV2853",8e-05,0.000574192450052219,5.74192450052219e-05
"1749","ASV2854",2.66666666666667e-05,0.000266666666666667,2.66666666666667e-05
"1750","ASV2856",0,0,0
"1751","ASV2857",0.000122666666666667,0.000717816867309754,7.17816867309754e-05
"1752","ASV2858",6.22222222222222e-05,0.000622222222222222,6.22222222222222e-05
"1753","ASV2859",3.2e-05,0.00032,3.2e-05
"1754","ASV2861",0.000156095238095238,0.000694688872258832,6.94688872258832e-05
"1755","ASV2862",0.000227619047619048,0.00102748191989888,0.000102748191989888
"1756","ASV2863",0,0,0
"1757","ASV2865",6.85714285714286e-05,0.000685714285714286,6.85714285714286e-05
"1758","ASV2866",5.86666666666667e-05,0.000414472200982413,4.14472200982413e-05
"1759","ASV2867",0.000164444444444444,0.000846120376030802,8.46120376030802e-05
"1760","ASV2869",0.000151,0.000957532076103812,9.57532076103812e-05
"1761","ASV287",0.0257718146102324,0.0177985170743483,0.00177985170743483
"1762","ASV2870",0.000151238095238095,0.000890873151174477,8.90873151174477e-05
"1763","ASV2871",0.000116,0.000895862543568877,8.95862543568876e-05
"1764","ASV2872",0.000134555555555556,0.000804290612558705,8.04290612558705e-05
"1765","ASV2873",0.000177142857142857,0.000899953807498552,8.99953807498552e-05
"1766","ASV2874",0.000122222222222222,0.000715652585595647,7.15652585595647e-05
"1767","ASV2875",3.2e-05,0.00032,3.2e-05
"1768","ASV2876",7.23809523809524e-05,0.000526904147340978,5.26904147340978e-05
"1769","ASV2877",6e-05,0.000422115882408869,4.22115882408869e-05
"1770","ASV2878",9.9e-05,0.000566309156385503,5.66309156385504e-05
"1771","ASV2879",9.4e-05,0.000537450021167108,5.37450021167108e-05
"1772","ASV288",0.037394515568225,0.0210574492561471,0.00210574492561471
"1773","ASV2881",6.92857142857143e-05,0.000487469771354,4.87469771354e-05
"1774","ASV2883",0.000103111111111111,0.000589990245543634,5.89990245543634e-05
"1775","ASV2884",0,0,0
"1776","ASV2885",0,0,0
"1777","ASV2886",0,0,0
"1778","ASV2887",0,0,0
"1779","ASV2888",0,0,0
"1780","ASV2889",3.66666666666667e-05,0.000366666666666667,3.66666666666667e-05
"1781","ASV289",0.0991164139527259,0.037699799019666,0.0037699799019666
"1782","ASV2890",3.55555555555556e-05,0.000355555555555556,3.55555555555556e-05
"1783","ASV2892",0,0,0
"1784","ASV2893",6.98412698412698e-05,0.000491434686435401,4.91434686435401e-05
"1785","ASV2894",0,0,0
"1786","ASV2895",3.55555555555556e-05,0.000355555555555556,3.55555555555556e-05
"1787","ASV2896",6.86666666666667e-05,0.000484225230728505,4.84225230728505e-05
"1788","ASV2897",3.63636363636364e-05,0.000363636363636364,3.63636363636364e-05
"1789","ASV2898",4e-05,4e-04,4e-05
"1790","ASV2899",0,0,0
"1791","ASV29",0.361915213782417,0.0650893258273296,0.00650893258273296
"1792","ASV290",0.0383791591766275,0.0206495772872524,0.00206495772872524
"1793","ASV2900",3.63636363636364e-05,0.000363636363636364,3.63636363636364e-05
"1794","ASV2901",0.000101666666666667,0.00074982040498418,7.4982040498418e-05
"1795","ASV2902",0,0,0
"1796","ASV2903",7.06493506493507e-05,0.000497256203519933,4.97256203519933e-05
"1797","ASV2904",0,0,0
"1798","ASV2905",0,0,0
"1799","ASV2906",0,0,0
"1800","ASV2908",3.6e-05,0.00036,3.6e-05
"1801","ASV2910",3.63636363636364e-05,0.000363636363636364,3.63636363636364e-05
"1802","ASV2911",0,0,0
"1803","ASV2912",0,0,0
"1804","ASV2913",0,0,0
"1805","ASV2914",0,0,0
"1806","ASV2915",3.6e-05,0.00036,3.6e-05
"1807","ASV2917",7.15555555555556e-05,0.00050342218316296,5.0342218316296e-05
"1808","ASV2918",3.6e-05,0.00036,3.6e-05
"1809","ASV2919",0,0,0
"1810","ASV292",0.0421657026870095,0.0255738902841951,0.00255738902841951
"1811","ASV2920",0,0,0
"1812","ASV2921",3.63636363636364e-05,0.000363636363636364,3.63636363636364e-05
"1813","ASV2922",0,0,0
"1814","ASV2923",3.63636363636364e-05,0.000363636363636364,3.63636363636364e-05
"1815","ASV2924",0.000101818181818182,0.00101818181818182,0.000101818181818182
"1816","ASV2925",0,0,0
"1817","ASV2926",0.000116666666666667,0.000693686455012324,6.93686455012324e-05
"1818","ASV2927",0,0,0
"1819","ASV2928",0,0,0
"1820","ASV293",0.00270192486981617,0.00551619251528554,0.000551619251528554
"1821","ASV2930",9.6e-05,0.00096,9.6e-05
"1822","ASV2931",3.66666666666667e-05,0.000366666666666667,3.66666666666667e-05
"1823","ASV2932",0,0,0
"1824","ASV2933",0,0,0
"1825","ASV2935",3.63636363636364e-05,0.000363636363636364,3.63636363636364e-05
"1826","ASV2937",0,0,0
"1827","ASV2939",0,0,0
"1828","ASV294",0.184272999369294,0.0441845307058966,0.00441845307058966
"1829","ASV2940",0,0,0
"1830","ASV2941",0,0,0
"1831","ASV2942",0,0,0
"1832","ASV2943",0,0,0
"1833","ASV2945",0,0,0
"1834","ASV2946",0,0,0
"1835","ASV2947",9e-05,0.000668104510060841,6.68104510060841e-05
"1836","ASV2948",0,0,0
"1837","ASV295",0.00328918326345436,0.00587136469397355,0.000587136469397355
"1838","ASV2950",6.54545454545455e-05,0.000654545454545455,6.54545454545455e-05
"1839","ASV2951",7.22222222222222e-05,0.000508163804963417,5.08163804963417e-05
"1840","ASV2952",0,0,0
"1841","ASV2953",0,0,0
"1842","ASV2954",0,0,0
"1843","ASV2955",0,0,0
"1844","ASV2958",0,0,0
"1845","ASV296",0.000570031746031746,0.00189871855790566,0.000189871855790566
"1846","ASV2960",0,0,0
"1847","ASV2961",0,0,0
"1848","ASV2962",0,0,0
"1849","ASV2963",3e-05,3e-04,3e-05
"1850","ASV2964",0,0,0
"1851","ASV2966",0,0,0
"1852","ASV2968",7.5e-05,0.00075,7.5e-05
"1853","ASV2969",8e-05,8e-04,8e-05
"1854","ASV297",0.0634828016533055,0.0287962300006771,0.00287962300006771
"1855","ASV2970",0.000124,0.00076306546988812,7.6306546988812e-05
"1856","ASV2971",3.55555555555556e-05,0.000355555555555556,3.55555555555556e-05
"1857","ASV2972",3e-05,3e-04,3e-05
"1858","ASV2973",0,0,0
"1859","ASV2975",3.55555555555556e-05,0.000355555555555556,3.55555555555556e-05
"1860","ASV2976",0,0,0
"1861","ASV2978",6.88888888888889e-05,0.000484908806573057,4.84908806573057e-05
"1862","ASV2979",0,0,0
"1863","ASV298",0.0100215324394993,0.0105827700226343,0.00105827700226343
"1864","ASV2980",0,0,0
"1865","ASV2981",0,0,0
"1866","ASV2982",0,0,0
"1867","ASV2983",0,0,0
"1868","ASV2984",0,0,0
"1869","ASV2985",0,0,0
"1870","ASV2986",0,0,0
"1871","ASV2987",0,0,0
"1872","ASV2989",0,0,0
"1873","ASV2990",9e-05,9e-04,9e-05
"1874","ASV2991",6.22222222222222e-05,0.000622222222222222,6.22222222222222e-05
"1875","ASV2992",0,0,0
"1876","ASV2993",0,0,0
"1877","ASV2994",0,0,0
"1878","ASV2995",0,0,0
"1879","ASV2996",0,0,0
"1880","ASV2997",0,0,0
"1881","ASV2999",0,0,0
"1882","ASV300",0.000697410533910534,0.00254152124662465,0.000254152124662465
"1883","ASV3000",0,0,0
"1884","ASV3002",3.2e-05,0.00032,3.2e-05
"1885","ASV3004",0,0,0
"1886","ASV3005",6.6e-05,0.000466281226105214,4.66281226105214e-05
"1887","ASV3006",0,0,0
"1888","ASV3007",0,0,0
"1889","ASV3008",0,0,0
"1890","ASV3009",0,0,0
"1891","ASV3010",0,0,0
"1892","ASV3011",0,0,0
"1893","ASV3012",0,0,0
"1894","ASV3013",0,0,0
"1895","ASV3015",0,0,0
"1896","ASV3016",0,0,0
"1897","ASV3018",7.30952380952381e-05,0.000730952380952381,7.30952380952381e-05
"1898","ASV3019",0,0,0
"1899","ASV302",0.00927703888317154,0.0111102664355582,0.00111102664355582
"1900","ASV3020",0,0,0
"1901","ASV3021",6.98412698412698e-05,0.000491434686435401,4.91434686435401e-05
"1902","ASV3022",9.14285714285714e-05,0.000663418183228325,6.63418183228325e-05
"1903","ASV3023",0,0,0
"1904","ASV3024",3.33333333333333e-05,0.000333333333333333,3.33333333333333e-05
"1905","ASV3025",5.33333333333333e-05,0.000533333333333333,5.33333333333333e-05
"1906","ASV3026",0,0,0
"1907","ASV3027",0.000105714285714286,0.000776542294048757,7.76542294048757e-05
"1908","ASV3028",0.000214666666666667,0.00130349026413198,0.000130349026413198
"1909","ASV3029",3.33333333333333e-05,0.000333333333333333,3.33333333333333e-05
"1910","ASV303",0.0390866307474103,0.0221963826637192,0.00221963826637192
"1911","ASV3030",0.00018720695970696,0.00108464475662864,0.000108464475662864
"1912","ASV3031",0,0,0
"1913","ASV3032",3e-05,3e-04,3e-05
"1914","ASV3033",3.5e-05,0.00035,3.5e-05
"1915","ASV3034",0.000148888888888889,0.000929517613007888,9.29517613007888e-05
"1916","ASV3035",6.96969696969697e-05,0.000490809317707327,4.90809317707327e-05
"1917","ASV3036",0.000100363636363636,0.000732891427084176,7.32891427084176e-05
"1918","ASV3037",9.52380952380952e-05,0.000733226505965026,7.33226505965026e-05
"1919","ASV3038",0,0,0
"1920","ASV3039",0.000102619047619048,0.000586576665432002,5.86576665432002e-05
"1921","ASV304",0.00631462585355148,0.00737617008912437,0.000737617008912437
"1922","ASV3040",0.000277142857142857,0.00136011412840665,0.000136011412840665
"1923","ASV3041",3.2e-05,0.00032,3.2e-05
"1924","ASV3042",8e-05,8e-04,8e-05
"1925","ASV3043",0.000151333333333333,0.000980934070073851,9.80934070073851e-05
"1926","ASV3044",2e-05,2e-04,2e-05
"1927","ASV3045",6.75555555555556e-05,0.000475942446227705,4.75942446227705e-05
"1928","ASV3046",3.42857142857143e-05,0.000342857142857143,3.42857142857143e-05
"1929","ASV3047",0,0,0
"1930","ASV3048",0.000134542124542125,0.000664307879508806,6.64307879508806e-05
"1931","ASV3049",0.000106666666666667,0.000654570394835983,6.54570394835983e-05
"1932","ASV305",0.00263006335608873,0.00540800365667248,0.000540800365667248
"1933","ASV3050",0,0,0
"1934","ASV3051",3.2e-05,0.00032,3.2e-05
"1935","ASV3052",0,0,0
"1936","ASV3053",1e-04,0.000822658906696862,8.22658906696862e-05
"1937","ASV3054",3e-05,3e-04,3e-05
"1938","ASV3055",5.33333333333333e-05,0.000533333333333333,5.33333333333333e-05
"1939","ASV3056",0,0,0
"1940","ASV3057",0,0,0
"1941","ASV3058",0,0,0
"1942","ASV3059",0,0,0
"1943","ASV3060",5.42857142857143e-05,0.000395178110505734,3.95178110505734e-05
"1944","ASV3061",0.000102952380952381,0.000589295309438404,5.89295309438404e-05
"1945","ASV3062",3.2e-05,0.00032,3.2e-05
"1946","ASV3063",3e-05,3e-04,3e-05
"1947","ASV3064",0.000134666666666667,0.000665384625864395,6.65384625864395e-05
"1948","ASV3065",0.000108,0.000764579504160174,7.64579504160174e-05
"1949","ASV3066",0,0,0
"1950","ASV3067",0,0,0
"1951","ASV3068",0.000142692307692308,0.00100522059360849,0.000100522059360849
"1952","ASV3069",0,0,0
"1953","ASV307",0.0959417225614352,0.0356387569056852,0.00356387569056852
"1954","ASV3070",7.42857142857143e-05,0.000524195056861089,5.24195056861089e-05
"1955","ASV3071",0.000165952380952381,0.000845042149512897,8.45042149512897e-05
"1956","ASV3072",0,0,0
"1957","ASV3073",0,0,0
"1958","ASV3074",3.71428571428572e-05,0.000371428571428571,3.71428571428572e-05
"1959","ASV3075",3.2e-05,0.00032,3.2e-05
"1960","ASV3076",0,0,0
"1961","ASV3077",3.6e-05,0.00036,3.6e-05
"1962","ASV3079",0,0,0
"1963","ASV308",0.012143691863789,0.0115756977890513,0.00115756977890513
"1964","ASV3080",2.66666666666667e-05,0.000266666666666667,2.66666666666667e-05
"1965","ASV3081",3.42857142857143e-05,0.000342857142857143,3.42857142857143e-05
"1966","ASV3082",0,0,0
"1967","ASV3083",5.69230769230769e-05,0.000418138158333946,4.18138158333946e-05
"1968","ASV3084",7e-05,0.000492468529477014,4.92468529477014e-05
"1969","ASV3085",0,0,0
"1970","ASV3086",3.2e-05,0.00032,3.2e-05
"1971","ASV3087",0,0,0
"1972","ASV3088",0,0,0
"1973","ASV3089",0,0,0
"1974","ASV309",0.0116330842616351,0.011901028527933,0.0011901028527933
"1975","ASV3091",0,0,0
"1976","ASV3092",3.55555555555556e-05,0.000355555555555556,3.55555555555556e-05
"1977","ASV3093",0,0,0
"1978","ASV3094",0,0,0
"1979","ASV3095",0,0,0
"1980","ASV3096",5.71428571428571e-05,0.000571428571428571,5.71428571428571e-05
"1981","ASV3097",0,0,0
"1982","ASV3098",0,0,0
"1983","ASV3099",4.8e-05,0.00048,4.8e-05
"1984","ASV31",0.0814541934670227,0.0314253389311724,0.00314253389311724
"1985","ASV310",0.0354926681385978,0.0210769365636141,0.00210769365636141
"1986","ASV3100",0,0,0
"1987","ASV3101",0,0,0
"1988","ASV3106",0,0,0
"1989","ASV3107",0,0,0
"1990","ASV3108",6.85714285714286e-05,0.000685714285714286,6.85714285714286e-05
"1991","ASV3109",3.5e-05,0.00035,3.5e-05
"1992","ASV311",0.0114643024995076,0.0104525106876385,0.00104525106876385
"1993","ASV3110",0,0,0
"1994","ASV3113",0,0,0
"1995","ASV3114",0,0,0
"1996","ASV3116",6.2e-05,0.000436417925915751,4.36417925915751e-05
"1997","ASV3117",0,0,0
"1998","ASV3119",0,0,0
"1999","ASV312",0.0164581656348393,0.0113725789519447,0.00113725789519447
"2000","ASV3120",0,0,0
"2001","ASV3121",0,0,0
"2002","ASV3122",0,0,0
"2003","ASV3123",0,0,0
"2004","ASV3124",0,0,0
"2005","ASV3125",0,0,0
"2006","ASV3126",3.42857142857143e-05,0.000342857142857143,3.42857142857143e-05
"2007","ASV3127",0,0,0
"2008","ASV3128",0,0,0
"2009","ASV3129",0,0,0
"2010","ASV313",0.14012447610082,0.0348369649179418,0.00348369649179418
"2011","ASV3130",0,0,0
"2012","ASV3132",0,0,0
"2013","ASV3133",0,0,0
"2014","ASV3134",6.85714285714286e-05,0.000685714285714286,6.85714285714286e-05
"2015","ASV3135",0,0,0
"2016","ASV3136",0,0,0
"2017","ASV3138",0,0,0
"2018","ASV3139",3.55555555555556e-05,0.000355555555555556,3.55555555555556e-05
"2019","ASV3140",8.4e-05,0.00084,8.4e-05
"2020","ASV3141",3.2e-05,0.00032,3.2e-05
"2021","ASV3144",0,0,0
"2022","ASV3145",0,0,0
"2023","ASV3146",4.8e-05,0.00048,4.8e-05
"2024","ASV3147",3.55555555555556e-05,0.000355555555555556,3.55555555555556e-05
"2025","ASV3149",0,0,0
"2026","ASV3150",0,0,0
"2027","ASV3153",0,0,0
"2028","ASV3155",0,0,0
"2029","ASV3156",5.71428571428571e-05,0.000571428571428571,5.71428571428571e-05
"2030","ASV3157",0,0,0
"2031","ASV3158",0,0,0
"2032","ASV3159",0,0,0
"2033","ASV316",0.000467785369220152,0.00201869139879035,0.000201869139879035
"2034","ASV3161",3.55555555555556e-05,0.000355555555555556,3.55555555555556e-05
"2035","ASV3162",4e-05,4e-04,4e-05
"2036","ASV3163",3.2e-05,0.00032,3.2e-05
"2037","ASV3164",3.33333333333333e-05,0.000333333333333333,3.33333333333333e-05
"2038","ASV3165",3.63636363636364e-05,0.000363636363636364,3.63636363636364e-05
"2039","ASV3166",0,0,0
"2040","ASV3167",0,0,0
"2041","ASV3169",0,0,0
"2042","ASV317",0.0366502173228575,0.021709958266092,0.0021709958266092
"2043","ASV3170",3.33333333333333e-05,0.000333333333333333,3.33333333333333e-05
"2044","ASV3171",3e-05,3e-04,3e-05
"2045","ASV3172",0,0,0
"2046","ASV3173",3.55555555555556e-05,0.000355555555555556,3.55555555555556e-05
"2047","ASV3174",0,0,0
"2048","ASV3176",0,0,0
"2049","ASV3178",0,0,0
"2050","ASV3179",6.4e-05,0.00064,6.4e-05
"2051","ASV318",0.00204168147524541,0.00456952567744553,0.000456952567744553
"2052","ASV3181",0,0,0
"2053","ASV3182",0,0,0
"2054","ASV3183",0,0,0
"2055","ASV3184",0,0,0
"2056","ASV3185",0,0,0
"2057","ASV3187",0,0,0
"2058","ASV3188",0,0,0
"2059","ASV3189",0,0,0
"2060","ASV3191",0,0,0
"2061","ASV3192",0,0,0
"2062","ASV3194",0,0,0
"2063","ASV3195",6.22222222222222e-05,0.000622222222222222,6.22222222222222e-05
"2064","ASV3196",0,0,0
"2065","ASV3197",0,0,0
"2066","ASV3199",3.55555555555556e-05,0.000355555555555556,3.55555555555556e-05
"2067","ASV32",0.0387525831438315,0.0186849070167104,0.00186849070167104
"2068","ASV320",0.00388471587825734,0.00559078170487509,0.000559078170487509
"2069","ASV3200",0,0,0
"2070","ASV3201",3.2e-05,0.00032,3.2e-05
"2071","ASV3202",0,0,0
"2072","ASV3203",8.91428571428571e-05,0.000652101624404367,6.52101624404367e-05
"2073","ASV3204",0,0,0
"2074","ASV3205",0,0,0
"2075","ASV3206",0,0,0
"2076","ASV3207",0,0,0
"2077","ASV3208",2.66666666666667e-05,0.000266666666666667,2.66666666666667e-05
"2078","ASV3209",0,0,0
"2079","ASV321",0.00338612481584463,0.0052551982249555,0.000525519822495551
"2080","ASV3210",0,0,0
"2081","ASV3211",0,0,0
"2082","ASV3213",7.06493506493507e-05,0.000497256203519933,4.97256203519933e-05
"2083","ASV3214",4e-05,4e-04,4e-05
"2084","ASV3215",0,0,0
"2085","ASV3217",3.55555555555556e-05,0.000355555555555556,3.55555555555556e-05
"2086","ASV3218",0.000109285714285714,0.000821496326962792,8.21496326962792e-05
"2087","ASV3219",7.6e-05,0.000535435252006169,5.35435252006169e-05
"2088","ASV322",0.00870029634989381,0.00897649670644749,0.000897649670644749
"2089","ASV3220",0,0,0
"2090","ASV3222",0,0,0
"2091","ASV3223",7e-05,0.000493037949607418,4.93037949607418e-05
"2092","ASV3225",0.00012,0.000910544292767194,9.10544292767194e-05
"2093","ASV3226",0,0,0
"2094","ASV3227",0,0,0
"2095","ASV3228",6.93333333333334e-05,0.000488146359903327,4.88146359903327e-05
"2096","ASV3229",6.76923076923077e-05,0.000676923076923077,6.76923076923077e-05
"2097","ASV323",0,0,0
"2098","ASV3230",0,0,0
"2099","ASV3231",0,0,0
"2100","ASV3232",0,0,0
"2101","ASV3233",0,0,0
"2102","ASV3234",3.5e-05,0.00035,3.5e-05
"2103","ASV3235",8.93333333333334e-05,0.000640441766724857,6.40441766724857e-05
"2104","ASV3236",0,0,0
"2105","ASV3237",0,0,0
"2106","ASV3238",3.6e-05,0.00036,3.6e-05
"2107","ASV324",0.00798697446575351,0.00878788075911153,0.000878788075911153
"2108","ASV3240",3.6e-05,0.00036,3.6e-05
"2109","ASV3241",3.5e-05,0.00035,3.5e-05
"2110","ASV3242",0,0,0
"2111","ASV3243",6.22222222222222e-05,0.000622222222222222,6.22222222222222e-05
"2112","ASV3244",0,0,0
"2113","ASV3245",0,0,0
"2114","ASV3246",0,0,0
"2115","ASV3247",0,0,0
"2116","ASV3248",6.54545454545455e-05,0.000654545454545455,6.54545454545455e-05
"2117","ASV3249",0,0,0
"2118","ASV3250",3.69230769230769e-05,0.000369230769230769,3.69230769230769e-05
"2119","ASV3252",3.33333333333333e-05,0.000333333333333333,3.33333333333333e-05
"2120","ASV3253",0,0,0
"2121","ASV3254",3.6e-05,0.00036,3.6e-05
"2122","ASV3255",0,0,0
"2123","ASV3256",0,0,0
"2124","ASV3258",3.6e-05,0.00036,3.6e-05
"2125","ASV3259",0,0,0
"2126","ASV326",0.00586386983562795,0.00690191981814054,0.000690191981814054
"2127","ASV3260",8.88888888888889e-05,0.000888888888888889,8.88888888888889e-05
"2128","ASV3261",0,0,0
"2129","ASV3263",0,0,0
"2130","ASV3264",0,0,0
"2131","ASV3265",3.42857142857143e-05,0.000342857142857143,3.42857142857143e-05
"2132","ASV3266",0,0,0
"2133","ASV3267",0,0,0
"2134","ASV3269",3e-05,3e-04,3e-05
"2135","ASV327",0.0366227458088717,0.0214009455135198,0.00214009455135198
"2136","ASV3272",0,0,0
"2137","ASV3273",3.33333333333333e-05,0.000333333333333333,3.33333333333333e-05
"2138","ASV3274",0.00010547619047619,0.000603395332514441,6.03395332514441e-05
"2139","ASV3275",0,0,0
"2140","ASV3276",0,0,0
"2141","ASV3277",9.21428571428571e-05,0.000667075863904919,6.67075863904919e-05
"2142","ASV3278",0,0,0
"2143","ASV328",0.0100221876416833,0.0111647148677417,0.00111647148677417
"2144","ASV3280",3.6e-05,0.00036,3.6e-05
"2145","ASV3281",8e-05,8e-04,8e-05
"2146","ASV3282",5.33333333333333e-05,0.000533333333333333,5.33333333333333e-05
"2147","ASV3283",8.53333333333333e-05,0.000619190304346437,6.19190304346437e-05
"2148","ASV3284",2.66666666666667e-05,0.000266666666666667,2.66666666666667e-05
"2149","ASV3285",0,0,0
"2150","ASV3287",0,0,0
"2151","ASV3288",3e-05,3e-04,3e-05
"2152","ASV3289",0,0,0
"2153","ASV329",0.0106927925367061,0.0113653084716683,0.00113653084716683
"2154","ASV3290",3.63636363636364e-05,0.000363636363636364,3.63636363636364e-05
"2155","ASV3291",0,0,0
"2156","ASV3292",6.66666666666667e-05,0.000666666666666667,6.66666666666667e-05
"2157","ASV3293",3.66666666666667e-05,0.000366666666666667,3.66666666666667e-05
"2158","ASV3294",0,0,0
"2159","ASV3295",0,0,0
"2160","ASV3296",0,0,0
"2161","ASV3297",3.2e-05,0.00032,3.2e-05
"2162","ASV3298",0,0,0
"2163","ASV3299",0,0,0
"2164","ASV33",0.0376210067028782,0.0234670218824765,0.00234670218824765
"2165","ASV330",0.00887300055345411,0.0105029555139995,0.00105029555139995
"2166","ASV3300",0,0,0
"2167","ASV3301",0,0,0
"2168","ASV3303",0,0,0
"2169","ASV3304",0,0,0
"2170","ASV3305",0,0,0
"2171","ASV3306",8.88888888888889e-05,0.000888888888888889,8.88888888888889e-05
"2172","ASV3308",0,0,0
"2173","ASV3309",0,0,0
"2174","ASV3310",0,0,0
"2175","ASV3311",4e-05,4e-04,4e-05
"2176","ASV3312",0,0,0
"2177","ASV3313",4e-05,4e-04,4e-05
"2178","ASV3314",9.6e-05,0.00067538541185419,6.7538541185419e-05
"2179","ASV3315",3e-05,3e-04,3e-05
"2180","ASV3316",5.2e-05,0.000375642211029419,3.75642211029419e-05
"2181","ASV3317",0,0,0
"2182","ASV3318",0,0,0
"2183","ASV332",0.00852069743736469,0.00939096155468511,0.000939096155468511
"2184","ASV3321",0,0,0
"2185","ASV3322",6e-05,6e-04,6e-05
"2186","ASV3323",2e-05,2e-04,2e-05
"2187","ASV3324",0,0,0
"2188","ASV3325",4e-05,4e-04,4e-05
"2189","ASV3326",0,0,0
"2190","ASV3327",0,0,0
"2191","ASV333",0.0332363660672541,0.0199211831249728,0.00199211831249728
"2192","ASV3330",3e-05,3e-04,3e-05
"2193","ASV3331",0.000116,0.000828375555292441,8.28375555292441e-05
"2194","ASV3332",0,0,0
"2195","ASV3333",3.5e-05,0.00035,3.5e-05
"2196","ASV3334",0,0,0
"2197","ASV3335",0,0,0
"2198","ASV3336",0,0,0
"2199","ASV3337",6.93333333333334e-05,0.000488146359903327,4.88146359903327e-05
"2200","ASV3338",0,0,0
"2201","ASV3339",7.5e-05,0.00075,7.5e-05
"2202","ASV3341",0,0,0
"2203","ASV3342",0,0,0
"2204","ASV3343",0,0,0
"2205","ASV3344",0,0,0
"2206","ASV3345",0,0,0
"2207","ASV3346",0,0,0
"2208","ASV3347",0,0,0
"2209","ASV3348",0,0,0
"2210","ASV3349",6.85714285714286e-05,0.000685714285714286,6.85714285714286e-05
"2211","ASV335",0.00176747219447219,0.00400351628964023,0.000400351628964023
"2212","ASV3351",0,0,0
"2213","ASV3352",0,0,0
"2214","ASV3353",0,0,0
"2215","ASV3354",0,0,0
"2216","ASV3356",0,0,0
"2217","ASV3358",3.66666666666667e-05,0.000366666666666667,3.66666666666667e-05
"2218","ASV3359",0,0,0
"2219","ASV336",0.00306672405372405,0.00462522605415185,0.000462522605415185
"2220","ASV3360",6.85714285714286e-05,0.000685714285714286,6.85714285714286e-05
"2221","ASV3362",0,0,0
"2222","ASV3363",3.2e-05,0.00032,3.2e-05
"2223","ASV3364",5.33333333333333e-05,0.000533333333333333,5.33333333333333e-05
"2224","ASV3365",0,0,0
"2225","ASV3366",0,0,0
"2226","ASV3367",0,0,0
"2227","ASV3368",0,0,0
"2228","ASV3369",0,0,0
"2229","ASV337",0.0110712718086194,0.010904795926374,0.0010904795926374
"2230","ASV3370",0,0,0
"2231","ASV3371",0,0,0
"2232","ASV3372",0,0,0
"2233","ASV3373",0,0,0
"2234","ASV3374",0,0,0
"2235","ASV3375",6.22222222222222e-05,0.000622222222222222,6.22222222222222e-05
"2236","ASV3376",0,0,0
"2237","ASV3377",0,0,0
"2238","ASV3378",0,0,0
"2239","ASV3379",3.5e-05,0.00035,3.5e-05
"2240","ASV338",0.00899375129706446,0.0105707376111366,0.00105707376111366
"2241","ASV3380",0,0,0
"2242","ASV3382",3.2e-05,0.00032,3.2e-05
"2243","ASV3384",0,0,0
"2244","ASV3385",6e-05,6e-04,6e-05
"2245","ASV3386",0,0,0
"2246","ASV3387",0,0,0
"2247","ASV3388",0,0,0
"2248","ASV340",0.0293069460065443,0.0186429079112081,0.00186429079112081
"2249","ASV341",0.00902268787535284,0.00946540499551204,0.000946540499551204
"2250","ASV342",0.00908217297465251,0.0111649623025963,0.00111649623025963
"2251","ASV343",0.0353578509348147,0.023957882658049,0.0023957882658049
"2252","ASV344",0.00276864015382174,0.00528051240979654,0.000528051240979654
"2253","ASV345",0.00325558282068808,0.00585412352044267,0.000585412352044267
"2254","ASV346",0.00752575677589636,0.00784500509050444,0.000784500509050444
"2255","ASV347",0.0404475900633968,0.0233517123758279,0.00233517123758279
"2256","ASV348",0.00270789724860623,0.00445869935985853,0.000445869935985853
"2257","ASV349",0.0389208005466289,0.0220049433480501,0.00220049433480501
"2258","ASV350",0.0340387299967319,0.0209180621751387,0.00209180621751387
"2259","ASV353",0.000524952380952381,0.00235745569270028,0.000235745569270028
"2260","ASV354",0.00273854748163101,0.00486768802684912,0.000486768802684912
"2261","ASV355",0.0392094033570817,0.0257621615003162,0.00257621615003162
"2262","ASV356",0.010135002033361,0.0101350855889521,0.00101350855889521
"2263","ASV357",0.000465437229437229,0.00200251908937252,0.000200251908937252
"2264","ASV359",0.0294394706725574,0.0202187268702685,0.00202187268702685
"2265","ASV360",0.0125012337105245,0.0135535229272146,0.00135535229272146
"2266","ASV361",0.0280108879381563,0.0175155420087637,0.00175155420087637
"2267","ASV362",0.00235928763418123,0.00480939953468853,0.000480939953468853
"2268","ASV363",0.0241563773391622,0.0148723576350029,0.00148723576350029
"2269","ASV364",0.0130430056693624,0.0100056346986423,0.00100056346986423
"2270","ASV365",0.00988406547953176,0.00965164546953995,0.000965164546953995
"2271","ASV366",0.00251669207589796,0.00495524816735451,0.000495524816735451
"2272","ASV367",0.00185562966502097,0.0041028575925307,0.00041028575925307
"2273","ASV368",0.000219064935064935,0.00112423294532583,0.000112423294532583
"2274","ASV369",0.000532460317460317,0.00207420753974431,0.000207420753974431
"2275","ASV370",0.0415292387875492,0.021848419940678,0.0021848419940678
"2276","ASV371",0.0388070652792116,0.0206422603417413,0.00206422603417413
"2277","ASV372",0.0103138703448852,0.010793893709393,0.0010793893709393
"2278","ASV374",0.00204136473018314,0.00431639537818984,0.000431639537818984
"2279","ASV375",0.0356818972725753,0.0206337073368675,0.00206337073368675
"2280","ASV376",0.00188660008491083,0.00426305045085328,0.000426305045085328
"2281","ASV377",9.2952380952381e-05,0.000534111162335966,5.34111162335966e-05
"2282","ASV378",0.00549147328942725,0.00757524354091396,0.000757524354091396
"2283","ASV379",0.00211608681926948,0.00441907107405588,0.000441907107405588
"2284","ASV38",0.152210127378537,0.0400650602160547,0.00400650602160547
"2285","ASV380",0.0385366961569712,0.0234672626396146,0.00234672626396146
"2286","ASV381",0.00127906798756799,0.00316563148130277,0.000316563148130277
"2287","ASV383",0.0022537843289359,0.00550441015102767,0.000550441015102767
"2288","ASV384",0.000451857142857143,0.00173079074136469,0.000173079074136469
"2289","ASV385",0.00513759520643428,0.00756922000103757,0.000756922000103757
"2290","ASV387",0.00386582237540805,0.00626042182299689,0.000626042182299689
"2291","ASV388",0.0275904845002741,0.0173645918699626,0.00173645918699626
"2292","ASV389",3.42857142857143e-05,0.000342857142857143,3.42857142857143e-05
"2293","ASV39",0.0382737195101514,0.0234905145513139,0.00234905145513139
"2294","ASV390",0.000863579753579754,0.0023137385357836,0.00023137385357836
"2295","ASV391",0.000706366910866911,0.00211066705330594,0.000211066705330594
"2296","ASV392",0,0,0
"2297","ASV393",0,0,0
"2298","ASV394",0.0965760745315303,0.0302388923024133,0.00302388923024133
"2299","ASV395",0.0033067524379421,0.00565210608352527,0.000565210608352527
"2300","ASV396",0.0991857510208551,0.0326878800123575,0.00326878800123575
"2301","ASV397",0.0983655665485126,0.0398624321126414,0.00398624321126414
"2302","ASV398",0.00255300852046504,0.00501718085063538,0.000501718085063538
"2303","ASV399",0.0385309799342534,0.0225474527645739,0.00225474527645739
"2304","ASV400",0.0086917324014434,0.00931858411823363,0.000931858411823363
"2305","ASV401",0.0118877101839621,0.0111880291168662,0.00111880291168662
"2306","ASV403",0.0419003688023438,0.0214245054332796,0.00214245054332796
"2307","ASV405",0.000886187025534852,0.00275749080676199,0.000275749080676199
"2308","ASV406",0.0359253100671348,0.0214769759677752,0.00214769759677752
"2309","ASV408",0.00780876566229272,0.00848533854461734,0.000848533854461734
"2310","ASV409",0.00305019284926049,0.00547992183309985,0.000547992183309985
"2311","ASV41",0.0401885772986828,0.0243213017107559,0.00243213017107559
"2312","ASV410",0.00853488260090966,0.0106234929950013,0.00106234929950013
"2313","ASV411",0.000957969634230504,0.00300469620554835,0.000300469620554835
"2314","ASV413",0.0146137850151987,0.0119308738078697,0.00119308738078697
"2315","ASV414",0.0023054691405497,0.00479261844991906,0.000479261844991906
"2316","ASV415",0.00239905672346977,0.00513735521269331,0.000513735521269331
"2317","ASV416",0.00162633966644325,0.00384334111207489,0.000384334111207489
"2318","ASV418",0.0890381634196168,0.0325452043292028,0.00325452043292028
"2319","ASV419",0.0514063193173796,0.0243315680152056,0.00243315680152056
"2320","ASV420",0.00102362798312798,0.00236806117021824,0.000236806117021824
"2321","ASV421",9e-05,0.000668104510060841,6.68104510060841e-05
"2322","ASV422",0.00670419572491641,0.00843521010254573,0.000843521010254573
"2323","ASV423",0.0019239614652185,0.00460766495285184,0.000460766495285184
"2324","ASV424",0.0119830727336557,0.0130702381350115,0.00130702381350115
"2325","ASV425",0.0396569173134683,0.0226051303104049,0.00226051303104049
"2326","ASV426",0.0225905263860696,0.0150276414745984,0.00150276414745984
"2327","ASV427",0.000323919191919192,0.00138393652973497,0.000138393652973497
"2328","ASV428",0.0110756231280796,0.0113399847208343,0.00113399847208343
"2329","ASV429",0.0028165073139421,0.00576327813240844,0.000576327813240844
"2330","ASV43",0.081047123626969,0.0300410384396535,0.00300410384396535
"2331","ASV430",0.00114454473304473,0.00329724115817717,0.000329724115817717
"2332","ASV431",0.0103723167942496,0.0104563312091254,0.00104563312091254
"2333","ASV432",0.0114397427909283,0.00992453226603262,0.000992453226603262
"2334","ASV433",0.000525316017316017,0.00203486528275266,0.000203486528275266
"2335","ASV434",0.00262193329134633,0.00439064551275965,0.000439064551275965
"2336","ASV435",0.00281010760878792,0.00543819309404526,0.000543819309404526
"2337","ASV437",0.000903829418229876,0.00305247350612264,0.000305247350612264
"2338","ASV438",0.00905991082654651,0.0111609565024338,0.00111609565024338
"2339","ASV439",0.00204596460785591,0.00435347435492437,0.000435347435492437
"2340","ASV44",0.278445617860883,0.0529699440673618,0.00529699440673618
"2341","ASV440",0.000586692640692641,0.0025832939123127,0.00025832939123127
"2342","ASV441",4.6984126984127e-05,0.00046984126984127,4.6984126984127e-05
"2343","ASV442",6.85714285714286e-05,0.000685714285714286,6.85714285714286e-05
"2344","ASV443",0.000527093031151855,0.00212871838866136,0.000212871838866136
"2345","ASV444",0.00258617235095112,0.00540555403632782,0.000540555403632782
"2346","ASV445",0.00246731799118756,0.00466008865843469,0.000466008865843469
"2347","ASV446",0.0104908504767768,0.00925871191526207,0.000925871191526207
"2348","ASV447",0.000641209013209013,0.0021161595423263,0.00021161595423263
"2349","ASV448",0.00304012176996064,0.00550837377350882,0.000550837377350882
"2350","ASV449",0.00255342968455693,0.00560115682642619,0.000560115682642619
"2351","ASV450",0.0229719717199867,0.0145203889304256,0.00145203889304256
"2352","ASV451",0.000390915750915751,0.00179520371341151,0.000179520371341151
"2353","ASV452",0.0147637135529402,0.0112250003976458,0.00112250003976458
"2354","ASV453",0.00277196158397622,0.00567300837116474,0.000567300837116474
"2355","ASV454",0,0,0
"2356","ASV455",0.00300386393792714,0.00543345850949519,0.000543345850949519
"2357","ASV456",0.00773941503793166,0.0096196220400243,0.00096196220400243
"2358","ASV458",0.0969250291696159,0.0349281754558706,0.00349281754558706
"2359","ASV46",0.0694913297041048,0.0289116620147126,0.00289116620147126
"2360","ASV460",0.00135140200150726,0.00324893842922493,0.000324893842922493
"2361","ASV461",0.0026238976545956,0.00484728050249231,0.000484728050249231
"2362","ASV462",0.00331608284070964,0.00543272908398042,0.000543272908398042
"2363","ASV463",0.000124142857142857,0.000735821648395713,7.35821648395713e-05
"2364","ASV464",5.33333333333333e-05,0.000533333333333333,5.33333333333333e-05
"2365","ASV465",0.000804583583083583,0.00244887951348063,0.000244887951348063
"2366","ASV466",0.000757100393780701,0.00252230510315563,0.000252230510315563
"2367","ASV467",0.000770016743983496,0.00263493537588638,0.000263493537588638
"2368","ASV468",0.00054647619047619,0.00198610719309164,0.000198610719309164
"2369","ASV469",0.00611530828367576,0.00643153980275098,0.000643153980275098
"2370","ASV47",0.213759656165955,0.0458058821964422,0.00458058821964422
"2371","ASV470",0.00290911027861028,0.0049068451402262,0.00049068451402262
"2372","ASV471",0.00287185407689183,0.00495625685175187,0.000495625685175187
"2373","ASV473",0.0187324118539512,0.014296811405727,0.0014296811405727
"2374","ASV475",0.000249888888888889,0.00111359154763776,0.000111359154763776
"2375","ASV476",0.0849689502065889,0.0291113855534873,0.00291113855534873
"2376","ASV477",6.5e-05,0.00065,6.5e-05
"2377","ASV478",0.0110906649545023,0.0104242879718953,0.00104242879718953
"2378","ASV479",0.00616897141025469,0.00715783831204657,0.000715783831204658
"2379","ASV48",0.03901731003594,0.0237048298049394,0.00237048298049394
"2380","ASV480",0.00126392259202786,0.00352326082279231,0.000352326082279231
"2381","ASV481",0.0232570841038383,0.0172400058040377,0.00172400058040377
"2382","ASV482",0.0124347769709165,0.0121245685601686,0.00121245685601686
"2383","ASV483",0,0,0
"2384","ASV484",0.0911495916105073,0.0325766548926427,0.00325766548926427
"2385","ASV485",0.0284831465723101,0.0204857141699053,0.00204857141699053
"2386","ASV486",0.100135344991889,0.0349737348635205,0.00349737348635205
"2387","ASV487",0.00448115895913661,0.00695237268206034,0.000695237268206034
"2388","ASV489",0.000183038961038961,0.00128786789183793,0.000128786789183793
"2389","ASV49",0.0381055264034943,0.0265129876125173,0.00265129876125173
"2390","ASV490",0,0,0
"2391","ASV491",0.00639383051276657,0.00777092243533336,0.000777092243533336
"2392","ASV492",0,0,0
"2393","ASV494",0.00565026653113865,0.0076414420949691,0.00076414420949691
"2394","ASV495",0.00234879969308297,0.00513321319196892,0.000513321319196892
"2395","ASV496",0.000525612165612166,0.00219598113616179,0.000219598113616179
"2396","ASV497",0.00936718730962132,0.011007275502588,0.0011007275502588
"2397","ASV498",0.000835943344237462,0.00297936445442365,0.000297936445442365
"2398","ASV499",3.66666666666667e-05,0.000366666666666667,3.66666666666667e-05
"2399","ASV50",0.258436902014606,0.0576475460754786,0.00576475460754786
"2400","ASV500",0.00252115397140064,0.00490181661507245,0.000490181661507245
"2401","ASV501",0.00155688443724505,0.0037762181461322,0.00037762181461322
"2402","ASV502",3e-05,3e-04,3e-05
"2403","ASV504",0.0979574068026349,0.0336708769576014,0.00336708769576014
"2404","ASV505",0.00742781725482755,0.00902547923102181,0.00090254792310218
"2405","ASV506",0.00241324799837843,0.00441560600236003,0.000441560600236003
"2406","ASV507",0.000543444444444444,0.00210160188964428,0.000210160188964428
"2407","ASV508",0.000809698634698635,0.00220655320801587,0.000220655320801587
"2408","ASV509",0.0150281082308906,0.0133314291539224,0.00133314291539224
"2409","ASV510",0.00106543323343323,0.00294264297570869,0.000294264297570869
"2410","ASV511",0.00602296852145028,0.00904499931331879,0.000904499931331879
"2411","ASV512",2.66666666666667e-05,0.000266666666666667,2.66666666666667e-05
"2412","ASV513",0.000172142857142857,0.00103445562172223,0.000103445562172223
"2413","ASV514",0.000617168763603546,0.00218306766524036,0.000218306766524036
"2414","ASV515",0.000547893217893218,0.00258911431649205,0.000258911431649205
"2415","ASV517",0.00225151782602166,0.0048352272857054,0.00048352272857054
"2416","ASV518",0.000563710038753517,0.00209002792076937,0.000209002792076937
"2417","ASV519",0.00274455447947903,0.00513945381304507,0.000513945381304507
"2418","ASV520",0.00204081414337297,0.00370434152297919,0.000370434152297919
"2419","ASV522",0.000253460317460317,0.00146255809032373,0.000146255809032373
"2420","ASV523",0.00950894045653125,0.00879554527213738,0.000879554527213738
"2421","ASV524",0,0,0
"2422","ASV525",0.00587664795034313,0.00718003630642588,0.000718003630642588
"2423","ASV526",0.000153333333333333,0.00112856990641698,0.000112856990641698
"2424","ASV527",5.71428571428571e-05,0.000571428571428571,5.71428571428571e-05
"2425","ASV528",0,0,0
"2426","ASV53",0.0396659196518921,0.0241176583068534,0.00241176583068534
"2427","ASV530",0.000453253968253968,0.00161170470760312,0.000161170470760312
"2428","ASV531",0.00157439459886519,0.00360930267233998,0.000360930267233998
"2429","ASV532",3.55555555555556e-05,0.000355555555555556,3.55555555555556e-05
"2430","ASV533",0.00286082336333743,0.00594805305891607,0.000594805305891607
"2431","ASV534",8.73809523809524e-05,0.000638060912044352,6.38060912044352e-05
"2432","ASV535",0.00246775543921835,0.00496578658814515,0.000496578658814515
"2433","ASV536",0.0106679996218615,0.0112866518517775,0.00112866518517775
"2434","ASV537",0.000331456582633053,0.00153127654154561,0.000153127654154561
"2435","ASV538",0.00919153447564236,0.00916192027095609,0.000916192027095609
"2436","ASV539",0.000128571428571429,0.00063627201062811,6.3627201062811e-05
"2437","ASV54",0.146367833216433,0.0451657393291786,0.00451657393291786
"2438","ASV540",0.00041030303030303,0.00170921699520652,0.000170921699520652
"2439","ASV541",0.000168,0.00096513776689699,9.6513776689699e-05
"2440","ASV542",0.000837993928293928,0.00259645382277787,0.000259645382277787
"2441","ASV543",0.00104153041403041,0.00227463852491052,0.000227463852491052
"2442","ASV545",3e-05,3e-04,3e-05
"2443","ASV546",6.66666666666667e-05,0.000666666666666667,6.66666666666667e-05
"2444","ASV547",0,0,0
"2445","ASV548",6e-05,6e-04,6e-05
"2446","ASV55",0.103427011612088,0.0360158780206334,0.00360158780206334
"2447","ASV550",0.00308883838383838,0.00432902047657941,0.000432902047657941
"2448","ASV551",0.000220732600732601,0.00135036478546159,0.000135036478546159
"2449","ASV552",0.000902644688644689,0.00277605360054533,0.000277605360054533
"2450","ASV553",0.012048701287047,0.012370750951363,0.0012370750951363
"2451","ASV554",0.000413282828282828,0.00149511528409197,0.000149511528409197
"2452","ASV555",0.000452835497835498,0.00165532923078468,0.000165532923078468
"2453","ASV556",0.00122994579689317,0.00320432343574036,0.000320432343574036
"2454","ASV557",0.000208650793650794,0.00116430223933834,0.000116430223933834
"2455","ASV558",0,0,0
"2456","ASV559",0.00256998064117125,0.00496959369040385,0.000496959369040385
"2457","ASV56",0.0879969568851677,0.0305223770913658,0.00305223770913658
"2458","ASV560",0.000804400760096009,0.00256716216040317,0.000256716216040317
"2459","ASV561",0.000737208247847634,0.00263072625373147,0.000263072625373147
"2460","ASV562",3.42857142857143e-05,0.000342857142857143,3.42857142857143e-05
"2461","ASV563",3.55555555555556e-05,0.000355555555555556,3.55555555555556e-05
"2462","ASV564",0.000317460317460317,0.00156977334954772,0.000156977334954772
"2463","ASV565",3.2e-05,0.00032,3.2e-05
"2464","ASV566",0.000961564324564325,0.00311955522213428,0.000311955522213428
"2465","ASV567",0,0,0
"2466","ASV568",0.000783113553113553,0.00216827945568738,0.000216827945568738
"2467","ASV57",0.346149484931485,0.0689962159944797,0.00689962159944797
"2468","ASV570",0.00894363671991549,0.00986351543293509,0.000986351543293509
"2469","ASV572",0.000155666666666667,0.000973545189341633,9.73545189341633e-05
"2470","ASV573",9.36666666666667e-05,0.000680095309224839,6.80095309224839e-05
"2471","ASV574",0.000575301587301587,0.00206250800180961,0.000206250800180961
"2472","ASV575",0.012371027433209,0.0121719849637104,0.00121719849637104
"2473","ASV576",6e-05,6e-04,6e-05
"2474","ASV577",0.00476803517465619,0.0067256091617327,0.00067256091617327
"2475","ASV578",0.00150109893970764,0.00369698228431778,0.000369698228431778
"2476","ASV58",0.320057877025111,0.0539305454943198,0.00539305454943198
"2477","ASV580",0.00143135875235875,0.0031749101648199,0.00031749101648199
"2478","ASV582",0.000979286824286824,0.00239845085208102,0.000239845085208102
"2479","ASV583",0.000290888888888889,0.00109906759108428,0.000109906759108428
"2480","ASV584",9.12698412698413e-05,0.000657895122606789,6.57895122606789e-05
"2481","ASV585",0.000232643356643357,0.00129888114649071,0.000129888114649071
"2482","ASV586",0.00144066145619087,0.00392252557351027,0.000392252557351027
"2483","ASV587",0.000296727272727273,0.00181707014683641,0.000181707014683641
"2484","ASV588",0,0,0
"2485","ASV589",4e-04,0.00169239402352531,0.000169239402352531
"2486","ASV59",0.299311110859225,0.0622170290347675,0.00622170290347675
"2487","ASV590",0.000519354423354423,0.00202851906061823,0.000202851906061823
"2488","ASV591",0.00189249181494834,0.00379494201931209,0.000379494201931209
"2489","ASV592",0.00166593217893218,0.00383258054429927,0.000383258054429927
"2490","ASV593",0.00125538322788323,0.00359134945452765,0.000359134945452765
"2491","ASV595",0.00494346669925698,0.0058192628305681,0.00058192628305681
"2492","ASV596",0.000137222222222222,0.000865267475388727,8.65267475388727e-05
"2493","ASV597",3.33333333333333e-05,0.000333333333333333,3.33333333333333e-05
"2494","ASV598",0.000146585858585859,0.000737642200102855,7.37642200102856e-05
"2495","ASV599",0,0,0
"2496","ASV6",0.156292222389452,0.0404628524180341,0.00404628524180341
"2497","ASV60",0.1126435259112,0.0373672863514429,0.00373672863514429
"2498","ASV600",0.00057015873015873,0.00221554079283268,0.000221554079283268
"2499","ASV601",0.000840627020038785,0.00269103715329534,0.000269103715329534
"2500","ASV602",0.000596879120879121,0.00209995972300573,0.000209995972300573
"2501","ASV603",0,0,0
"2502","ASV604",0.000603831168831169,0.00194342456259638,0.000194342456259638
"2503","ASV606",0.021364169342491,0.0141319540769777,0.00141319540769777
"2504","ASV607",0,0,0
"2505","ASV608",0.000128,0.000900513882472254,9.00513882472254e-05
"2506","ASV609",0.000235936507936508,0.00117147457450624,0.000117147457450624
"2507","ASV610",7.24675324675325e-05,0.000724675324675325,7.24675324675325e-05
"2508","ASV611",0.00014,0.000873516057683145,8.73516057683145e-05
"2509","ASV612",0.00097178923491967,0.00312071379755009,0.000312071379755009
"2510","ASV613",0.00111151100445448,0.00322466661320168,0.000322466661320168
"2511","ASV614",2e-05,2e-04,2e-05
"2512","ASV615",0.000137142857142857,0.000978414739775362,9.78414739775362e-05
"2513","ASV617",3e-05,3e-04,3e-05
"2514","ASV618",0.000360487582592846,0.00164735993086844,0.000164735993086844
"2515","ASV619",0.00215070274170274,0.00456744593608081,0.000456744593608081
"2516","ASV62",0.0977118298080705,0.0375013945442671,0.00375013945442671
"2517","ASV620",0.000218571428571429,0.00125022446964127,0.000125022446964127
"2518","ASV621",0.000116666666666667,0.00116666666666667,0.000116666666666667
"2519","ASV622",0.00060576800976801,0.00243647350880848,0.000243647350880848
"2520","ASV623",0,0,0
"2521","ASV624",0.000140606060606061,0.00101818181818182,0.000101818181818182
"2522","ASV626",0,0,0
"2523","ASV628",4.8e-05,0.00048,4.8e-05
"2524","ASV629",0.000420038541168976,0.00213567895879927,0.000213567895879927
"2525","ASV630",0.00040724025974026,0.00205375683162855,0.000205375683162855
"2526","ASV631",0.00271832667673333,0.00524988017375645,0.000524988017375645
"2527","ASV632",0.00119847226432352,0.003535244051055,0.0003535244051055
"2528","ASV633",0.000203484848484848,0.00128271305057893,0.000128271305057893
"2529","ASV634",0,0,0
"2530","ASV636",0.000269174603174603,0.00150326900023743,0.000150326900023743
"2531","ASV637",0,0,0
"2532","ASV638",0.000330238095238095,0.00165188128436651,0.000165188128436651
"2533","ASV639",0,0,0
"2534","ASV64",0.241898421820454,0.0479582009143193,0.00479582009143193
"2535","ASV640",0,0,0
"2536","ASV641",0.000176,0.00124341660294724,0.000124341660294724
"2537","ASV642",0.00123264685314685,0.00276023541175432,0.000276023541175432
"2538","ASV643",7.5e-05,0.00075,7.5e-05
"2539","ASV644",0.00142349373103378,0.00334809931141141,0.000334809931141141
"2540","ASV645",0.00790009507687538,0.00874763987142797,0.000874763987142797
"2541","ASV646",0.00151034642552673,0.00356882094900025,0.000356882094900025
"2542","ASV647",0.000149230769230769,0.000905971030987546,9.05971030987546e-05
"2543","ASV648",5.71428571428571e-05,0.000571428571428571,5.71428571428571e-05
"2544","ASV649",0,0,0
"2545","ASV650",6.85714285714286e-05,0.000685714285714286,6.85714285714286e-05
"2546","ASV651",0.000890231777883952,0.00270655736742447,0.000270655736742447
"2547","ASV652",0.000282285714285714,0.00183514007785213,0.000183514007785213
"2548","ASV653",0.000102857142857143,0.000763548011498104,7.63548011498104e-05
"2549","ASV654",0,0,0
"2550","ASV655",6e-05,6e-04,6e-05
"2551","ASV656",9.33333333333333e-05,0.000683425714376264,6.83425714376264e-05
"2552","ASV657",0,0,0
"2553","ASV658",0.000640612481086165,0.00227051165360971,0.000227051165360971
"2554","ASV659",9.42857142857143e-05,0.000688037191038623,6.88037191038623e-05
"2555","ASV66",0.109721040401527,0.036946118449836,0.0036946118449836
"2556","ASV660",9.55555555555556e-05,0.000694341406497305,6.94341406497305e-05
"2557","ASV661",0.000906919191919192,0.0025031714584521,0.00025031714584521
"2558","ASV662",0,0,0
"2559","ASV663",0.000101010101010101,0.000741719585886296,7.41719585886296e-05
"2560","ASV664",6e-05,6e-04,6e-05
"2561","ASV665",0.000692690137370444,0.00237215147481087,0.000237215147481087
"2562","ASV667",0.00126357791881321,0.00297680263669807,0.000297680263669807
"2563","ASV668",0.00203845406767146,0.0045552848594794,0.00045552848594794
"2564","ASV670",0,0,0
"2565","ASV671",0,0,0
"2566","ASV672",0,0,0
"2567","ASV673",0,0,0
"2568","ASV674",0.000100571428571429,0.000753771305635703,7.53771305635703e-05
"2569","ASV675",0.000677603174603175,0.00221371222532493,0.000221371222532493
"2570","ASV676",0.00370985275564835,0.00606957832812333,0.000606957832812333
"2571","ASV677",0,0,0
"2572","ASV678",0.000525772005772006,0.00211749390593542,0.000211749390593542
"2573","ASV679",0.000484444444444444,0.00177279323662769,0.000177279323662769
"2574","ASV68",0.0363230073924938,0.0195606515555884,0.00195606515555884
"2575","ASV680",0.000355222222222222,0.00147553558919192,0.000147553558919192
"2576","ASV681",0.000453246753246753,0.00143248121170638,0.000143248121170638
"2577","ASV682",0.000489653235653236,0.001606594787427,0.0001606594787427
"2578","ASV683",0.00577292275815449,0.00826506375597093,0.000826506375597093
"2579","ASV684",3.55555555555556e-05,0.000355555555555556,3.55555555555556e-05
"2580","ASV685",4.8e-05,0.00048,4.8e-05
"2581","ASV686",0,0,0
"2582","ASV687",2e-04,0.0014070529413629,0.00014070529413629
"2583","ASV688",0.000158060606060606,0.00103697140900389,0.000103697140900389
"2584","ASV689",0.000897010101010101,0.00267105134388673,0.000267105134388673
"2585","ASV69",0.0374247780398779,0.0227835526407808,0.00227835526407808
"2586","ASV690",0,0,0
"2587","ASV691",0.000267378787878788,0.00189671460529281,0.000189671460529281
"2588","ASV692",0.000188137009189641,0.00132563949152911,0.000132563949152911
"2589","ASV693",0.00014,0.000995139703912486,9.95139703912486e-05
"2590","ASV694",0.000269444444444444,0.00115281918847098,0.000115281918847098
"2591","ASV695",0.000286190365190365,0.00102805723533337,0.000102805723533337
"2592","ASV697",0.000142555555555556,0.000882488255947648,8.82488255947648e-05
"2593","ASV698",0.000577527805527806,0.00228680247427282,0.000228680247427282
"2594","ASV699",0.000263818181818182,0.00133415158547108,0.000133415158547108
"2595","ASV7",0.148530799811424,0.0423209314740103,0.00423209314740103
"2596","ASV70",0.038403977435445,0.0216949982907453,0.00216949982907453
"2597","ASV700",2e-05,2e-04,2e-05
"2598","ASV701",0.000153142857142857,0.000894809881929682,8.94809881929681e-05
"2599","ASV702",8e-05,8e-04,8e-05
"2600","ASV703",0.0110619294557613,0.0111864517375322,0.00111864517375322
"2601","ASV704",0.000438768398268398,0.00182339554138884,0.000182339554138884
"2602","ASV705",0.000214603174603175,0.00124754450867663,0.000124754450867663
"2603","ASV706",8e-05,8e-04,8e-05
"2604","ASV707",0.000224,0.00129311463318047,0.000129311463318047
"2605","ASV708",0.000260833333333333,0.00140399137422568,0.000140399137422568
"2606","ASV709",0,0,0
"2607","ASV710",8e-05,8e-04,8e-05
"2608","ASV712",0.000196767676767677,0.000930137324149609,9.30137324149609e-05
"2609","ASV713",0.000438090909090909,0.00175441012767995,0.000175441012767995
"2610","ASV714",0.000152487956487956,0.00089215713414922,8.9215713414922e-05
"2611","ASV715",0.000134952380952381,0.00106016801272881,0.000106016801272881
"2612","ASV717",0,0,0
"2613","ASV718",0.000854966089466089,0.00262664142312406,0.000262664142312406
"2614","ASV719",6.53333333333333e-05,0.000459734955116781,4.59734955116781e-05
"2615","ASV72",0.196749797323956,0.0474414125087118,0.00474414125087118
"2616","ASV720",0.000203238095238095,0.00126544710137759,0.000126544710137759
"2617","ASV721",0,0,0
"2618","ASV722",0.00104023571470482,0.00314961678275292,0.000314961678275292
"2619","ASV723",6.85714285714286e-05,0.000685714285714286,6.85714285714286e-05
"2620","ASV724",0.000143571428571429,0.00101109567857995,0.000101109567857995
"2621","ASV725",0,0,0
"2622","ASV726",3.33333333333333e-05,0.000333333333333333,3.33333333333333e-05
"2623","ASV727",8.46666666666667e-05,0.000601073114428593,6.01073114428593e-05
"2624","ASV729",0,0,0
"2625","ASV730",0,0,0
"2626","ASV731",0,0,0
"2627","ASV734",3.55555555555556e-05,0.000355555555555556,3.55555555555556e-05
"2628","ASV735",0.000480506556245687,0.00201299146089491,0.000201299146089491
"2629","ASV736",0.00027229797979798,0.00156518991497902,0.000156518991497902
"2630","ASV737",0.000163030303030303,0.000838928872367951,8.38928872367951e-05
"2631","ASV738",0.000104666666666667,0.000791041592678161,7.91041592678161e-05
"2632","ASV739",0,0,0
"2633","ASV74",0.263334470593194,0.0565720138680364,0.00565720138680364
"2634","ASV741",0.000427252747252747,0.00165324901254511,0.000165324901254511
"2635","ASV742",0.000971169798800234,0.0026029439008227,0.00026029439008227
"2636","ASV743",0.000141333333333333,0.00082971091472886,8.2971091472886e-05
"2637","ASV744",6.54545454545455e-05,0.000654545454545455,6.54545454545455e-05
"2638","ASV745",0,0,0
"2639","ASV747",6.76923076923077e-05,0.000676923076923077,6.76923076923077e-05
"2640","ASV748",0.000168888888888889,0.00118985611556926,0.000118985611556926
"2641","ASV749",0,0,0
"2642","ASV75",0.24201899545411,0.051526122529567,0.0051526122529567
"2643","ASV750",0.000137333333333333,0.000990451381640684,9.90451381640684e-05
"2644","ASV751",0.000937120448179272,0.00301937012799297,0.000301937012799297
"2645","ASV752",0.000162285714285714,0.000985559558720216,9.85559558720216e-05
"2646","ASV753",0.00052261038961039,0.00184334918497963,0.000184334918497963
"2647","ASV754",0.00015447619047619,0.00110294885312532,0.000110294885312532
"2648","ASV755",0.000197333333333333,0.00115751865345945,0.000115751865345945
"2649","ASV756",7.5e-05,0.00075,7.5e-05
"2650","ASV757",0,0,0
"2651","ASV758",0,0,0
"2652","ASV759",0.000148571428571429,0.000888154716390884,8.88154716390884e-05
"2653","ASV76",0.0978697712191758,0.0344104547837001,0.00344104547837001
"2654","ASV760",0.000385544011544012,0.00128425920620234,0.000128425920620234
"2655","ASV761",0.00138873570873571,0.00383501186779372,0.000383501186779372
"2656","ASV762",0.000718030303030303,0.00190017971871638,0.000190017971871638
"2657","ASV763",0.000318704517704518,0.00149543011858836,0.000149543011858836
"2658","ASV764",0.000175030303030303,0.000901872486689061,9.01872486689061e-05
"2659","ASV765",3.55555555555556e-05,0.000355555555555556,3.55555555555556e-05
"2660","ASV766",8.7e-05,0.000509833603276896,5.09833603276896e-05
"2661","ASV767",0,0,0
"2662","ASV768",0.000104935064935065,0.00077291532507498,7.7291532507498e-05
"2663","ASV769",0.000238412698412698,0.00129386049876541,0.000129386049876541
"2664","ASV77",0.0882106775673034,0.0289816482437018,0.00289816482437018
"2665","ASV770",6.96969696969697e-05,0.000490809317707327,4.90809317707327e-05
"2666","ASV771",0.000241582417582418,0.00140110733899722,0.000140110733899722
"2667","ASV772",0.000645264346764347,0.00286831442411502,0.000286831442411502
"2668","ASV773",0.000210995670995671,0.00132072778536047,0.000132072778536047
"2669","ASV774",0.000694673992673993,0.00235689537581176,0.000235689537581176
"2670","ASV775",0.000271444444444444,0.00139816498752318,0.000139816498752318
"2671","ASV776",0.00014,0.000864799854231479,8.64799854231479e-05
"2672","ASV777",0,0,0
"2673","ASV778",0,0,0
"2674","ASV779",6e-05,6e-04,6e-05
"2675","ASV780",0.000124,0.000872835851831502,8.72835851831502e-05
"2676","ASV781",0,0,0
"2677","ASV783",0.000131208791208791,0.000776333414304768,7.76333414304768e-05
"2678","ASV784",3.5e-05,0.00035,3.5e-05
"2679","ASV785",0,0,0
"2680","ASV786",0.000243888888888889,0.00139737910037625,0.000139737910037625
"2681","ASV787",0,0,0
"2682","ASV788",3.55555555555556e-05,0.000355555555555556,3.55555555555556e-05
"2683","ASV789",0.000386936507936508,0.00157664567935206,0.000157664567935206
"2684","ASV79",0.0420435533292929,0.0236035869592806,0.00236035869592806
"2685","ASV791",0.0137926467312096,0.0126356429318285,0.00126356429318285
"2686","ASV792",0.000129333333333333,0.000768038298708358,7.68038298708358e-05
"2687","ASV793",0.0291286374276775,0.0170394241519644,0.00170394241519644
"2688","ASV794",0.00124732298420534,0.00342223872220339,0.000342223872220339
"2689","ASV795",0.00181519913419913,0.00358329078425088,0.000358329078425088
"2690","ASV796",0.00067943256459369,0.00242956547783244,0.000242956547783245
"2691","ASV797",0.000116666666666667,0.000690443017232337,6.90443017232337e-05
"2692","ASV798",0,0,0
"2693","ASV799",2e-05,2e-04,2e-05
"2694","ASV8",0.335175500479312,0.0640443702575706,0.00640443702575706
"2695","ASV80",0.0411657374280959,0.0243229057646063,0.00243229057646063
"2696","ASV800",0.000197333333333333,0.00118811624095465,0.000118811624095465
"2697","ASV801",9.55555555555556e-05,0.000550033158882089,5.50033158882089e-05
"2698","ASV802",0.000161904761904762,0.00132495823592402,0.000132495823592402
"2699","ASV803",0.000183333333333333,0.00110211000569202,0.000110211000569202
"2700","ASV804",0.000816369282891022,0.00253901217753759,0.000253901217753759
"2701","ASV805",0.000498888888888889,0.00205607162843128,0.000205607162843128
"2702","ASV806",0.000821811544011544,0.0027097797326028,0.00027097797326028
"2703","ASV807",0,0,0
"2704","ASV809",0,0,0
"2705","ASV81",0.0413660454372955,0.0237356700402013,0.00237356700402013
"2706","ASV811",0,0,0
"2707","ASV813",0.00158760081223125,0.00371486828155063,0.000371486828155063
"2708","ASV814",0.00159260417360417,0.00358782863776893,0.000358782863776893
"2709","ASV815",7.0952380952381e-05,0.00049945548581723,4.9945548581723e-05
"2710","ASV816",0.000163904761904762,0.000868558786394414,8.68558786394414e-05
"2711","ASV817",0.000149722222222222,0.00106854415732885,0.000106854415732885
"2712","ASV818",0.000160555555555556,0.000824585397300412,8.24585397300412e-05
"2713","ASV819",0.000124444444444444,0.000725994637028497,7.25994637028497e-05
"2714","ASV82",0.038673883259858,0.0210043450130682,0.00210043450130682
"2715","ASV820",0,0,0
"2716","ASV821",0,0,0
"2717","ASV822",0.000151272727272727,0.0010770186377243,0.00010770186377243
"2718","ASV823",0,0,0
"2719","ASV824",0,0,0
"2720","ASV825",3.55555555555556e-05,0.000355555555555556,3.55555555555556e-05
"2721","ASV826",6.22222222222222e-05,0.000442284312849994,4.42284312849994e-05
"2722","ASV827",0.000781595238095238,0.00270185678806003,0.000270185678806003
"2723","ASV828",0.000275037851037851,0.00132508663901038,0.000132508663901038
"2724","ASV829",0.000105142857142857,0.00074255604953685,7.4255604953685e-05
"2725","ASV83",0.0384313203251632,0.0221556682470997,0.00221556682470997
"2726","ASV830",0.000735304029304029,0.00235006486172115,0.000235006486172115
"2727","ASV831",0.00318568428672777,0.00502487951374473,0.000502487951374473
"2728","ASV832",0.000148571428571429,0.00104839011372218,0.000104839011372218
"2729","ASV833",6.4e-05,0.000450256941236127,4.50256941236127e-05
"2730","ASV835",0.000377620046620047,0.00160003481993063,0.000160003481993063
"2731","ASV836",8e-05,8e-04,8e-05
"2732","ASV837",6.93333333333334e-05,0.000488146359903327,4.88146359903327e-05
"2733","ASV838",0,0,0
"2734","ASV839",0,0,0
"2735","ASV84",0.196050653060686,0.046006543858033,0.0046006543858033
"2736","ASV840",0.000237093073593074,0.00166875373470696,0.000166875373470696
"2737","ASV841",5.33333333333333e-05,0.000533333333333333,5.33333333333333e-05
"2738","ASV842",0.000192474858474858,0.000786061455520604,7.86061455520604e-05
"2739","ASV843",0.000121444444444444,0.00060242527461727,6.0242527461727e-05
"2740","ASV844",0.00211804253589548,0.00381033476780489,0.000381033476780489
"2741","ASV846",0.00159920063270063,0.00332720115823855,0.000332720115823855
"2742","ASV848",0.000319490620490621,0.00125161753246429,0.000125161753246429
"2743","ASV849",0.00176742781855825,0.0037908541217331,0.00037908541217331
"2744","ASV85",0.0436367090411346,0.0194847871396695,0.00194847871396695
"2745","ASV850",0.000197373737373737,0.001147750358137,0.0001147750358137
"2746","ASV851",0,0,0
"2747","ASV852",0.000159619047619048,0.000801335516869029,8.01335516869029e-05
"2748","ASV853",0,0,0
"2749","ASV854",0,0,0
"2750","ASV855",3.6e-05,0.00036,3.6e-05
"2751","ASV856",0.000138666666666667,0.00089571520245317,8.9571520245317e-05
"2752","ASV857",0.000613481962481962,0.00284685989660351,0.000284685989660351
"2753","ASV858",0.000117142857142857,0.00082438110441621,8.2438110441621e-05
"2754","ASV859",0.000106555555555556,0.000608994590102745,6.08994590102745e-05
"2755","ASV86",0.0556098112961432,0.0207769585417377,0.00207769585417377
"2756","ASV860",0,0,0
"2757","ASV861",0,0,0
"2758","ASV862",0.000140952380952381,0.000903860719260076,9.03860719260076e-05
"2759","ASV863",0,0,0
"2760","ASV864",0.000427704517704518,0.00177577972065439,0.000177577972065439
"2761","ASV865",0,0,0
"2762","ASV866",0,0,0
"2763","ASV868",0,0,0
"2764","ASV869",3.55555555555556e-05,0.000355555555555556,3.55555555555556e-05
"2765","ASV870",0.00022,0.00129941711874396,0.000129941711874396
"2766","ASV871",0,0,0
"2767","ASV872",0,0,0
"2768","ASV873",3.55555555555556e-05,0.000355555555555556,3.55555555555556e-05
"2769","ASV874",0.000207015873015873,0.00130785052393927,0.000130785052393927
"2770","ASV875",0,0,0
"2771","ASV877",0.000165698412698413,0.000851851460329321,8.51851460329321e-05
"2772","ASV878",2.66666666666667e-05,0.000266666666666667,2.66666666666667e-05
"2773","ASV879",9.55555555555556e-05,0.000547988874849183,5.47988874849183e-05
"2774","ASV88",0.10792593338045,0.0314599798786456,0.00314599798786456
"2775","ASV880",0.000210888888888889,0.00106376098342348,0.000106376098342348
"2776","ASV881",3.2e-05,0.00032,3.2e-05
"2777","ASV882",0,0,0
"2778","ASV883",3.2e-05,0.00032,3.2e-05
"2779","ASV885",0.00012987012987013,0.000761529011849618,7.61529011849618e-05
"2780","ASV886",9.2e-05,0.000677141943850189,6.77141943850189e-05
"2781","ASV887",0.000121142857142857,0.000853664128833308,8.53664128833308e-05
"2782","ASV888",3.5e-05,0.00035,3.5e-05
"2783","ASV889",3.55555555555556e-05,0.000355555555555556,3.55555555555556e-05
"2784","ASV89",0.0398577972056137,0.0226758097553407,0.00226758097553407
"2785","ASV891",0.000592300144300144,0.00201378612352767,0.000201378612352767
"2786","ASV892",0.000134857142857143,0.000988126416865829,9.88126416865828e-05
"2787","ASV893",3.66666666666667e-05,0.000366666666666667,3.66666666666667e-05
"2788","ASV894",7.46666666666667e-05,0.000546740571501011,5.46740571501011e-05
"2789","ASV895",7.38095238095238e-05,0.000519280565173194,5.19280565173193e-05
"2790","ASV896",0,0,0
"2791","ASV897",6e-05,6e-04,6e-05
"2792","ASV898",0.000101555555555556,0.000582320525281276,5.82320525281276e-05
"2793","ASV899",0.000152222222222222,0.000988858623226933,9.88858623226933e-05
"2794","ASV9",0.25136309395395,0.05684684177985,0.005684684177985
"2795","ASV900",0,0,0
"2796","ASV901",0.000411982683982684,0.00142586631634854,0.000142586631634854
"2797","ASV902",0.000679109668109668,0.00202407098061697,0.000202407098061697
"2798","ASV904",0.000170549450549451,0.00101349123522001,0.000101349123522001
"2799","ASV905",0.00204773417063187,0.00461346558948523,0.000461346558948523
"2800","ASV907",0.00029050271950272,0.00109335461381146,0.000109335461381146
"2801","ASV909",0,0,0
"2802","ASV910",0.000293012987012987,0.0011113264416346,0.00011113264416346
"2803","ASV911",0.00017631746031746,0.000884128370996224,8.84128370996224e-05
"2804","ASV912",8.38461538461539e-05,0.000613740519388254,6.13740519388254e-05
"2805","ASV913",0.000129060606060606,0.00100029446230866,0.000100029446230866
"2806","ASV914",7.05555555555556e-05,0.000496392711374496,4.96392711374496e-05
"2807","ASV915",0,0,0
"2808","ASV916",2.66666666666667e-05,0.000266666666666667,2.66666666666667e-05
"2809","ASV917",0,0,0
"2810","ASV918",0,0,0
"2811","ASV919",3.6e-05,0.00036,3.6e-05
"2812","ASV92",0.0418442131409982,0.0228993544018649,0.00228993544018649
"2813","ASV920",6.63636363636364e-05,0.000469070941552945,4.69070941552945e-05
"2814","ASV921",6e-05,6e-04,6e-05
"2815","ASV922",0.000108571428571429,0.000764907502865955,7.64907502865955e-05
"2816","ASV923",0.000169142857142857,0.00102509980106519,0.000102509980106519
"2817","ASV924",8e-05,8e-04,8e-05
"2818","ASV925",6.66666666666667e-05,0.000666666666666667,6.66666666666667e-05
"2819","ASV926",0,0,0
"2820","ASV927",0,0,0
"2821","ASV928",0.000181818181818182,0.00128850252275572,0.000128850252275572
"2822","ASV929",0.000153510101010101,0.0012285253874418,0.00012285253874418
"2823","ASV93",0.0387967513729895,0.0193569769293959,0.00193569769293959
"2824","ASV930",0.000183982683982684,0.000933416723847226,9.33416723847226e-05
"2825","ASV931",0,0,0
"2826","ASV932",0,0,0
"2827","ASV933",0,0,0
"2828","ASV934",6.55555555555556e-05,0.000462887535943168,4.62887535943168e-05
"2829","ASV935",0.000356995670995671,0.00156324101995187,0.000156324101995187
"2830","ASV936",0,0,0
"2831","ASV937",3.2e-05,0.00032,3.2e-05
"2832","ASV938",0,0,0
"2833","ASV939",0,0,0
"2834","ASV94",0.0356601216838306,0.0219324434040675,0.00219324434040675
"2835","ASV940",5.33333333333333e-05,0.000533333333333333,5.33333333333333e-05
"2836","ASV941",5.71428571428571e-05,0.000571428571428571,5.71428571428571e-05
"2837","ASV942",0,0,0
"2838","ASV943",0,0,0
"2839","ASV944",0.000225649350649351,0.00115251836224955,0.000115251836224955
"2840","ASV945",0.00041476911976912,0.00152191660367092,0.000152191660367092
"2841","ASV947",0.00052019203019203,0.00141542531875249,0.000141542531875249
"2842","ASV949",0.000835422688422688,0.00219125957347743,0.000219125957347743
"2843","ASV95",0.0683924798747117,0.0247909008279669,0.00247909008279669
"2844","ASV950",0.000255809523809524,0.00120378326637665,0.000120378326637665
"2845","ASV951",5.33333333333333e-05,0.000533333333333333,5.33333333333333e-05
"2846","ASV952",0.000197777777777778,0.000908259752234112,9.08259752234112e-05
"2847","ASV953",5.71428571428571e-05,0.000571428571428571,5.71428571428571e-05
"2848","ASV954",0.000478665945165945,0.00194984623370321,0.000194984623370321
"2849","ASV955",0.000741012987012987,0.00206058082870599,0.000206058082870599
"2850","ASV956",7.02857142857143e-05,0.000494628662649726,4.94628662649726e-05
"2851","ASV957",8.53333333333333e-05,0.000619190304346437,6.19190304346437e-05
"2852","ASV958",8.3e-05,0.000591190375941676,5.91190375941676e-05
"2853","ASV959",7.6e-05,0.000538778599564836,5.38778599564836e-05
"2854","ASV96",0.0686452713208554,0.0309177852326642,0.00309177852326642
"2855","ASV960",0,0,0
"2856","ASV961",0,0,0
"2857","ASV962",0,0,0
"2858","ASV963",0,0,0
"2859","ASV964",2.66666666666667e-05,0.000266666666666667,2.66666666666667e-05
"2860","ASV965",0.000111,0.000828640727061768,8.28640727061768e-05
"2861","ASV966",0,0,0
"2862","ASV967",0,0,0
"2863","ASV968",0.000415092019092019,0.00170618256130797,0.000170618256130797
"2864","ASV969",0.000127555555555556,0.000768312584473132,7.68312584473131e-05
"2865","ASV97",0.0365157831764562,0.0213096426959432,0.00213096426959432
"2866","ASV970",3.6e-05,0.00036,3.6e-05
"2867","ASV972",9.04761904761905e-05,0.000658630184176223,6.58630184176223e-05
"2868","ASV973",5.71428571428571e-05,0.000571428571428571,5.71428571428571e-05
"2869","ASV974",6.22222222222222e-05,0.000622222222222222,6.22222222222222e-05
"2870","ASV975",3.6e-05,0.00036,3.6e-05
"2871","ASV976",0,0,0
"2872","ASV977",3.33333333333333e-05,0.000333333333333333,3.33333333333333e-05
"2873","ASV978",0,0,0
"2874","ASV979",0,0,0
"2875","ASV98",0.268119183004099,0.0560059154387765,0.00560059154387765
"2876","ASV980",0,0,0
"2877","ASV981",0,0,0
"2878","ASV982",0.000119394957983193,0.000927651924499094,9.27651924499094e-05
"2879","ASV983",6.66666666666667e-05,0.000666666666666667,6.66666666666667e-05
"2880","ASV984",3.5e-05,0.00035,3.5e-05
"2881","ASV985",3.6e-05,0.00036,3.6e-05
"2882","ASV986",0,0,0
"2883","ASV988",6.8e-05,0.000479241825462602,4.79241825462602e-05
"2884","ASV989",0,0,0
"2885","ASV99",0.33667760005394,0.0645671678505432,0.00645671678505432
"2886","ASV990",5.33333333333333e-05,0.000533333333333333,5.33333333333333e-05
"2887","ASV992",0,0,0
"2888","ASV995",0.000923762629527335,0.00202478124981713,0.000202478124981713
"2889","ASV996",0.000412989898989899,0.00156520611245017,0.000156520611245017
"2890","ASV998",0,0,0
"2891","ASV999",0.000377333333333333,0.00165484616351969,0.000165484616351969
