# Constructed from biom file																															
#OTU ID	A1_b	A2_b	A3_b	A4_b	A5_b	A6_b	B1_b	B2_b	B3_b	B4_b	B5_b	B6_b	C1_b	C2_b	C3_b	C4_b	C5_b	C6_b	D1_b	D2_b	D3_b	D4_b	D5_b	D6_b	E1_b	E2_b	E3_b	E4_b	E5_b	E6_b	taxonomy
a0901407705992dc213ac509ede97d47	422	384	444	340	330	394	1524	5002	2350	4270	4318	2394	284	164	156	194	954	904	27080	34004	43836	54126	61492	28148	1300	458	578	896	752	750	Bacteria; Proteobacteria; Gammaproteobacteria; Enterobacteriales; Enterobacteriaceae; Unidentified_Kosakonia
945184b6386c192c0066e0a98a154780	12280	9816	13470	16486	9410	11870	2816	6094	5434	7248	7362	4162	900	794	624	802	2752	2268	2508	2964	3170	3596	4164	2400	6020	3336	2234	4246	4640	3876	Bacteria; Proteobacteria; Gammaproteobacteria; Enterobacteriales; Enterobacteriaceae; Enterobacter
b383a0f98e44fe8a7452ebf944105c48	76	102	152	150	82	132	38	40	36	74	68	30	64	56	60	70	104	86	60	42	62	78	86	68	13466	4560	2956	11098	8470	6486	Bacteria; Firmicutes; Bacilli; Bacillales; Bacillaceae; Bacillus
f4801b7a68515d9005fa572ee6afdf41	980	872	1066	1184	742	1204	554	1254	1080	2288	1856	1638	3992	4406	2472	3122	3866	3486	250	698	938	1018	858	736	776	250	114	362	276	220	Bacteria; Proteobacteria; Gammaproteobacteria; Betaproteobacteriales; Burkholderiaceae; Ralstonia
c939ee112ba982665e012437dae05c1e	8612	4828	6914	5500	4572	6448	280	0	0	0	102	84	110	64	58	110	106	0	88	80	156	206	256	102	406	306	174	322	1148	312	Bacteria; Proteobacteria; Gammaproteobacteria; Enterobacteriales; Enterobacteriaceae; Enterobacter
5673ae66819e3bdbbc09461e4959159e	652	504	584	596	646	856	1212	4098	1990	5280	5860	3072	100	66	62	60	680	924	552	626	230	290	296	110	2638	1322	974	1868	2050	1468	Bacteria; Proteobacteria; Gammaproteobacteria; Enterobacteriales; Enterobacteriaceae; Pantoea
9cca219ac7e1d9722ab63545dc219ecd	176	180	252	268	170	306	1520	3208	1844	4454	5040	3468	346	372	162	248	962	1228	420	712	140	136	156	144	692	222	104	286	252	240	Bacteria; Proteobacteria; Gammaproteobacteria; Pseudomonadales; Pseudomonadaceae; Pseudomonas
d95f9ab6280026c27cdb404797be6fa3	0	0	12	0	0	0	0	8	0	12	0	12	28	16	0	22	24	20	22	0	0	26	16	0	4122	2280	918	2870	2742	2522	Bacteria; Firmicutes; Bacilli; Bacillales; Bacillaceae; Bacillus
aee9f354c80ca7baa872c3da2fe462c2	0	0	18	0	0	0	0	0	0	0	0	0	0	0	0	0	0	0	1342	1656	2160	2234	2746	1402	0	0	0	0	0	0	Bacteria; Proteobacteria; Gammaproteobacteria; Enterobacteriales; Enterobacteriaceae; Unidentified_Enterobacteriaceae
9233e5ddae8fe129db164d1590905605	0	0	10	6	12	6	76	184	132	474	5458	164	20	4	8	18	46	88	452	70	12	14	8	0	1062	406	252	554	766	512	Bacteria; Bacteroidetes; Bacteroidia; Flavobacteriales; Weeksellaceae; Elizabethkingia
05132b1dde6536848b2b69d54c367c2a	0	6	0	12	0	0	12	0	0	12	0	0	1516	1592	902	1466	2166	1818	0	0	272	200	194	264	46	0	0	0	0	0	Bacteria; Proteobacteria; Gammaproteobacteria; Xanthomonadales; Xanthomonadaceae; Luteimonas
48782307120574c67aaa25ec7ce686ba	0	0	0	0	0	0	0	0	0	0	0	0	36	44	0	152	86	56	0	0	0	0	0	0	2414	894	594	2228	1270	1200	Bacteria; Firmicutes; Bacilli; Bacillales; Bacillaceae; Bacillus
e1c7d97fe13e9127d225d76a1feb8c78	0	10	0	12	0	0	420	1144	586	1824	1728	1042	24	0	18	22	190	310	190	276	124	80	176	72	28	34	0	24	32	16	Bacteria; Proteobacteria; Alphaproteobacteria; Rhizobiales; Rhizobiaceae; Allorhizobium-Neorhizobium-Pararhizobium-Rhizobium
c55da16f7bb7e9f858929286c9a8bffd	10	12	0	0	0	0	10	0	0	0	0	0	458	274	1058	388	448	386	0	0	68	42	242	88	620	390	106	906	352	342	Bacteria; Proteobacteria; Gammaproteobacteria; Pseudomonadales; Pseudomonadaceae; Pseudomonas
bf6b466fb3a5c79d5e5e953c551b8157	6	0	0	8	0	8	0	0	0	0	0	0	24	0	20	38	36	20	0	0	0	10	16	14	1378	1080	318	1120	786	710	Bacteria; Actinobacteria; Actinobacteria; Streptomycetales; Streptomycetaceae; Streptomyces
605ac9a7e88d47be1bf40c55de175d79	0	0	0	0	0	0	0	22	28	196	62	32	12	0	2	0	16	42	452	698	1212	786	1254	678	44	0	0	24	0	28	Bacteria; Proteobacteria; Alphaproteobacteria; Rhizobiales; Beijerinckiaceae; Unidentified_Methylobacterium
594061ed4e2ea378773c474cd4803c29	0	0	0	0	0	0	14	0	4	0	0	0	0	0	0	0	0	0	0	0	0	16	0	0	1950	630	316	1042	976	552	Bacteria; Actinobacteria; Actinobacteria; Micrococcales; Promicromonosporaceae; Promicromonospora
922d33a2963d3e87a3d4df6b82371235	492	394	638	700	476	618	30	38	26	92	88	36	184	238	220	238	378	268	18	0	36	40	54	38	0	38	0	0	0	30	Bacteria; Firmicutes; Bacilli; Bacillales; Staphylococcaceae; Staphylococcus
6f3f68e5c8e2a11b388ddbbea9fa182d	0	0	0	0	0	0	0	0	0	0	10	0	102	34	166	20	82	24	0	0	6	12	30	0	1096	728	294	912	760	650	Bacteria; Proteobacteria; Gammaproteobacteria; Pseudomonadales; Pseudomonadaceae; Pseudomonas
38367a8a414bbde849313409772ca4b8	0	0	0	0	0	0	0	0	0	0	0	0	0	0	0	0	0	0	0	0	0	0	0	0	1338	600	234	816	824	778	Bacteria; Firmicutes; Bacilli; Bacillales; Bacillaceae; Bacillus
050222f3e087e426b8104e8327f804e6	0	0	0	0	0	0	0	0	0	0	0	0	0	0	0	0	0	0	0	0	0	0	0	0	1282	654	368	768	774	744	Bacteria; Proteobacteria; Gammaproteobacteria; Xanthomonadales; Xanthomonadaceae; Pseudoxanthomonas
b8c545c99dea06d010eb0bf2c6572d1c	0	52	0	14	0	20	0	0	0	0	0	0	58	36	34	84	82	144	14	40	18	30	52	66	894	470	176	740	716	488	Bacteria; Firmicutes; Bacilli; Bacillales; Bacillaceae; Bacillus
eb10c4328f7406f97b124f3113686127	0	0	12	0	0	0	0	0	0	0	0	0	0	0	0	0	0	0	0	0	0	0	0	0	684	1192	224	610	804	694	Bacteria; Proteobacteria; Gammaproteobacteria; Betaproteobacteriales; Burkholderiaceae; Bordetella
b11bb11e69fd71abeb99bb750a3b478a	0	0	0	6	0	0	0	0	0	0	0	0	0	0	0	0	0	0	0	0	0	0	14	0	806	832	282	586	934	556	Bacteria; Actinobacteria; Actinobacteria; Streptomycetales; Streptomycetaceae; Streptomyces
c494b558cdcca734d526fa7ffa7ac0cc	0	0	0	0	0	0	0	0	0	0	0	0	0	0	0	0	0	0	0	770	606	1224	1180	206	0	0	0	0	0	0	Bacteria; Proteobacteria; Gammaproteobacteria; Enterobacteriales; Enterobacteriaceae; Kosakonia
5aec9bd35889489e4a05c78a82358060	0	0	0	0	0	0	0	0	0	0	0	0	0	30	30	18	74	56	228	478	880	776	846	438	0	0	0	0	0	0	Bacteria; Proteobacteria; Gammaproteobacteria; Pseudomonadales; Pseudomonadaceae; Pseudomonas
0fd71c89bf9bce9fb13615453414bc80	0	0	0	0	0	0	0	0	0	0	14	0	0	36	38	44	38	24	0	0	0	20	12	8	552	624	188	858	864	380	Bacteria; Actinobacteria; Actinobacteria; Micrococcales; Promicromonosporaceae; Cellulosimicrobium
04ecfad5772d2e09a84a0f5ef460536c	430	264	268	340	164	330	20	14	4	98	38	0	6	0	0	0	20	24	0	6	10	10	12	8	446	242	60	324	338	170	Bacteria; Proteobacteria; Alphaproteobacteria; Rhizobiales; Beijerinckiaceae; Methylobacterium
2b45a249e169030289e97fad3b6cf894	0	0	0	0	0	0	0	0	0	0	0	0	0	0	10	0	0	0	0	0	0	0	0	0	904	622	290	650	630	478	Bacteria; Proteobacteria; Gammaproteobacteria; Xanthomonadales; Xanthomonadaceae; Pseudoxanthomonas
a994002c99e6a2c8ef3cb7be12d51ac4	0	0	0	0	0	0	0	0	0	0	0	0	0	0	0	0	0	0	0	0	0	0	0	0	400	484	238	704	386	1324	Bacteria; Proteobacteria; Gammaproteobacteria; Xanthomonadales; Xanthomonadaceae; Pseudoxanthomonas
10afda2baef44de4c584a6641de399b1	0	0	0	0	0	6	146	366	302	944	872	308	0	0	0	0	128	170	52	86	0	0	0	0	0	12	0	10	16	6	Bacteria; Proteobacteria; Alphaproteobacteria; Sphingomonadales; Sphingomonadaceae; Sphingomonas
f598bc7510144c02d64e2566a8c75032	0	0	0	0	0	0	0	0	0	0	0	0	0	0	0	0	0	0	0	0	0	0	0	0	772	318	200	578	516	536	Bacteria; Firmicutes; Bacilli; Bacillales; Paenibacillaceae; Paenibacillus
e57c5df6a9b3b982472e7754ed31f313	0	0	0	0	0	0	0	0	0	0	4	0	438	368	226	410	624	444	0	72	72	58	56	112	0	0	0	26	0	0	Bacteria; Proteobacteria; Gammaproteobacteria; Betaproteobacteriales; Burkholderiaceae; Massilia
8df2b2e6c1cb64bd18b81d5bae7f0898	0	8	0	0	0	0	0	6	0	0	0	0	384	380	254	412	618	546	0	0	52	60	48	70	0	0	0	22	0	0	Bacteria; Proteobacteria; Gammaproteobacteria; Betaproteobacteriales; Burkholderiaceae; Massilia
59e7289380be2a5909212804646e6eb6	0	0	0	0	0	0	0	0	0	0	0	0	174	168	90	246	318	350	0	0	38	30	18	52	408	150	100	214	212	222	Bacteria; Firmicutes; Bacilli; Bacillales; Bacillaceae; Bacillus
40c00caf4aba9abc8cf5384e6e8e438c	0	0	0	0	0	0	148	328	232	538	682	290	18	16	0	0	96	92	66	62	0	0	0	0	62	20	0	52	32	46	Bacteria; Proteobacteria; Gammaproteobacteria; Enterobacteriales; Enterobacteriaceae; Unidentified_Enterobacteriaceae
82dece6e35540738ba450a0c3a90b5a0	460	332	512	484	312	586	0	0	0	0	0	0	0	0	0	0	0	0	0	0	0	0	0	0	0	0	0	0	0	0	Bacteria; Proteobacteria; Gammaproteobacteria; Enterobacteriales; Enterobacteriaceae; Serratia
681c1740d5917dc84caacdd55ece7ca2	0	0	0	0	0	0	20	0	48	60	54	24	0	0	0	0	0	0	154	404	612	334	498	336	38	0	0	0	0	34	Bacteria; Proteobacteria; Gammaproteobacteria; Pseudomonadales; Pseudomonadaceae; Pseudomonas
f78f9a00d20689fd222c34bcc4445fc2	0	0	0	0	0	2	6	0	0	0	0	0	342	292	230	452	476	298	0	0	96	44	44	96	32	0	0	24	130	48	Bacteria; Bacteroidetes; Bacteroidia; Sphingobacteriales; Sphingobacteriaceae; Sphingobacterium
1be978004eacb113425e88922d4f1181	0	0	0	0	0	0	0	0	0	0	0	0	298	346	190	464	556	548	0	0	48	50	0	56	0	0	0	0	0	0	Bacteria; Proteobacteria; Gammaproteobacteria; Pseudomonadales; Pseudomonadaceae; Pseudomonas
166093520348b8c5ef6a4eb79faae728	0	6	0	0	0	0	74	484	262	520	388	186	0	0	0	0	70	84	32	58	0	10	0	0	100	24	12	38	44	18	Bacteria; Firmicutes; Bacilli; Bacillales; Paenibacillaceae; Paenibacillus
4608fae4bbc9964cdd17af8782f2155e	0	0	14	0	0	0	0	0	0	0	0	0	334	300	404	284	454	348	0	0	40	40	128	48	0	0	0	0	0	0	Bacteria; Proteobacteria; Gammaproteobacteria; Betaproteobacteriales; Burkholderiaceae; Massilia
4d53a2830b7d5cd71bf509b03e90a152	0	0	0	0	0	0	0	0	0	0	0	0	0	0	0	0	0	0	0	0	0	0	0	0	516	288	118	444	400	404	Bacteria; Actinobacteria; Actinobacteria; Streptomycetales; Streptomycetaceae; Streptomyces
706a463876c3dc515cd29492c0be4e47	0	0	0	0	0	0	0	4	0	0	0	0	0	0	0	4	0	0	0	0	0	0	0	0	534	312	168	414	364	316	Bacteria; Actinobacteria; Actinobacteria; Pseudonocardiales; Pseudonocardiaceae; Saccharopolyspora
ef5c15da7632abb7bfffba81c7841593	0	0	0	0	0	0	0	0	0	0	0	0	0	0	0	0	0	0	0	0	8	0	0	0	472	224	218	322	406	464	Bacteria; Firmicutes; Bacilli; Bacillales; Paenibacillaceae; Paenibacillus
96d725f0f8da6584ac9a5be0ae04878a	0	0	0	0	0	0	0	10	0	26	24	14	0	0	0	0	0	0	38	64	52	60	134	456	318	248	72	204	150	190	Bacteria; Firmicutes; Bacilli; Bacillales; Paenibacillaceae; Paenibacillus
c06ccd1f7d57566ef669942328b1a946	0	0	0	0	0	0	58	166	186	326	256	166	0	34	0	0	84	110	52	98	74	72	126	40	52	28	24	36	30	16	Bacteria; Proteobacteria; Gammaproteobacteria; Pseudomonadales; Pseudomonadaceae; Pseudomonas
569653b1659271a290facfcedd0de061	0	0	4	0	0	6	8	0	0	0	16	14	46	18	30	0	62	42	102	102	108	92	128	558	168	92	92	138	96	88	Bacteria; Firmicutes; Bacilli; Lactobacillales; Enterococcaceae; Enterococcus
97a517e8982ed656ee0601ab6ce3fc17	0	0	0	0	0	0	0	0	0	0	0	0	104	86	122	52	102	110	0	0	22	0	42	12	202	186	130	340	306	182	Bacteria; Actinobacteria; Actinobacteria; Micrococcales; Micrococcales_Incertae_Sedis; Timonella
bdf8a26094624622d68509a87fa75ba7	0	0	0	0	0	0	0	0	0	0	0	0	0	0	0	0	0	0	14	40	26	34	0	48	504	142	48	158	320	552	Bacteria; Firmicutes; Bacilli; Bacillales; Bacillaceae; Bacillus
6e0ee36ee1f02aa82cb6072ea2a8c0f4	0	4	0	0	0	0	0	0	0	0	0	0	0	0	0	0	6	0	0	0	0	0	0	0	442	182	122	294	310	472	Bacteria; Firmicutes; Bacilli; Bacillales; Paenibacillaceae; Paenibacillus
ee6bd9c6850ab03e7dc6e29661658c41	0	0	0	0	0	0	0	0	0	0	0	0	0	0	0	0	0	0	0	0	0	0	0	0	256	124	80	466	498	370	Bacteria; Proteobacteria; Gammaproteobacteria; Xanthomonadales; Xanthomonadaceae; Luteimonas
5c9dbe36d5c807b2f6b4c78cf1d05c9d	0	0	0	0	0	0	0	0	0	0	0	0	0	0	0	0	0	0	0	0	0	0	0	0	536	176	66	314	306	368	Bacteria; Firmicutes; Bacilli; Bacillales; Paenibacillaceae; Paenibacillus
3c07d2b8481cf8bb9dcf0c0f276c052a	0	0	0	0	0	0	0	0	0	0	0	0	0	0	0	0	0	0	0	2	0	0	0	0	434	250	154	316	294	290	Bacteria; Actinobacteria; Actinobacteria; Streptosporangiales; Nocardiopsaceae; Thermobifida
9835b27b9a8357a476c7745482e82d60	0	0	0	0	0	0	0	0	0	0	0	0	0	0	0	0	0	0	0	0	0	0	0	0	474	220	90	320	312	294	Bacteria; Actinobacteria; Actinobacteria; Streptosporangiales; Nocardiopsaceae; Nocardiopsis
bc36214890a26655bb0101cf1456eef4	0	0	0	0	0	0	0	0	0	0	0	0	160	136	120	166	222	176	58	28	210	106	124	116	0	0	0	0	0	0	Bacteria; Proteobacteria; Gammaproteobacteria; Pseudomonadales; Moraxellaceae; Acinetobacter
8afaa0a890bbbfaeac628f1d2816001e	0	0	0	0	0	0	0	0	0	0	0	0	0	0	0	6	0	0	0	0	0	0	0	0	454	182	156	394	180	248	Bacteria; Actinobacteria; Actinobacteria; Pseudonocardiales; Pseudonocardiaceae; Saccharomonospora
7950b986622a877a28770aef4b4c4dd2	0	0	0	0	0	0	0	0	0	0	0	0	36	10	0	22	44	32	0	0	0	0	0	0	302	200	194	276	212	290	Bacteria; Proteobacteria; Gammaproteobacteria; Pseudomonadales; Pseudomonadaceae; Pseudomonas
def6831651d1755be223baa92d3e23cf	0	0	0	0	0	0	0	0	0	0	0	0	20	22	16	26	72	40	0	4	8	0	8	8	388	162	64	244	186	314	Bacteria; Actinobacteria; Actinobacteria; Glycomycetales; Glycomycetaceae; Glycomyces
59b3a8926b740935f1619e733dfcc177	0	0	0	0	0	0	0	0	0	0	0	0	0	0	0	0	0	0	8	0	0	0	0	0	486	270	50	346	204	162	Bacteria; Proteobacteria; Gammaproteobacteria; Steroidobacterales; Steroidobacteraceae; Steroidobacter
aa2a4b5cee7b425c33de2aef76ace28c	0	0	0	0	0	0	0	0	0	0	0	0	0	0	0	0	0	0	0	0	0	0	0	0	366	388	98	194	196	164	Bacteria; Firmicutes; Bacilli; Bacillales; Paenibacillaceae; Paenibacillus
43e1b17b9974c1f24dc3db00355c9257	2	0	0	0	0	0	2	0	0	0	0	0	0	0	0	0	0	2	0	0	0	0	0	0	438	158	50	336	260	156	Bacteria; Chloroflexi; Chloroflexia; Chloroflexales; Roseiflexaceae; Uncultured
d2afec9d586765ccd365c8d225010228	0	0	0	0	0	0	0	0	0	0	0	0	0	0	0	0	0	0	0	0	0	0	0	0	410	152	74	266	290	212	Bacteria; Firmicutes; Bacilli; Bacillales; Paenibacillaceae; Paenibacillus
53903158801eb4b694d25e3427a7f6fd	0	0	0	0	0	0	0	0	0	0	0	0	74	60	60	130	206	146	0	0	0	0	40	0	206	54	32	122	140	122	Bacteria; Actinobacteria; Actinobacteria; Streptosporangiales; Nocardiopsaceae; Nocardiopsis
5602d10a6d065f26324435e9c0ba15dc	0	0	0	0	0	0	0	0	0	0	0	0	126	142	68	182	254	168	0	0	38	12	16	50	40	46	0	102	70	32	Bacteria; Proteobacteria; Alphaproteobacteria; Rhizobiales; Devosiaceae; Devosia
fd68eb94bbe16fb71cf1da0285542026	0	0	0	0	0	0	0	0	0	0	0	0	0	0	0	0	0	0	0	0	0	0	0	0	392	142	70	328	188	188	Bacteria; Actinobacteria; Actinobacteria; Streptosporangiales; Nocardiopsaceae; Nocardiopsis
83e948f389f9d97b0c975afc880989e8	186	88	156	200	212	156	10	0	0	0	0	0	0	0	0	10	0	0	0	6	0	0	0	48	48	0	12	36	94	36	Bacteria; Firmicutes; Bacilli; Bacillales; Bacillaceae; Bacillus
a86d12b5b6afc410648fbecba3b8dc4b	0	0	0	0	0	0	56	114	110	304	418	92	0	0	0	0	42	52	38	54	0	0	0	0	0	0	0	0	0	0	Bacteria; Bacteroidetes; Bacteroidia; Flavobacteriales; Weeksellaceae; Chryseobacterium
4552af3e905206840cf8b67bcaf2693f	0	0	0	0	0	0	0	0	0	0	0	0	110	182	120	164	226	144	22	0	36	62	40	54	34	0	0	0	26	40	Bacteria; Proteobacteria; Gammaproteobacteria; Enterobacteriales; Enterobacteriaceae; Unidentified_Enterobacteriaceae
c8183367bffb7de1e4c8917a9fc3f6c2	0	0	2	0	0	0	0	0	0	0	0	0	196	152	96	196	234	224	0	0	0	36	56	32	0	0	0	0	10	22	Bacteria; Actinobacteria; Actinobacteria; Pseudonocardiales; Pseudonocardiaceae; Saccharopolyspora
0ff52ecd45be79c478d82cfd5bd2e9cd	0	0	0	0	0	0	0	6	0	0	0	0	166	120	118	196	274	190	0	0	40	22	24	56	44	0	0	0	0	0	Bacteria; Proteobacteria; Gammaproteobacteria; Pseudomonadales; Moraxellaceae; Acinetobacter
19edccc18a03b9c0d0b50886d8d2f2d0	0	0	0	0	0	0	0	0	0	0	0	0	166	172	96	222	342	128	0	0	28	16	28	52	0	0	0	0	0	0	Bacteria; Proteobacteria; Gammaproteobacteria; Oceanospirillales; Halomonadaceae; Halomonas
3b94c19ef326eea0918e1c3d244c999c	186	0	248	286	172	346	0	0	0	0	0	0	0	0	0	0	0	0	0	0	0	0	0	0	0	0	0	0	0	0	Bacteria; Proteobacteria; Gammaproteobacteria; Enterobacteriales; Enterobacteriaceae; Unidentified_Enterobacteriaceae
65d43491988bfe557da4d86a5ba25dae	202	152	238	254	184	174	0	0	0	0	0	0	0	0	0	0	0	0	0	0	0	0	0	0	24	0	0	0	0	0	Bacteria; Firmicutes; Bacilli; Bacillales; Staphylococcaceae; Staphylococcus
7d0d1128850e28ffeb3067dabecee9ba	0	0	0	0	0	0	0	0	0	0	0	0	0	0	0	0	0	0	0	0	0	0	0	0	388	144	34	278	182	200	Bacteria; Firmicutes; Clostridia; Clostridiales; Lachnospiraceae; Lachnoclostridium_5
dd8229814f2d127e61ac92c5d275db8b	0	0	0	0	0	0	0	0	0	0	0	0	0	0	0	0	0	0	0	0	0	0	0	0	278	126	122	260	236	202	Bacteria; Proteobacteria; Gammaproteobacteria; Betaproteobacteriales; Burkholderiaceae; Unidentified_Burkholderiaceae
0ed6854f5740a2eea5deb3af31db72c0	0	0	0	0	0	0	0	0	0	0	0	0	0	0	0	0	0	0	2	0	0	0	0	0	412	118	90	228	142	214	Bacteria; Firmicutes; Bacilli; Bacillales; Paenibacillaceae; Brevibacillus
b82c3535fb937a58b95e70647a411c16	0	0	0	0	0	0	0	0	0	0	0	0	0	0	0	0	0	0	0	0	0	0	8	0	224	168	58	266	322	138	Bacteria; Proteobacteria; Alphaproteobacteria; Rhizobiales; Beijerinckiaceae; Chelatococcus
c83d3715398517b82246ea219c3b0781	0	0	0	0	0	0	0	0	0	0	0	0	144	142	60	164	232	244	0	0	32	20	12	32	30	6	0	20	0	16	Bacteria; Proteobacteria; Alphaproteobacteria; Rhizobiales; Devosiaceae; Pelagibacterium
beac7c84e8eae8c4e9f6140a46f5843a	0	0	6	0	0	0	0	0	0	0	0	0	0	0	0	0	0	0	0	0	0	0	0	0	92	538	24	262	52	166	Bacteria; Actinobacteria; Actinobacteria; Streptosporangiales; Thermomonosporaceae; Actinomadura
20b3df08cd5fac2be26a2928155bab69	0	0	0	0	0	0	0	0	14	14	0	0	0	56	0	58	92	0	0	0	12	18	32	24	176	110	62	194	150	112	Bacteria; Proteobacteria; Gammaproteobacteria; Betaproteobacteriales; Burkholderiaceae; Achromobacter
243f0a8a86efa886a49c9d68e0524b63	0	0	0	0	0	0	0	0	0	0	0	0	0	0	0	0	0	0	0	2	2	0	0	0	372	138	34	158	208	186	Bacteria; Bacteroidetes; Bacteroidia; Bacteroidales; Dysgonomonadaceae; Proteiniphilum
8ce12e88f6b59bb09494567f0d678092	0	0	0	0	0	0	8	16	20	20	22	32	12	10	12	12	26	14	0	0	0	0	0	12	228	136	24	216	154	110	Bacteria; Proteobacteria; Alphaproteobacteria; Rhizobiales; Rhizobiaceae; Allorhizobium-Neorhizobium-Pararhizobium-Rhizobium
a1ed615a4ed0b08c534fcc504a4608b2	0	0	0	0	0	0	0	0	0	0	0	0	22	0	0	0	0	0	0	0	0	0	0	0	258	122	0	178	320	156	Bacteria; Actinobacteria; Actinobacteria; Micrococcales; Promicromonosporaceae; Cellulosimicrobium
6d7c3591a60351934fa6070a0db83176	0	0	0	0	0	0	0	0	0	0	0	0	72	110	74	104	176	116	0	0	20	0	18	34	62	42	18	64	84	50	Bacteria; Actinobacteria; Actinobacteria; Streptomycetales; Streptomycetaceae; Streptomyces
cae6a99635f967483cca9869c4f60efb	0	0	0	0	0	0	0	0	0	0	0	0	0	0	0	0	0	0	0	0	0	0	0	0	268	164	64	276	132	140	Bacteria; Actinobacteria; Actinobacteria; Streptomycetales; Streptomycetaceae; Streptomyces
ea403646ed22d679fa4586263d8fc32f	0	0	0	0	0	0	0	0	0	28	0	0	26	30	10	24	60	40	0	0	6	10	0	8	202	96	52	138	194	112	Bacteria; Proteobacteria; Gammaproteobacteria; Pseudomonadales; Moraxellaceae; Acinetobacter
b381b237c2eefde436e72e237168474d	0	0	0	0	0	0	0	0	0	0	0	0	0	0	0	0	0	0	0	0	0	0	0	0	188	224	48	178	198	184	Bacteria; Actinobacteria; Actinobacteria; Streptosporangiales; Thermomonosporaceae; Actinomadura
70eae3f0af7c1ad7350c1a3189b6766b	0	0	0	0	0	0	0	0	0	0	0	0	0	0	0	0	0	0	0	0	0	0	0	0	176	150	128	210	136	214	Bacteria; Firmicutes; Bacilli; Bacillales; Paenibacillaceae; Paenibacillus
5a85851196cf28506943318a2b3d5114	0	0	0	0	0	0	14	44	44	132	116	38	74	66	44	90	104	142	0	18	22	0	10	18	0	0	0	0	0	6	Bacteria; Firmicutes; Bacilli; Bacillales; Bacillaceae; Bacillus
2815e2eb706f328b5d43215f5d38906e	0	0	0	0	0	0	0	0	0	0	0	0	0	0	0	0	0	0	0	0	4	0	0	0	318	138	50	172	136	160	Bacteria; Actinobacteria; Actinobacteria; Streptosporangiales; Thermomonosporaceae; Actinomadura
c11224a2c78321aae315f6df4fbe0332	0	0	0	0	0	0	0	0	0	0	0	0	0	0	0	0	0	0	0	0	0	0	0	0	288	104	38	192	246	108	Bacteria; Proteobacteria; Gammaproteobacteria; Xanthomonadales; Xanthomonadaceae; Pseudoxanthomonas
dcc453180f4f8181835dc7c9227847d6	0	0	0	0	0	0	0	0	0	0	0	0	82	112	58	82	160	118	0	0	26	32	14	34	130	30	4	20	46	14	Bacteria; Proteobacteria; Alphaproteobacteria; Rhizobiales; Devosiaceae; Pelagibacterium
9c0de7908dd6ef3d536b42d9e11e0779	0	0	0	0	0	0	30	102	54	252	174	72	0	0	0	0	46	36	0	30	0	0	0	0	68	0	18	48	18	0	Bacteria; Proteobacteria; Gammaproteobacteria; Betaproteobacteriales; Burkholderiaceae; Unidentified_Burkholderiaceae
e80d9b199b6415215bd081bc7703fdb8	0	0	0	0	0	0	0	0	0	0	0	0	0	0	0	0	0	0	0	0	0	0	0	0	256	108	76	236	162	104	Bacteria; Proteobacteria; Alphaproteobacteria; Rhizobiales; Rhizobiaceae; Shinella
566e7c6bd78cd8239498181b193e8f3e	0	0	0	0	0	0	0	0	0	0	0	0	0	0	0	0	0	0	0	0	0	0	0	0	220	82	56	322	160	100	Bacteria; Proteobacteria; Gammaproteobacteria; Betaproteobacteriales; Burkholderiaceae; Bordetella
78db7fa6b16b73b101fbb8b282b5330e	0	0	0	0	0	0	0	0	0	0	0	0	58	70	48	26	54	54	0	0	0	0	0	0	58	38	38	78	124	290	Bacteria; Proteobacteria; Gammaproteobacteria; Pseudomonadales; Pseudomonadaceae; Pseudomonas
f8b80982510bec63a6322c13861027e5	0	0	0	0	0	0	0	0	0	0	0	0	0	0	0	0	0	0	0	0	0	0	0	0	260	192	72	148	108	156	Bacteria; Firmicutes; Bacilli; Bacillales; Paenibacillaceae; Paenibacillus
10b890326e2b0b15509aefb95d0d6b79	0	0	0	0	0	0	0	10	0	0	0	0	114	140	92	120	166	134	0	0	26	32	30	56	0	0	0	0	0	0	Bacteria; Bacteroidetes; Bacteroidia; Sphingobacteriales; Sphingobacteriaceae; Sphingobacterium
a1d101a92e585f5b7bd0bffc9600dd15	0	0	0	0	0	0	0	0	0	0	0	0	0	0	0	12	0	0	0	0	0	0	0	0	250	80	70	140	204	162	Bacteria; Firmicutes; Bacilli; Bacillales; Paenibacillaceae; Paenibacillus
7ea4b157e51f38c83a0693ce6ea70f53	4	0	0	0	0	0	0	0	0	0	0	0	98	110	68	126	246	142	0	0	24	16	24	10	6	0	4	16	10	10	Bacteria; Proteobacteria; Alphaproteobacteria; Rhizobiales; Rhizobiaceae; Ochrobactrum
f42e53974ad60b6f7e2f908c6a780ac4	0	0	0	0	0	0	0	0	0	0	0	0	98	94	132	108	156	218	0	0	24	34	14	34	0	0	0	0	0	0	Bacteria; Firmicutes; Bacilli; Bacillales; Bacillaceae; Bacillus
b9e9395fdb3c571b1491ba038ddfad5c	0	0	0	0	0	0	0	0	0	0	0	0	0	0	0	0	4	0	0	0	0	0	0	0	298	90	68	112	200	104	Bacteria; Proteobacteria; Gammaproteobacteria; Betaproteobacteriales; Burkholderiaceae; Parapusillimonas
47fe5b9eeaad17c139e39a16068f34f6	0	0	0	0	0	0	0	0	0	0	0	0	0	0	0	18	0	24	0	0	0	0	0	0	192	136	64	182	194	62	Bacteria; Actinobacteria; Actinobacteria; Micrococcales; Cellulomonadaceae; Cellulomonas
1354e61ebc4a9494d78e8e068ba2e611	0	0	0	0	0	0	0	0	0	0	0	0	0	0	0	0	0	0	0	0	0	0	0	0	192	170	62	154	182	108	Bacteria; Actinobacteria; Actinobacteria; Streptomycetales; Streptomycetaceae; Streptomyces
aee0dacb66bb3b44e8986f3859fd19d6	0	0	0	0	0	0	0	0	0	0	0	0	114	104	40	146	210	154	0	0	20	24	0	38	0	0	0	0	0	0	Bacteria; Actinobacteria; Actinobacteria; Streptosporangiales; Nocardiopsaceae; Nocardiopsis
675935ea669f58ed689dc7a62bfd363e	0	0	0	0	0	0	0	0	0	0	0	0	0	0	0	0	12	0	0	0	0	0	0	0	204	102	24	172	124	210	Bacteria; Proteobacteria; Gammaproteobacteria; Betaproteobacteriales; Burkholderiaceae; Unidentified_Burkholderiaceae
8012da7c810e58147175f741af2a78d2	22	16	0	0	14	0	0	12	6	18	28	20	38	42	20	46	58	48	0	40	22	104	22	28	76	28	0	0	28	104	Bacteria; Proteobacteria; Gammaproteobacteria; Betaproteobacteriales; Burkholderiaceae; Unidentified_Burkholderiaceae
ec9a0f58daa2f7b33b9ca94ffb00fd4d	0	0	0	0	0	0	0	0	0	0	0	0	0	0	0	0	0	0	0	0	0	0	0	0	312	106	28	136	144	106	Bacteria; Firmicutes; Clostridia; Clostridiales; Lachnospiraceae; Unidentified_Lachnospiraceae
889f1bc31887efea2354ba099342a203	0	0	0	0	0	0	0	0	0	0	0	0	0	0	0	0	0	0	0	0	0	0	0	0	160	116	36	174	182	154	Bacteria; Actinobacteria; Actinobacteria; Streptomycetales; Streptomycetaceae; Streptomyces
c1d9eada909d2d5dbe078f25f1038508	0	0	0	26	0	22	0	0	0	8	14	6	26	32	0	28	12	20	16	42	10	88	40	26	116	24	0	32	150	38	Bacteria; Proteobacteria; Gammaproteobacteria; Betaproteobacteriales; Burkholderiaceae; Aquabacterium
e346210d2e884f2a74593c76884631e1	0	0	0	0	2	0	0	0	0	0	0	0	0	0	0	0	0	0	0	0	0	0	0	0	154	76	42	272	108	120	Bacteria; Proteobacteria; Gammaproteobacteria; Methylococcales; Methylococcaceae; uncultured
54c82e78a5d6403950532c990e12e94e	2	0	0	0	0	0	0	0	0	0	0	0	0	0	0	0	0	0	0	4	0	0	0	0	188	120	18	186	156	90	Bacteria; Proteobacteria; Gammaproteobacteria; Steroidobacterales; Steroidobacteraceae; Steroidobacter
027a87edc5a47c4c19e82c3e2dabb97c	0	0	0	0	0	0	0	0	0	0	0	0	182	64	50	92	142	170	0	0	48	14	0	0	0	0	0	0	0	0	Bacteria; Proteobacteria; Alphaproteobacteria; Acetobacterales; Acetobacteraceae; Acetobacter
7f45a991e5b8a9336cc0503db547d2df	0	0	0	0	0	0	0	0	0	0	0	0	102	80	86	74	196	164	0	0	20	0	22	0	16	0	0	0	0	0	Bacteria; Bacteroidetes; Bacteroidia; Sphingobacteriales; Sphingobacteriaceae; Sphingobacterium
ecc423b8fefd03a92aa1a97fc74a654c	0	0	0	0	0	0	0	0	0	0	0	16	0	0	0	0	0	0	0	0	0	0	0	0	138	142	0	216	144	98	Bacteria; Proteobacteria; Gammaproteobacteria; Betaproteobacteriales; Burkholderiaceae; Achromobacter
8e9de88e4304cb8c982988b961609d50	0	0	0	0	0	0	0	0	0	0	0	0	0	0	0	0	0	0	0	0	0	0	0	0	150	106	48	162	204	74	Bacteria; Proteobacteria; Gammaproteobacteria; Xanthomonadales; Xanthomonadaceae; Stenotrophomonas
3ed9b5dbe1ffe3a29b951fa8bc5fc2c8	0	0	0	0	0	0	0	0	0	0	0	0	0	0	0	0	0	0	0	730	0	0	0	0	0	0	0	0	0	0	Bacteria; Proteobacteria; Alphaproteobacteria; Rhizobiales; Beijerinckiaceae; Methylobacterium
5473c224f739cb4b6ff3265bbc140a4c	0	0	0	0	0	0	0	0	0	0	0	0	0	0	0	12	0	0	0	0	0	0	0	0	106	52	38	366	84	70	Bacteria; Proteobacteria; Gammaproteobacteria; Enterobacteriales; Enterobacteriaceae; Cronobacter
758ffa2262415ceb0d6b18f856e76b46	0	0	0	0	0	0	0	0	0	0	0	0	0	0	0	0	0	12	0	0	0	0	0	0	200	90	10	144	134	130	Bacteria; Proteobacteria; Gammaproteobacteria; Xanthomonadales; Xanthomonadaceae; Stenotrophomonas
5d75b50d685c8b45bdfd97027510bf1e	0	0	0	0	0	0	0	0	0	0	0	0	104	92	0	112	164	176	0	0	36	0	0	34	0	0	0	0	0	0	Bacteria; Firmicutes; Bacilli; Lactobacillales; Lactobacillaceae; Lactobacillus
5ee181e7af48fbffd85476b1eefd0472	0	0	0	0	0	0	0	0	0	0	0	0	86	132	64	124	138	112	0	0	0	22	12	26	0	0	0	0	0	0	Bacteria; Proteobacteria; Gammaproteobacteria; Oceanospirillales; Halomonadaceae; Halomonas
660b04fe8ac618efe9852a72cab64670	0	0	0	0	0	0	0	0	0	0	0	0	0	0	0	0	2	0	0	0	0	0	0	0	184	120	46	88	130	144	Bacteria; Firmicutes; Bacilli; Bacillales; Paenibacillaceae; Paenibacillus
6ca5825b481071a9e4a17d194b40d243	0	0	0	0	0	0	0	0	0	0	0	0	0	0	8	20	12	24	0	0	0	0	6	4	102	132	14	158	124	102	Bacteria; Proteobacteria; Alphaproteobacteria; Rhizobiales; Rhizobiaceae; Ochrobactrum
695cbdbbee4b5ea52406265c0c92b9b5	0	0	0	0	0	0	0	0	0	0	0	0	0	0	0	0	0	0	0	0	0	6	0	0	80	170	52	146	154	92	Bacteria; Proteobacteria; Gammaproteobacteria; Pseudomonadales; Pseudomonadaceae; Pseudomonas
36ecd054f5309a9658926a0926d7ee82	0	0	0	0	0	0	0	0	0	0	0	0	18	12	0	16	36	22	0	0	0	0	0	0	118	112	0	176	122	66	Bacteria; Proteobacteria; Alphaproteobacteria; Rhizobiales; Rhizobiaceae; Shinella
c029e12da45303c63e84938de2ae86a8	0	0	0	0	0	0	0	0	0	0	74	0	126	148	62	84	94	108	0	0	0	0	0	0	0	0	0	0	0	0	Bacteria; Proteobacteria; Gammaproteobacteria; Betaproteobacteriales; Burkholderiaceae; Ralstonia
65bae3dec950ad887dcd209e33518422	32	12	0	20	16	26	0	18	24	64	66	22	56	52	20	70	58	64	0	18	0	10	26	20	0	0	0	0	0	0	Bacteria; Proteobacteria; Gammaproteobacteria; Betaproteobacteriales; Burkholderiaceae; Burkholderia-Caballeronia-Paraburkholderia
8618cb1b38add299828293b9c42e4302	0	0	0	0	0	0	0	0	0	0	0	0	0	0	0	0	0	0	0	0	0	0	0	0	198	94	66	110	124	92	Bacteria; Firmicutes; Bacilli; Bacillales; Paenibacillaceae; Paenibacillus
f52d5f43c6ee0df3cb719020d63c94b5	0	0	0	0	0	0	0	0	0	0	0	0	32	70	20	88	82	36	0	0	4	16	0	22	186	0	8	0	54	44	Bacteria; Proteobacteria; Alphaproteobacteria; Sphingomonadales; Sphingomonadaceae; Sphingomonas
069d887ffe62e6a170df40da3cf36f85	0	0	0	0	0	0	0	0	0	0	0	0	50	74	40	58	102	82	0	0	0	12	6	20	72	38	10	36	30	20	Bacteria; Proteobacteria; Gammaproteobacteria; Xanthomonadales; Xanthomonadaceae; Pseudoxanthomonas
a2beff20e11341033c7bc2ba65ed7635	0	0	0	0	0	0	0	0	0	0	0	0	0	0	0	0	0	0	0	0	0	0	0	0	134	102	40	142	148	78	Bacteria; Proteobacteria; Gammaproteobacteria; Betaproteobacteriales; Burkholderiaceae; Unidentified_Burkholderiaceae
294aa1b8153137dfef7a678ac151d6c4	0	0	0	0	2	0	0	0	0	0	0	0	18	0	6	24	12	36	0	0	14	0	0	0	218	24	32	104	68	70	Bacteria; Actinobacteria; Actinobacteria; Pseudonocardiales; Pseudonocardiaceae; Unidentified_Pseudonocardiaceae
687d8be68c9424f69e6c5dcebba4777e	0	0	0	0	0	0	0	0	0	0	0	0	0	0	0	0	0	0	0	0	0	0	0	0	264	160	0	100	104	0	Bacteria; Actinobacteria; Actinobacteria; Streptomycetales; Streptomycetaceae; Streptomyces
76a95985bc5be7924f4344db1fde9067	0	0	0	0	0	0	0	0	0	0	0	0	0	0	0	0	0	0	0	0	0	0	0	0	306	56	16	100	148	0	Bacteria; Actinobacteria; Actinobacteria; Streptosporangiales; Nocardiopsaceae; Thermobifida
a738916ea49b2f944d889e576ade2aff	0	0	0	0	0	0	0	0	0	0	0	0	0	0	0	0	0	0	0	0	0	0	0	0	224	64	64	122	96	54	Bacteria; Proteobacteria; Gammaproteobacteria; Betaproteobacteriales; Burkholderiaceae; Ramlibacter
c6cd5d2f5b8e752e5e142919898abcec	0	0	0	0	0	0	0	0	0	0	0	0	0	0	0	0	0	0	0	0	0	0	0	0	218	66	88	88	58	106	Bacteria; Firmicutes; Bacilli; Bacillales; Paenibacillaceae; Paenibacillus
9f775e92b88a1437af90dc4a544e7a5f	0	0	0	0	0	0	0	0	0	0	4	0	0	0	0	0	0	0	0	0	0	0	0	0	180	46	50	70	122	146	Bacteria; Proteobacteria; Gammaproteobacteria; Xanthomonadales; Rhodanobacteraceae; Luteibacter
3d3052c54d332ee3a60dddc2c2a8449e	0	0	0	0	0	0	0	0	0	0	0	0	0	0	0	0	0	0	0	0	0	0	0	0	148	246	0	0	100	118	Bacteria; Proteobacteria; Gammaproteobacteria; Enterobacteriales; Enterobacteriaceae; Kosakonia
d66072bb4e903a9c1a95728d29427410	0	0	0	0	0	0	0	0	0	0	0	0	0	0	0	0	0	0	32	26	62	90	122	48	58	32	0	36	58	46	Bacteria; Actinobacteria; Actinobacteria; Micrococcales; Microbacteriaceae; Curtobacterium
0461e5811cd58a1b663c5a50b0d6d3e3	0	0	0	0	0	0	0	0	0	0	0	0	0	0	0	0	0	0	0	0	28	0	0	0	166	92	26	148	94	52	Bacteria; Actinobacteria; Actinobacteria; Micrococcales; Unidentified_Micrococcales; Unidentified_Micrococcales
6aa4ffed1d803a92c550fad304644244	0	0	0	0	0	0	0	0	0	0	0	0	0	0	0	0	0	0	0	0	0	0	0	0	168	70	74	80	130	80	Bacteria; Proteobacteria; Gammaproteobacteria; Betaproteobacteriales; Burkholderiaceae; Unidentified_Burkholderiaceae
ac18b68ae0f113427e284f75f1c14485	0	0	0	0	0	0	0	0	0	0	0	0	0	0	0	0	0	0	0	0	0	0	0	0	86	110	20	84	144	150	Bacteria; Proteobacteria; Gammaproteobacteria; Xanthomonadales; Xanthomonadaceae; Luteimonas
01b0c254f2c60d96dbe9796be19eb148	0	0	0	0	0	0	0	0	0	0	0	0	0	0	0	0	0	0	0	0	0	0	0	0	170	44	52	142	114	70	Bacteria; Firmicutes; Bacilli; Bacillales; Paenibacillaceae; Paenibacillus
ea4380d7bbfa82db66fe91ac7df13186	0	0	0	0	0	0	0	0	0	0	0	0	0	0	0	0	0	0	0	0	0	0	0	0	134	68	26	162	154	48	Bacteria; Proteobacteria; Alphaproteobacteria; Rhizobiales; Xanthobacteraceae; Unidentified_Xanthobacteraceae
3f12a0e59a953a1871265f6f4fa579f9	0	0	0	0	0	0	0	0	0	0	0	0	142	38	30	46	168	112	0	0	20	0	14	12	0	0	0	0	0	0	Bacteria; Bacteroidetes; Bacteroidia; Bacteroidales; Prevotellaceae; Prevotella_9
4e0481f68111cd3463386f70247922bb	0	0	0	0	0	0	24	24	30	274	90	24	0	0	0	0	30	68	4	0	0	0	0	0	0	0	0	0	0	0	Bacteria; Bacteroidetes; Bacteroidia; Flavobacteriales; Weeksellaceae; Chryseobacterium
9a32c07cca8744b5d0bd7f9f4b4ae6c7	0	0	0	0	0	0	0	0	0	0	0	0	0	0	10	0	0	0	0	0	0	0	0	0	166	0	0	186	110	94	Bacteria; Actinobacteria; Actinobacteria; Micrococcales; Cellulomonadaceae; Cellulomonas
a7c81760012c98ff1a1b202d933887c8	0	0	0	0	0	0	0	120	0	156	174	114	0	0	0	0	0	0	0	0	0	0	0	0	0	0	0	0	0	0	Bacteria; Proteobacteria; Gammaproteobacteria; Enterobacteriales; Enterobacteriaceae; Unidentified_Enterobacteriaceae
16e413b379e06f081a4f0b551cdc0743	0	0	0	0	0	0	0	0	0	0	0	0	134	74	0	72	100	126	0	0	0	0	16	24	0	0	0	0	0	0	Bacteria; Proteobacteria; Alphaproteobacteria; Acetobacterales; Acetobacteraceae; Acetobacter
e8295f91b59c50922bb7a80eef4d000d	0	0	0	0	0	0	0	0	0	0	0	0	78	76	46	68	148	100	0	0	0	0	0	0	26	0	0	0	0	0	Bacteria; Actinobacteria; Actinobacteria; Pseudonocardiales; Pseudonocardiaceae; Saccharopolyspora
d71ae303b317b5c25ccfa2b74f0c3288	0	0	0	0	0	0	0	0	0	0	0	0	66	74	0	70	134	80	0	0	0	0	0	32	0	8	14	0	0	50	Bacteria; Bacteroidetes; Bacteroidia; Sphingobacteriales; Sphingobacteriaceae; Sphingobacterium
5d1551676dace013c13bd50bbac5c462	0	0	0	0	0	0	0	0	0	0	0	0	0	0	0	0	0	0	0	0	0	0	0	0	96	116	58	86	68	98	Bacteria; Actinobacteria; Actinobacteria; Pseudonocardiales; Pseudonocardiaceae; Saccharopolyspora
c886f2b415b735e4517d2cd5dfcfe63e	114	0	66	134	102	104	0	0	0	0	0	0	0	0	0	0	0	0	0	0	0	0	0	0	0	0	0	0	0	0	Bacteria; Firmicutes; Bacilli; Bacillales; Staphylococcaceae; Staphylococcus
359c87282b6b729efb0459d273b6fe6c	0	0	0	0	0	0	0	0	0	0	0	0	0	0	0	0	0	0	0	0	0	0	0	0	138	94	24	60	100	102	Bacteria; Firmicutes; Bacilli; Bacillales; Paenibacillaceae; Thermobacillus
ba567d3dcebf369cc91244d8ede4d902	0	0	0	0	0	0	0	0	0	0	0	0	26	0	0	22	24	24	0	0	0	0	0	12	114	132	18	92	44	0	Bacteria; Bacteroidetes; Bacteroidia; Sphingobacteriales; Sphingobacteriaceae; Sphingobacterium
26b2ffb47bae2cd450b40ccd7bdbf73a	0	0	0	0	0	0	0	0	0	0	0	0	0	0	0	0	0	0	0	0	0	0	0	0	170	56	84	88	110	0	Bacteria; Proteobacteria; Gammaproteobacteria; Xanthomonadales; Xanthomonadaceae; Pseudoxanthomonas
cea594b568b0f0d5caf19c55b685a680	0	0	0	0	0	0	0	0	0	0	0	0	58	58	54	50	92	84	0	0	0	16	20	0	0	34	0	20	18	0	Bacteria; Bacteroidetes; Bacteroidia; Sphingobacteriales; Sphingobacteriaceae; Sphingobacterium
1a96305e13ff03d4fdd7f42b916dc974	0	0	0	0	0	0	0	0	0	0	0	0	44	52	0	0	0	0	0	0	0	0	0	0	0	70	48	0	122	156	Bacteria; Bacteroidetes; Bacteroidia; Sphingobacteriales; Sphingobacteriaceae; Sphingobacterium
b8f4c0ee0370bfbc9832a0314dfd5e81	0	0	0	0	0	0	0	0	0	0	0	0	0	0	0	0	0	0	58	56	112	44	134	86	0	0	0	0	0	0	Bacteria; Proteobacteria; Alphaproteobacteria; Rhizobiales; Beijerinckiaceae; Methylobacterium
f19fdbb6e3072cd4d95bfd7ca719a366	0	0	0	0	0	0	0	0	0	0	0	0	0	0	0	0	0	0	0	0	0	0	0	0	202	70	0	80	58	74	Bacteria; Actinobacteria; Actinobacteria; Pseudonocardiales; Pseudonocardiaceae; Prauserella
b306b305fd1e6de902363b591fd28fac	0	0	0	0	0	0	0	0	0	0	0	0	0	0	0	0	0	0	0	0	0	18	0	0	90	58	28	98	122	68	Bacteria; Firmicutes; Bacilli; Bacillales; Planococcaceae; Lysinibacillus
3cf6dd2ea6e2637e61815bec222db01b	0	0	0	0	2	0	0	0	0	0	0	0	0	0	0	0	0	0	0	0	0	0	0	0	74	98	28	46	112	120	Bacteria; Bacteroidetes; Bacteroidia; Sphingobacteriales; Sphingobacteriaceae; Parapedobacter
5f3dcc17a88c81c16b95bb8564ccbc46	0	0	0	0	0	0	0	0	0	0	0	0	90	60	28	40	138	104	0	0	20	0	0	0	0	0	0	0	0	0	Bacteria; Proteobacteria; Alphaproteobacteria; Acetobacterales; Acetobacteraceae; Unidentified_Acetobacteraceae
cc2915b764b53d86be9c17337954ba02	0	0	0	0	0	0	0	0	0	34	22	52	0	0	0	0	0	0	0	0	0	0	0	0	104	34	28	64	68	72	Bacteria; Proteobacteria; Gammaproteobacteria; Betaproteobacteriales; Burkholderiaceae; Acidovorax
7866050789351be72336eb021107c3e6	0	0	0	0	0	0	0	0	0	0	0	0	0	0	0	0	0	0	0	0	0	0	0	0	120	54	30	114	80	80	Bacteria; Actinobacteria; Actinobacteria; Streptosporangiales; Streptosporangiaceae; Nonomuraea
e1547f6ed3599ce50a6bc46949557b25	0	0	0	0	0	2	0	2	2	0	0	0	2	0	0	4	0	0	0	0	0	0	0	0	266	18	0	86	50	42	Bacteria; Bacteroidetes; Bacteroidia; Cytophagales; Microscillaceae; uncultured
b275929e2a9a86adc0dbb8d2c67335b1	0	0	0	0	0	0	0	0	0	0	0	0	0	0	0	0	0	0	42	74	78	64	126	82	0	0	0	0	0	0	Bacteria; Actinobacteria; Actinobacteria; Pseudonocardiales; Pseudonocardiaceae; Amycolatopsis
ed5a5cb26ba5a8fe53efdf2ce673bab9	46	84	100	82	60	64	0	4	4	0	0	0	0	0	0	0	0	0	0	18	0	0	0	0	0	0	0	0	0	0	Bacteria; Proteobacteria; Gammaproteobacteria; Enterobacteriales; Enterobacteriaceae; Unidentified_Enterobacteriaceae
c66ea3d804ab0d5346b5d0a31b4562ae	0	0	0	0	0	0	0	0	0	0	0	0	0	0	0	0	50	0	0	30	56	52	26	80	96	0	22	48	0	0	Bacteria; Proteobacteria; Gammaproteobacteria; Xanthomonadales; Xanthomonadaceae; Stenotrophomonas
a3e5857c8668034f453ce81cb8f932cf	0	0	0	0	0	0	0	0	0	0	0	0	0	0	0	0	0	0	0	0	0	0	0	0	0	54	46	120	116	124	Bacteria; Proteobacteria; Gammaproteobacteria; Xanthomonadales; Xanthomonadaceae; Pseudoxanthomonas
415072413c10503354774e592676b483	0	0	0	0	0	0	0	0	0	0	0	0	66	64	0	88	112	110	0	0	0	0	0	0	0	0	0	0	0	18	Bacteria; Firmicutes; Bacilli; Bacillales; Bacillaceae; Bacillus
97afb742bc398ccdc0e87176de56ee49	0	0	0	0	0	0	0	0	0	0	0	0	0	0	0	0	0	12	0	0	0	0	0	12	138	58	32	54	52	100	Bacteria; Firmicutes; Bacilli; Bacillales; Paenibacillaceae; Paenibacillus
402baf26e553a439c04e034b826ca026	0	0	0	0	0	0	0	0	0	0	0	0	56	58	22	0	78	50	0	0	10	0	0	0	48	0	0	0	66	54	Bacteria; Actinobacteria; Actinobacteria; Streptosporangiales; Nocardiopsaceae; Thermobifida
c33662c92b52d70d308d3cac3451453e	0	0	0	0	0	0	0	0	0	0	0	0	0	0	0	0	0	0	0	0	0	0	0	0	142	68	24	100	46	60	Bacteria; Proteobacteria; Gammaproteobacteria; Enterobacteriales; Enterobacteriaceae; Kosakonia
b213398a2f201322cc07fe305b14fd37	0	0	0	0	0	0	0	0	0	0	0	0	0	0	0	0	0	0	0	0	0	0	0	0	146	60	54	60	48	70	Bacteria; Proteobacteria; Gammaproteobacteria; Pseudomonadales; Pseudomonadaceae; Pseudomonas
c6e527b2d5dd4186125cb8da55bc1ed4	0	0	0	0	0	0	0	0	0	0	0	0	0	0	0	0	0	0	40	54	116	58	106	42	0	6	0	0	12	0	Bacteria; Actinobacteria; Actinobacteria; Pseudonocardiales; Pseudonocardiaceae; Amycolatopsis
d58f1885f5a4a7b6050ae5ec9c99542d	0	0	0	0	0	0	0	0	0	0	0	0	0	0	0	0	0	0	0	0	0	0	0	0	62	46	32	126	76	90	Bacteria; Proteobacteria; Gammaproteobacteria; Xanthomonadales; Xanthomonadaceae; Unidentified_Xanthomonadaceae
702e821793e8ad73e60a49ee91165118	0	0	0	0	0	0	0	0	0	0	0	0	0	0	0	0	0	0	0	0	0	0	0	0	152	90	42	34	76	36	Bacteria; Firmicutes; Bacilli; Bacillales; Thermoactinomycetaceae; Thermoactinomyces
dfbc027cf9b768161fb3496412d2918b	0	0	0	0	0	0	0	0	0	0	0	0	0	0	0	0	0	0	0	0	0	0	0	0	116	64	0	50	24	174	Bacteria; Bacteroidetes; Bacteroidia; Sphingobacteriales; Sphingobacteriaceae; Parapedobacter
c667664df1fb6f8705f9a8a861370a72	0	0	0	0	0	0	0	0	0	0	0	0	66	0	34	38	104	132	0	0	18	0	0	14	0	0	0	0	6	0	Bacteria; Firmicutes; Bacilli; Lactobacillales; Lactobacillaceae; Lactobacillus
cd83b1edbc0142f92b1fd59c6abed7b2	0	0	0	0	0	0	0	0	0	0	0	0	44	54	90	70	86	22	0	0	12	0	26	8	0	0	0	0	0	0	Bacteria; Proteobacteria; Gammaproteobacteria; Alteromonadales; Alteromonadaceae; Rheinheimera
af91ad4292f18b2961374d9e289da9d3	0	0	0	0	0	0	0	0	0	0	0	0	0	0	0	0	0	0	0	0	0	0	0	0	102	82	0	82	36	108	Bacteria; Proteobacteria; Gammaproteobacteria; Pseudomonadales; Pseudomonadaceae; Pseudomonas
568704c86381ac651e0dd370fe61fc51	0	0	0	0	0	0	0	0	0	0	0	0	0	0	0	0	0	0	0	0	0	0	0	0	94	54	0	100	112	46	Bacteria; Proteobacteria; Alphaproteobacteria; Unidentified_Alphaproteobacteria; Unidentified_Alphaproteobacteria; Unidentified_Alphaproteobacteria
4e8d7a4662640b90817f015280cf5713	0	0	0	0	0	0	0	0	0	0	0	0	42	34	14	78	124	38	0	0	12	0	10	0	0	12	0	12	28	0	Bacteria; Firmicutes; Clostridia; Clostridiales; Clostridiaceae_1; Clostridium_sensu_stricto_1
686ae9293bc71b879128279ccff2d38a	0	0	0	0	0	0	0	0	0	0	0	0	0	0	0	0	0	0	0	0	0	0	0	0	170	32	0	66	82	54	Bacteria; Firmicutes; Bacilli; Bacillales; Paenibacillaceae; Paenibacillus
caff14ce3228ef608b532ec3bfb3b352	0	0	0	0	0	0	0	0	0	0	0	0	0	0	0	0	0	0	0	0	0	0	0	0	178	38	0	102	0	84	Bacteria; Firmicutes; Bacilli; Bacillales; Paenibacillaceae; Brevibacillus
6f1d9473ea0ab3c1073e0fcbf0de2555	4	0	0	0	0	0	18	40	38	122	72	68	0	0	0	0	0	20	0	18	0	0	0	0	0	0	0	0	0	0	Bacteria; Proteobacteria; Alphaproteobacteria; Sphingomonadales; Sphingomonadaceae; Sphingomonas
daf5e34a724339b02fe94d5f02972709	0	0	0	0	0	0	0	0	0	0	0	0	0	0	0	0	0	0	0	0	0	0	0	0	116	70	18	84	32	78	Bacteria; Proteobacteria; Gammaproteobacteria; Betaproteobacteriales; Burkholderiaceae; Unidentified_Burkholderiaceae
8df399e29acb5a583f449a82db4e17c9	0	0	0	0	0	0	0	0	0	0	0	0	48	20	16	78	116	106	0	0	0	12	0	0	0	0	0	0	0	0	Bacteria; Firmicutes; Bacilli; Lactobacillales; Lactobacillaceae; Lactobacillus
74084792a04247b6a2f28ab7b5cafa77	0	0	0	0	0	0	0	0	0	0	0	0	40	0	112	46	90	44	0	0	12	0	22	0	26	0	0	0	0	0	Bacteria; Proteobacteria; Gammaproteobacteria; Cellvibrionales; Cellvibrionaceae; Unidentified_Cellvibrionaceae
4dd1f859582601c8f8835ccdf290f2da	0	0	0	0	0	0	0	0	0	0	0	0	0	0	0	0	0	0	0	0	0	0	0	0	50	44	20	74	60	144	Bacteria; Actinobacteria; Actinobacteria; Pseudonocardiales; Pseudonocardiaceae; Prauserella
4e324eb40a3554c68ea978756f24538c	0	0	0	0	0	0	0	0	0	0	0	0	2	0	0	0	0	4	0	0	0	0	0	0	98	38	58	98	66	24	Bacteria; Bacteroidetes; Bacteroidia; Chitinophagales; Chitinophagaceae; Unidentified_Chitinophagaceae
2f7db29d89aa3dce7453fcc7348598e9	0	0	0	0	0	0	0	0	0	0	0	0	0	0	0	0	0	0	50	50	86	34	102	58	0	0	0	0	0	0	Bacteria; Proteobacteria; Gammaproteobacteria; Pseudomonadales; Pseudomonadaceae; Pseudomonas
e9c5c7f40dc0d24681936be2db1c8467	0	22	0	18	0	0	0	16	28	20	22	16	20	44	20	22	32	26	0	0	4	12	14	0	42	0	0	0	0	0	Bacteria; Proteobacteria; Gammaproteobacteria; Betaproteobacteriales; Burkholderiaceae; Burkholderia-Caballeronia-Paraburkholderia
4904f1400675d736d2c8a9203b8d5695	0	0	0	0	0	0	0	0	0	0	0	0	0	0	0	0	0	0	0	0	0	0	0	0	122	38	28	70	54	64	Bacteria; Actinobacteria; Actinobacteria; Pseudonocardiales; Pseudonocardiaceae; Saccharopolyspora
736975262de69513484fbdd1b8ffd098	0	0	0	0	0	0	0	0	0	0	0	0	0	0	0	0	0	0	0	0	0	0	0	0	72	54	40	50	90	70	Bacteria; Proteobacteria; Gammaproteobacteria; Betaproteobacteriales; Burkholderiaceae; Unidentified_Burkholderiaceae
6f2b8b5662ca322965a1babe7d54baab	0	0	0	0	0	0	0	0	0	0	0	0	0	0	0	0	0	0	0	0	0	0	0	0	184	30	34	44	74	0	Bacteria; Firmicutes; Bacilli; Bacillales; Bacillaceae; Ureibacillus
998899058d01c15a907b73b20d9d6320	0	0	0	0	0	0	0	0	0	0	0	0	56	80	36	64	40	56	0	0	14	0	12	0	0	0	0	0	0	0	Bacteria; Bacteroidetes; Bacteroidia; Sphingobacteriales; Sphingobacteriaceae; Sphingobacterium
e0d45d602f7fcd7151adac7025eca593	0	0	0	0	0	0	0	0	0	0	0	0	0	0	0	50	46	0	0	0	0	0	0	0	62	0	0	0	50	150	Bacteria; Bacteroidetes; Bacteroidia; Sphingobacteriales; Sphingobacteriaceae; Sphingobacterium
267b5660edd4530f252ae48e59da1786	0	0	0	0	0	0	0	0	0	0	0	0	0	0	0	0	0	0	0	0	0	0	0	0	104	32	32	78	50	62	Bacteria; Proteobacteria; Gammaproteobacteria; Betaproteobacteriales; Burkholderiaceae; Hydrogenophaga
9bb276530d60c2d320b7fd8bc8cf8613	0	0	0	0	0	0	0	0	0	0	0	0	0	0	0	0	0	0	0	0	0	0	0	0	88	0	36	54	100	80	Bacteria; Proteobacteria; Gammaproteobacteria; Betaproteobacteriales; Burkholderiaceae; Unidentified_Burkholderiaceae
df71de0e92459aa808364311135bb8fc	10	8	20	22	10	22	0	22	10	30	28	20	0	36	6	28	28	28	0	0	18	0	10	0	0	0	0	0	0	0	Bacteria; Proteobacteria; Gammaproteobacteria; Betaproteobacteriales; Burkholderiaceae; Variovorax
692b229b5d010353174d93050229125c	0	0	0	0	0	0	0	0	0	0	0	0	56	76	34	82	54	0	0	0	22	0	0	26	0	0	0	0	0	0	Bacteria; Actinobacteria; Actinobacteria; Streptosporangiales; Nocardiopsaceae; Nocardiopsis
555e89f83a7bfca829c239ce2172cb35	0	0	0	0	0	0	0	0	0	0	0	0	0	0	0	0	62	72	0	0	0	0	0	0	62	32	14	52	26	28	Bacteria; Actinobacteria; Actinobacteria; Streptosporangiales; Nocardiopsaceae; Nocardiopsis
822324d24a101b43600a37c194d3b304	0	0	0	0	0	0	0	0	0	0	0	0	0	0	0	0	0	0	0	0	0	0	0	0	0	92	24	66	106	60	Bacteria; Bacteroidetes; Bacteroidia; Sphingobacteriales; Sphingobacteriaceae; Parapedobacter
29dfe305272c478207c4cb01cd2f8e51	0	0	0	0	0	0	0	0	0	0	0	0	10	0	0	34	16	14	0	0	0	8	0	0	46	48	6	82	40	42	Bacteria; Proteobacteria; Alphaproteobacteria; Rhodobacterales; Rhodobacteraceae; Paracoccus
8a32f83cb085576897c4be49ad167b6c	0	0	0	0	0	0	0	0	0	0	0	0	0	14	8	18	26	16	0	0	0	0	0	0	86	62	26	50	22	16	Bacteria; Actinobacteria; Actinobacteria; Pseudonocardiales; Pseudonocardiaceae; Unidentified_Pseudonocardiaceae
dfba942f2d36cb6b7755f9c3b6d01ac9	0	0	0	0	0	0	0	0	0	0	0	0	0	0	0	0	0	0	0	0	0	0	0	0	180	0	48	44	18	50	Bacteria; Firmicutes; Clostridia; Clostridiales; Clostridiaceae_1; Clostridium_sensu_stricto_1
dcba105f35d8ebc9e22269c7491ad3a7	0	0	0	0	0	0	0	0	0	18	0	0	32	18	22	54	46	52	0	0	0	0	0	0	0	44	0	52	0	0	Bacteria; Proteobacteria; Gammaproteobacteria; Xanthomonadales; Xanthomonadaceae; Stenotrophomonas
16075f4fee93ce4aa72dbfba90349531	0	0	0	0	0	0	0	0	0	0	4	0	48	0	40	18	54	12	0	0	0	0	0	0	32	0	0	58	40	32	Bacteria; Firmicutes; Bacilli; Bacillales; Paenibacillaceae; Paenibacillus
5c60f84b3d868e8544e0b7805e20ae77	0	0	0	0	0	0	0	0	0	0	0	0	0	12	0	6	0	12	32	40	28	90	52	62	0	0	0	0	0	0	Bacteria; Proteobacteria; Gammaproteobacteria; Pseudomonadales; Moraxellaceae; Acinetobacter
52a54a017aa92afb01b74396b6ddd7fc	0	0	0	0	0	0	0	0	0	0	0	0	0	0	0	0	0	0	0	0	0	0	0	0	112	74	30	26	42	50	Bacteria; Bacteroidetes; Bacteroidia; Sphingobacteriales; Sphingobacteriaceae; Sphingobacterium
4226930860c24d921128ba55a99769f1	0	0	0	0	0	0	0	0	0	0	0	0	0	0	0	0	0	0	0	0	0	0	0	0	90	36	14	46	94	54	Bacteria; Chloroflexi; Chloroflexia; Chloroflexales; Chloroflexaceae; FFCH7168
f2cb3c654f5b42e4032f57d378a2b725	0	0	0	0	0	0	0	0	0	0	0	0	0	0	0	0	4	0	0	0	0	0	0	0	120	34	34	32	46	62	Bacteria; Firmicutes; Bacilli; Bacillales; Paenibacillaceae; Brevibacillus
d15bc449222795a9ff230013aa633686	62	40	50	82	34	36	0	0	0	0	12	0	0	0	0	0	0	0	0	0	0	14	0	0	0	0	0	0	0	0	Bacteria; Proteobacteria; Gammaproteobacteria; Pseudomonadales; Moraxellaceae; Acinetobacter
81033006fbc338f022a7a015e98d397e	0	0	0	0	0	0	0	0	0	0	0	0	0	0	0	0	0	0	38	30	72	44	70	72	0	0	0	0	0	0	Bacteria; Actinobacteria; Actinobacteria; Pseudonocardiales; Pseudonocardiaceae; Amycolatopsis
a4fff9d40b78aacbc7731d9b70c2e308	0	0	0	0	0	0	0	0	0	0	0	0	44	32	28	38	76	72	0	0	10	0	8	16	0	0	0	0	0	0	Bacteria; Proteobacteria; Alphaproteobacteria; Rhodobacterales; Rhodobacteraceae; Gemmobacter
664d9bb1a4602b2c7b4683eb87d188e1	0	0	0	0	0	0	0	0	0	0	0	0	0	0	0	0	0	0	0	0	0	0	0	0	58	22	0	64	156	24	Bacteria; Actinobacteria; Actinobacteria; Micrococcales; Cellulomonadaceae; Oerskovia
e7dd01d01c0203abc3708549d99e4e9c	0	0	0	0	0	0	0	8	0	22	18	0	42	72	24	28	52	40	0	0	0	0	0	16	0	0	0	0	0	0	Bacteria; Firmicutes; Bacilli; Bacillales; Staphylococcaceae; Staphylococcus
654103afb837f9b9d255afefa434ea8f	0	0	0	0	0	0	0	0	0	0	0	0	0	0	0	0	0	0	0	0	0	0	0	0	60	52	14	70	98	26	Bacteria; Proteobacteria; Alphaproteobacteria; Thalassobaculales; Uncultured_Thalassobaculales; Uncultured_Thalassobaculales
73d826dabdbddbea0bd4551bb3d87046	0	0	0	0	0	0	0	0	0	0	0	0	0	0	0	0	0	0	0	0	0	0	0	0	110	32	34	38	98	0	Bacteria; Proteobacteria; Alphaproteobacteria; Rhodobacterales; Rhodobacteraceae; Paracoccus
dcfd90aa2fd3ae4cecc831902af00185	0	0	0	0	0	0	0	0	0	0	0	0	0	0	0	0	0	0	0	0	0	0	0	0	108	60	44	48	0	52	Bacteria; Actinobacteria; Actinobacteria; Corynebacteriales; Mycobacteriaceae; Mycobacterium
1c2b8892a0d7f828d72808cd01cfd199	0	0	0	0	0	0	0	0	0	0	0	0	0	0	0	0	0	0	0	0	0	0	0	22	32	32	20	66	92	44	Bacteria; Proteobacteria; Alphaproteobacteria; Rhizobiales; Devosiaceae; Devosia
1fbd14c9d5540da6f80eddfbf4ad2343	0	0	0	0	0	0	0	0	0	0	0	0	0	0	0	0	0	0	0	0	0	0	0	0	84	68	14	70	72	0	Bacteria; Proteobacteria; Gammaproteobacteria; Xanthomonadales; Xanthomonadaceae; Luteimonas
7d454750f52d9a1d4d1670b1796e35e7	0	0	0	0	2	0	0	0	0	0	0	0	30	60	26	44	78	44	0	0	6	0	0	16	0	0	0	0	0	0	Bacteria; Bacteroidetes; Bacteroidia; Flavobacteriales; Flavobacteriaceae; Flavobacterium
59364744507fc064189cc76039389725	0	0	0	0	0	0	0	0	0	0	0	0	0	0	0	0	0	0	0	0	0	0	0	0	0	46	0	88	104	64	Bacteria; Proteobacteria; Gammaproteobacteria; Betaproteobacteriales; Burkholderiaceae; Diaphorobacter
0356b8bf9fd15d2b45124228f1e8a464	0	0	0	0	0	0	0	0	0	0	0	0	8	0	0	8	12	18	0	0	0	0	0	0	68	28	0	62	62	28	Bacteria; Proteobacteria; Alphaproteobacteria; Rhizobiales; Devosiaceae; Devosia
d692bbd061f4865a20c9cb9d8687ed57	0	0	0	0	0	0	0	0	0	0	0	0	0	0	0	0	0	0	0	0	0	0	0	0	128	0	0	64	56	44	Bacteria; Proteobacteria; Alphaproteobacteria; Rhizobiales; Beijerinckiaceae; Methylobacterium
bb55d0d434444b5a320b627af9dceefb	0	0	0	0	0	0	0	0	0	0	0	0	0	0	0	0	0	0	0	0	0	0	0	0	90	28	46	26	56	46	Bacteria; Proteobacteria; Gammaproteobacteria; Betaproteobacteriales; Burkholderiaceae; Noviherbaspirillum
3a806bc7e9a12b9a3f8e8ade01348334	0	0	0	0	0	0	0	0	0	0	0	0	38	44	0	48	80	78	0	0	0	0	0	0	0	0	0	0	0	0	Bacteria; Actinobacteria; Actinobacteria; Pseudonocardiales; Pseudonocardiaceae; Saccharopolyspora
b449f5066387be07ee577a95585d45ca	0	0	0	0	0	0	0	0	0	0	0	0	0	0	0	0	0	0	0	0	0	0	0	0	34	66	14	78	56	34	Bacteria; Proteobacteria; Alphaproteobacteria; Rhizobiales; Rhizobiaceae; Allorhizobium-Neorhizobium-Pararhizobium-Rhizobium
9076b2f9b05d7dc873bfa81553f5e533	0	0	0	0	0	0	0	0	0	0	0	0	34	52	30	24	58	54	0	2	16	10	0	0	0	0	0	0	0	0	Bacteria; Bacteroidetes; Bacteroidia; Sphingobacteriales; Sphingobacteriaceae; Sphingobacterium
1735122f6452284cae1574c71c9a6eec	0	0	0	0	0	0	0	0	0	0	0	0	0	0	0	0	0	0	0	0	0	0	0	0	96	38	12	68	46	20	Bacteria; Firmicutes; Bacilli; Bacillales; Bacillaceae; Aeribacillus
484834a2e2fc7ce1b6504fe4a346e935	0	0	0	0	0	0	0	0	0	0	0	0	12	0	12	0	10	0	0	0	0	0	0	6	82	34	14	36	46	24	Bacteria; Actinobacteria; Actinobacteria; Streptomycetales; Streptomycetaceae; Streptomyces
181d915f7a3a6a65e466f4ee6c253cc5	0	0	0	0	0	0	0	0	0	0	0	0	0	0	0	0	0	0	0	0	0	0	0	0	146	0	0	80	26	24	Bacteria; Proteobacteria; Alphaproteobacteria; Rhizobiales; Devosiaceae; Pelagibacterium
9e9c4270966cf507485654eb33a69880	32	16	10	24	26	20	6	16	12	46	36	20	6	0	0	0	0	0	0	0	0	0	0	0	0	0	0	0	0	0	Bacteria; Firmicutes; Bacilli; Lactobacillales; Leuconostocaceae; Weissella
6012c9cb7ca6a1ea71e8a90609704d6d	0	0	0	0	0	0	0	0	0	0	0	0	0	0	0	0	14	0	0	0	0	0	0	0	114	0	24	0	60	58	Bacteria; Bacteroidetes; Bacteroidia; Sphingobacteriales; Sphingobacteriaceae; Sphingobacterium
59ef247f403d467d0753a544be941077	0	0	0	0	0	0	0	0	0	0	0	0	0	0	0	0	0	0	0	0	0	0	0	0	0	0	0	110	102	58	Bacteria; Firmicutes; Bacilli; Bacillales; Paenibacillaceae; Paenibacillus
3c05a61140855cb29774cfeed270e046	0	0	0	0	0	0	0	0	0	0	0	0	28	38	30	34	52	32	0	0	0	0	0	0	0	0	0	14	40	0	Bacteria; Bacteroidetes; Bacteroidia; Flavobacteriales; Flavobacteriaceae; Flavobacterium
9d28ce90e03ce937ace5d12b29f033b6	0	0	0	0	0	0	0	0	0	0	0	0	0	0	0	0	0	0	0	0	0	0	0	0	66	34	0	88	50	30	Bacteria; Proteobacteria; Alphaproteobacteria; Rhizobiales; Rhizobiaceae; Ochrobactrum
74d00453af710b4c6f0b311ed3e450d9	0	0	0	0	0	0	0	0	0	0	0	0	40	0	0	0	108	94	0	0	0	0	24	0	0	0	0	0	0	0	Bacteria; Firmicutes; Bacilli; Lactobacillales; Lactobacillaceae; Lactobacillus
9977a49cac14dfe539b11735337ef666	0	0	0	0	0	0	0	0	0	0	0	0	0	0	0	0	0	0	0	0	0	0	0	0	20	12	0	30	68	134	Bacteria; Chloroflexi; Chloroflexia; Chloroflexales; Herpetosiphonaceae; Herpetosiphon
99aed6c1a98dc0e3fb45b1cdcf542d89	0	0	0	0	0	0	0	0	0	0	0	0	0	0	0	0	0	0	0	0	0	0	0	0	62	36	18	42	60	44	Bacteria; Proteobacteria; Alphaproteobacteria; Caulobacterales; Caulobacteraceae; Phenylobacterium
3ebe761bfb1238c87195d431f41bf976	0	0	0	0	0	0	0	0	0	0	0	0	48	50	0	86	0	74	0	0	0	0	0	0	0	0	0	0	0	0	Bacteria; Proteobacteria; Gammaproteobacteria; Pseudomonadales; Moraxellaceae; Acinetobacter
106fb5d9ecd01e85dfb9552af586d99f	0	0	0	0	0	0	0	0	0	0	0	0	0	0	0	0	0	0	0	0	0	0	0	0	84	0	0	78	52	44	Bacteria; Actinobacteria; Actinobacteria; Micrococcales; Promicromonosporaceae; Promicromonospora
36487c991f756f1a7031234c4b28d43e	0	0	0	0	0	0	0	0	0	0	0	0	44	30	18	40	74	40	0	0	10	0	0	0	0	0	0	0	0	0	Bacteria; Firmicutes; Bacilli; Bacillales; Staphylococcaceae; Unidentified_Staphylococcaceae
5bbe9347917189a53427245d98297012	0	0	0	0	0	0	0	0	0	0	0	0	0	0	0	0	2	0	0	0	0	0	0	0	18	48	6	38	144	0	Bacteria; Chloroflexi; Anaerolineae; SBR1031; A4b; uncultured_bacterium
d0c11a5adda368b41592de64d7f45c36	0	0	0	0	0	0	0	0	0	0	0	0	0	0	0	0	0	0	0	0	0	0	0	0	112	14	0	38	34	56	Bacteria; Proteobacteria; Gammaproteobacteria; Pseudomonadales; Pseudomonadaceae; Pseudomonas
0a8076572299fb51e0ca4f64509eaa7c	0	0	0	0	0	0	0	0	0	0	0	0	0	0	0	0	0	0	0	0	0	0	2	0	76	28	8	70	40	28	Bacteria; Bacteroidetes; Bacteroidia; Bacteroidales; Dysgonomonadaceae; Dysgonomonas
b10983ff50b556c6b80731d6bdd270d1	0	0	0	0	0	0	0	0	0	0	0	0	0	0	0	0	0	0	0	0	0	0	0	0	60	42	20	76	54	0	Bacteria; Firmicutes; Clostridia; Clostridiales; Clostridiaceae_2; Unidentified_Clostridiaceae_3
6376ea6dab7d0fde3cd66f53b57e1484	32	0	0	30	0	42	0	0	0	0	0	0	16	10	0	62	32	22	0	0	0	0	0	0	0	0	0	0	0	0	Bacteria; Proteobacteria; Gammaproteobacteria; Pseudomonadales; Pseudomonadaceae; Pseudomonas
b3d2cc3b9f0184830bec2ef73bcc6166	0	0	0	0	0	0	8	30	14	64	34	22	0	0	0	0	32	26	0	10	0	0	0	0	0	0	0	0	0	0	Bacteria; Firmicutes; Bacilli; Lactobacillales; Streptococcaceae; Lactococcus
ab829f7a80f6882d5272cadddefd22f9	0	0	0	0	0	0	0	0	0	0	0	0	0	0	0	0	0	0	0	0	0	0	0	0	0	104	0	0	64	70	Bacteria; Proteobacteria; Gammaproteobacteria; Betaproteobacteriales; Burkholderiaceae; Unidentified_Burkholderiaceae
9f17f05e8dae2946ec20ef3b0841a296	0	0	0	0	0	0	0	0	0	0	0	0	0	0	0	0	0	0	0	0	0	0	0	0	130	30	8	28	30	10	Bacteria; Actinobacteria; Actinobacteria; Micromonosporales; Micromonosporaceae; Unidentified_Micromonosporaceae
2540caba6ee4758f7b138bbe10835346	0	0	0	0	0	0	0	0	0	0	0	0	0	0	0	0	0	0	0	0	0	0	0	0	54	0	0	20	112	50	Bacteria; Proteobacteria; Gammaproteobacteria; Betaproteobacteriales; Burkholderiaceae; Castellaniella
e14880a5ee9de54627c442720da27b19	2	0	0	0	0	0	0	0	0	0	0	0	0	0	0	0	0	0	0	2	0	0	0	0	146	6	0	16	62	0	Bacteria; Bacteroidetes; Bacteroidia; Cytophagales; Microscillaceae; Unidentified_Microscillaceae
a9bae9250a2c8cccfee4adc88caa4947	0	0	0	0	0	0	0	0	0	0	0	0	0	0	0	0	0	0	0	0	0	0	0	0	70	46	0	46	72	0	Bacteria; Actinobacteria; Actinobacteria; Corynebacteriales; Mycobacteriaceae; Mycobacterium
93387834ccf5fad68408c931a47a3e7e	0	0	0	0	0	0	0	0	0	0	0	0	0	0	0	0	0	0	0	0	0	0	0	0	54	24	0	58	46	52	Bacteria; Proteobacteria; Alphaproteobacteria; Rhizobiales; Rhizobiaceae; Shinella
912f795ef3617aeb65ff9ad69b9567a8	0	0	0	0	0	0	0	0	0	0	0	0	0	0	0	0	0	0	0	0	0	0	0	0	0	0	0	0	232	0	Bacteria; Proteobacteria; Gammaproteobacteria; Xanthomonadales; Xanthomonadaceae; Stenotrophomonas
1a5c5191af79edc39089d0448be193ab	0	0	0	0	0	0	0	0	0	0	0	0	0	0	0	0	0	0	0	0	0	0	0	0	70	24	0	40	58	34	Bacteria; Actinobacteria; Actinobacteria; Streptosporangiales; Thermomonosporaceae; Actinomadura
0aba86913d005a701d2a1bfee3ae7d37	0	0	0	0	0	0	0	0	0	0	0	0	0	0	34	56	74	60	0	0	0	0	0	0	0	0	0	0	0	0	Bacteria; Proteobacteria; Gammaproteobacteria; Betaproteobacteriales; Burkholderiaceae; Parapusillimonas
4aebcc69b46614d3365683ba49d95dc1	0	0	0	0	0	0	0	0	0	0	0	0	0	0	0	0	0	0	0	0	0	0	0	0	36	58	16	22	48	42	Bacteria; Proteobacteria; Gammaproteobacteria; Betaproteobacteriales; Burkholderiaceae; Unidentified_Burkholderiaceae
25dee5a277de6e0b4133d6e12f993b72	0	2	0	0	0	0	0	0	2	0	0	0	0	0	0	0	0	0	0	2	0	0	0	0	64	30	14	34	72	0	Bacteria; Chloroflexi; Anaerolineae; SBR1031; A4b; uncultured_bacterium
6fe6ae8e7d4ca0e4bedddcfb5017b5af	0	0	0	0	0	0	0	0	0	0	0	0	0	18	0	18	16	18	0	0	0	8	0	0	68	10	12	20	0	32	Bacteria; Bacteroidetes; Bacteroidia; Sphingobacteriales; Sphingobacteriaceae; Olivibacter
26b4b526e1e97e0a1322abc26264cfea	0	0	0	0	0	0	0	0	0	0	0	0	0	0	0	0	0	0	0	0	0	0	0	0	72	18	0	38	50	42	Bacteria; Actinobacteria; Actinobacteria; Streptomycetales; Streptomycetaceae; Unidentified_Streptomyces
4f76d934e09d5ec815901ba1b429d659	0	0	0	0	0	0	0	0	0	0	0	0	0	0	0	0	0	0	0	0	0	0	0	0	30	26	0	36	70	56	Bacteria; Chloroflexi; OLB14; uncultured_bacterium; uncultured_bacterium; uncultured_bacterium
88dd002eba8d9be1ce05224f8a52acee	0	0	0	0	0	0	0	0	0	0	0	0	4	0	0	0	0	0	0	0	0	0	0	0	44	26	12	52	22	56	Bacteria; Actinobacteria; Actinobacteria; Streptomycetales; Streptomycetaceae; Streptomyces
8dd280ee54a58f4d2b9af9db99299065	0	0	0	0	0	0	0	0	0	0	0	0	0	0	0	0	0	0	0	0	0	0	0	0	60	32	0	0	50	72	Bacteria; Bacteroidetes; Bacteroidia; Cytophagales; Microscillaceae; Unidentified_Microscillaceae
86f1248ee4ea85afd8c5b67cc1b04d4c	0	0	20	10	0	0	0	8	0	0	24	14	0	40	0	0	32	26	0	0	0	10	12	16	0	0	0	0	0	0	Bacteria; Proteobacteria; Gammaproteobacteria; Betaproteobacteriales; Burkholderiaceae; Burkholderia-Caballeronia-Paraburkholderia
6ff9f0e44941934aa46d50b7eac8c8a1	0	0	0	0	0	0	0	0	0	0	0	0	0	0	0	0	0	0	0	0	0	0	0	0	24	32	0	66	60	30	Bacteria; Actinobacteria; Actinobacteria; Streptomycetales; Streptomycetaceae; Streptomyces
ab5770c76bb383641afa4bb01d7a353f	0	0	0	0	0	0	0	0	0	0	0	0	0	0	0	0	0	0	0	0	0	0	0	0	68	40	0	18	66	18	Bacteria; Proteobacteria; Gammaproteobacteria; Betaproteobacteriales; Burkholderiaceae; Hydrogenophaga
57a88b1c6e0bece546e61bf305f5c979	0	0	0	0	0	0	0	0	0	0	0	0	0	18	20	30	86	38	0	0	6	0	0	8	0	0	0	0	0	0	Bacteria; Bacteroidetes; Bacteroidia; Sphingobacteriales; Sphingobacteriaceae; Sphingobacterium
59b3bac471baefb5b6d0019ab1129c47	0	0	0	0	0	0	0	0	0	0	0	0	0	0	0	0	0	0	0	0	0	0	0	0	38	28	14	64	62	0	Bacteria; Proteobacteria; Gammaproteobacteria; Betaproteobacteriales; Burkholderiaceae; Cupriavidus
389692cd171e26c8561ce46f6213b2d2	0	0	0	0	0	0	0	0	0	0	0	0	0	0	0	0	0	0	4	0	0	0	0	0	124	12	0	24	30	10	Bacteria; Proteobacteria; Deltaproteobacteria; Myxococcales; Sandaracinaceae; uncultured
691771d80023bb9a4f419ae9bc8892cd	0	0	0	0	0	0	0	0	0	0	0	0	0	0	0	0	0	0	0	0	0	2	0	0	52	24	12	38	16	60	Bacteria; Firmicutes; Clostridia; Clostridiales; Lachnospiraceae; Anaerocolumna
65c54731f9939bcf015f9c1fcbac93ea	0	0	0	0	0	0	0	0	0	0	0	0	0	0	0	0	0	0	0	0	0	0	0	0	0	58	18	22	104	0	Bacteria; Planctomycetes; Planctomycetacia; Pirellulales; Pirellulaceae; Pir4_lineage
fa61189dbf39b22432fe5575efaaf286	0	0	0	0	0	0	0	0	0	0	0	0	0	0	0	0	0	0	0	0	0	0	0	0	52	54	0	48	46	0	Bacteria; Actinobacteria; Actinobacteria; Corynebacteriales; Nocardiaceae; Unidentified_Rhodococcus
71c44377b6e732162b2b1642542b0697	0	0	0	0	0	0	0	0	0	0	0	0	0	0	0	0	0	0	0	0	0	0	0	0	24	22	0	70	32	50	Bacteria; Actinobacteria; Actinobacteria; Micrococcales; Cellulomonadaceae; Unidentified_Cellulomonadaceae
67da37a27427f41e9a28d4bcd418445b	0	0	0	0	0	0	0	0	0	0	0	0	0	0	0	0	0	0	0	0	0	0	0	0	22	26	18	44	56	32	Bacteria; Proteobacteria; Gammaproteobacteria; Betaproteobacteriales; Burkholderiaceae; Comamonas
e4735489da076d7c79f3623b531e6838	0	0	0	0	0	0	0	0	0	0	0	0	0	0	0	0	0	0	0	0	0	0	0	0	40	46	0	58	0	52	Bacteria; Proteobacteria; Alphaproteobacteria; Rhizobiales; Unidentified_Rhizobiales; Unidentified_Rhizobiales
f0d91e0fa5310141a04be51927083f0d	0	0	0	0	0	0	0	0	0	0	0	0	0	0	0	0	0	0	0	0	0	0	0	0	30	18	10	50	60	28	Bacteria; Chloroflexi; Chloroflexia; Thermomicrobiales; AKYG1722; uncultured_bacterium
10de7c04ff0b9dc89e4a6a1876a7b989	0	0	0	0	0	0	0	0	0	0	0	0	0	0	0	0	0	0	0	0	0	0	0	0	74	16	18	18	26	42	Bacteria; Firmicutes; Clostridia; Clostridiales; Clostridiaceae_1; Unidentified_Clostridium_sensu_stricto_3
4be6768d77bafbf922c12cb04c6e841f	0	0	0	0	0	0	0	0	0	0	0	0	0	0	0	0	0	0	0	0	0	0	0	0	68	0	0	60	60	0	Bacteria; Firmicutes; Bacilli; Bacillales; Paenibacillaceae; Paenibacillus
a5806ddab4d566e75997eee91711b308	0	0	0	0	0	0	0	0	0	0	0	0	0	0	0	0	0	0	0	0	0	0	0	0	0	48	0	34	18	88	Bacteria; Proteobacteria; Gammaproteobacteria; Betaproteobacteriales; Burkholderiaceae; Aquabacterium
fb8e1d76b86622c9237f15b29b9a7c50	0	0	0	0	0	0	0	0	0	0	0	0	0	0	0	0	0	0	0	0	0	0	0	0	50	18	10	64	24	20	Bacteria; Proteobacteria; Alphaproteobacteria; Rhizobiales; D05-2; uncultured_bacterium
7389b6c11a50061a457df7ef95f06d22	0	0	0	0	0	0	0	0	0	0	0	0	0	0	0	0	14	0	0	0	0	0	0	0	42	18	0	32	52	26	Bacteria; Actinobacteria; Actinobacteria; Pseudonocardiales; Pseudonocardiaceae; Pseudonocardia
535486be478535576e961533b0f14f46	0	0	0	0	0	0	0	0	0	0	0	0	0	0	0	0	0	0	0	0	0	0	0	0	108	0	18	58	0	0	Bacteria; Proteobacteria; Gammaproteobacteria; Xanthomonadales; Xanthomonadaceae; Stenotrophomonas
f330e765325ac47997066c79007f76b7	0	0	0	0	0	0	0	0	0	0	0	0	20	4	6	48	42	30	0	0	8	0	0	16	0	0	0	8	0	0	Bacteria; Actinobacteria; Actinobacteria; Micrococcales; Dermabacteraceae; Brachybacterium
7a48ef15fe14fdb6ff0082fea51aa2f6	0	0	0	0	0	0	0	0	0	0	0	0	0	0	0	0	0	0	0	0	0	0	0	0	0	36	16	40	52	38	Bacteria; Proteobacteria; Gammaproteobacteria; Xanthomonadales; Xanthomonadaceae; Arenimonas
92f1720367db58c68a96eceb9feb416a	0	0	0	0	0	0	0	14	6	20	78	8	0	0	0	0	12	8	16	0	0	0	0	0	0	6	0	4	0	8	Bacteria; Proteobacteria; Alphaproteobacteria; Rhizobiales; Beijerinckiaceae; Methylobacterium
48d510bced36882afff8b7f1825b4295	0	0	0	0	0	0	0	0	0	0	0	0	0	0	0	0	0	0	0	0	0	0	0	0	88	24	0	34	34	0	Bacteria; Proteobacteria; Alphaproteobacteria; Rhizobiales; Devosiaceae; Devosia
c18be48c10ce22081aa3719b746c0d1e	0	0	0	0	0	0	0	0	0	0	8	0	34	0	16	26	42	52	0	0	0	0	0	0	0	0	0	0	0	0	Bacteria; Proteobacteria; Gammaproteobacteria; Betaproteobacteriales; Burkholderiaceae; Unidentified_Burkholderiaceae
9f1b4af840ef40f870fabcf40ecebf26	0	0	0	0	0	0	0	0	0	0	0	0	0	0	0	0	0	0	0	0	0	0	0	0	46	20	24	36	52	0	Bacteria; Proteobacteria; Gammaproteobacteria; Enterobacteriales; Enterobacteriaceae; Kosakonia
ed22dbf532c2ba27de0bf7d963f5488d	0	0	0	0	0	0	0	0	0	0	0	0	0	0	0	0	0	0	0	0	0	0	0	0	70	18	8	30	50	0	Bacteria; Bacteroidetes; Bacteroidia; Cytophagales; Microscillaceae; Unidentified_Microscillaceae
bc532a44bd64a244fb62185276c54b2a	0	0	0	0	0	0	0	0	0	0	0	0	0	0	0	0	0	0	0	0	0	0	0	0	48	46	0	0	8	74	Bacteria; Proteobacteria; Alphaproteobacteria; Rhizobiales; Hyphomicrobiaceae; Pedomicrobium
053453fa5d3ea174b8b5f3f106e19f25	0	0	0	0	0	0	0	0	0	0	0	0	38	66	0	62	0	0	0	0	0	8	0	0	0	0	0	0	0	0	Bacteria; Proteobacteria; Gammaproteobacteria; Cellvibrionales; Cellvibrionaceae; Unidentified_Cellvibrionaceae
b01f65c3da02d1690cbbb45a210380d5	0	0	0	0	0	0	0	0	0	0	0	2	0	0	0	0	0	0	0	0	0	0	0	0	170	0	0	0	0	0	Bacteria; Bacteroidetes; Bacteroidia; Chitinophagales; Chitinophagaceae; Unidentified_Chitinophagaceae
6120ea095815cfb33ab4f2127a5b8583	0	0	0	0	0	0	0	0	0	0	0	0	0	0	0	0	0	0	0	0	0	0	0	0	34	0	0	0	32	106	Bacteria; Firmicutes; Bacilli; Bacillales; Thermoactinomycetaceae; Thermoactinomyces
103ae8de5da5ca5a4366866d2d39ddb1	0	0	0	0	0	0	0	0	0	0	0	0	0	0	0	0	0	0	0	0	0	0	0	0	56	20	8	34	32	18	Bacteria; Proteobacteria; Alphaproteobacteria; Sphingomonadales; Sphingomonadaceae; Unidentified_Sphingomonadaceae
5a3a944b13ee6b2d908a3979e25cb0ef	0	0	0	0	0	0	0	0	0	0	0	0	0	0	0	0	0	0	0	0	0	0	0	0	30	30	2	20	66	20	Bacteria; Proteobacteria; Gammaproteobacteria; R7C24; uncultured_bacterium; uncultured_bacterium
15b408c3e9f3fa7a4efadba6387adc2b	0	0	0	0	0	0	0	0	0	0	0	0	0	0	0	0	0	0	0	0	0	0	0	0	0	46	24	36	28	32	Bacteria; Chloroflexi; Anaerolineae; SBR1031; A4b; OLB13
763d33b54abcdb21b65c7752c161881a	0	0	0	0	0	0	0	0	0	0	0	0	0	0	0	0	0	0	0	0	0	0	0	0	62	16	0	56	30	0	Bacteria; Proteobacteria; Alphaproteobacteria; Rhizobiales; D05-2; uncultured_bacterium
08710d56a458e9daa0a51154a66ff7dc	0	0	0	0	0	0	0	0	0	0	0	0	0	0	0	0	0	0	0	0	0	0	0	0	24	30	10	40	42	18	Bacteria; Deinococcus-Thermus; Deinococci; Deinococcales; Trueperaceae; Truepera
fc453311c89e3b612b4eb5d9150312d9	0	0	0	0	0	0	0	0	0	0	0	0	0	0	0	0	0	0	0	0	0	0	0	0	58	0	0	26	38	40	Bacteria; Bacteroidetes; Bacteroidia; Sphingobacteriales; Sphingobacteriaceae; Parapedobacter
17be7af75d89f5349df683cbd63f3a79	0	0	0	0	0	0	0	0	0	0	160	0	0	0	0	0	0	0	0	0	0	0	0	0	0	0	0	0	0	0	Bacteria; Bacteroidetes; Bacteroidia; Flavobacteriales; Weeksellaceae; Elizabethkingia
f0dcc39690e4ce98b5d9a9d2f71d7983	0	0	0	0	0	0	0	0	0	0	0	0	14	0	0	48	22	34	0	0	0	0	0	12	0	0	8	0	0	22	Bacteria; Bacteroidetes; Bacteroidia; Flavobacteriales; Flavobacteriaceae; Flavobacterium
af9e0df7a047b3c254cc949c1ad6b19e	0	0	0	0	0	0	0	0	0	0	0	0	0	0	0	0	0	0	0	0	0	0	0	0	70	24	0	36	0	30	Bacteria; Firmicutes; Bacilli; Bacillales; Bacillaceae; Bacillus
01e2f793531da767905e6c862c56391c	0	0	0	0	0	0	0	0	0	0	0	0	0	0	0	0	0	0	0	0	0	0	0	0	28	16	16	36	32	32	Bacteria; Firmicutes; Bacilli; Bacillales; Paenibacillaceae; Paenibacillus
283db9d2c8c146b0db2ae18cdd762d6a	0	0	2	0	0	0	0	0	0	0	0	0	34	0	0	0	82	40	0	0	0	0	0	0	0	0	0	0	0	0	Bacteria; Bacteroidetes; Bacteroidia; Sphingobacteriales; Sphingobacteriaceae; Sphingobacterium
68e63025a0f7c2a1c2ab0f83de22d256	0	0	0	0	0	0	0	0	0	0	0	0	0	0	0	0	0	0	0	0	0	0	0	0	0	32	0	28	54	44	Bacteria; Proteobacteria; Alphaproteobacteria; Rhizobiales; Hyphomicrobiaceae; Hyphomicrobium
7863e9a0940f441edb49db76f0be720b	0	0	0	0	0	0	0	0	0	0	0	0	0	0	0	0	0	0	0	0	0	0	0	0	0	0	0	72	52	34	Bacteria; Proteobacteria; Alphaproteobacteria; Rhizobiales; D05-2; uncultured_bacterium
b503d76e5f6f07ddb15148a5631658e8	0	0	0	0	0	0	0	0	0	0	0	0	44	0	0	32	28	52	0	0	0	0	0	0	0	0	0	0	0	0	Bacteria; Actinobacteria; Actinobacteria; Micrococcales; Microbacteriaceae; Leucobacter
fb687e2513395a133eb7360f4667c63e	4	0	0	0	0	0	0	0	0	0	0	0	0	0	0	0	0	0	0	0	0	0	0	0	26	0	26	60	38	0	Bacteria; Planctomycetes; Planctomycetacia; Pirellulales; Pirellulaceae; Unidentified_Pirellulaceae
664765dce1a593784085345685a67650	0	0	0	0	0	0	0	0	0	0	0	0	22	14	0	22	52	44	0	0	0	0	0	0	0	0	0	0	0	0	Bacteria; Proteobacteria; Alphaproteobacteria; Rhizobiales; Rhizobiaceae; Unidentified_Rhizobiaceae
8d00128152111c45622712f89e79a12a	0	0	0	0	0	0	0	0	0	0	0	0	0	0	138	0	0	0	0	0	0	0	16	0	0	0	0	0	0	0	Bacteria; Firmicutes; Bacilli; Bacillales; Bacillaceae; Unidentified_Bacillaceae
bffcb074aaa36bb946dfa9c4ddc60206	0	0	0	0	0	0	0	0	0	0	0	0	0	0	0	0	0	8	0	0	0	0	10	0	50	0	0	48	38	0	Bacteria; Actinobacteria; Actinobacteria; Pseudonocardiales; Pseudonocardiaceae; Saccharopolyspora
ae441d62a6d4edc321b736bcc6101974	0	0	0	0	0	0	0	0	0	0	0	0	0	0	0	0	0	0	0	0	72	82	0	0	0	0	0	0	0	0	Bacteria; Proteobacteria; Gammaproteobacteria; Enterobacteriales; Enterobacteriaceae; Unidentified_Enterobacteriaceae
a870a79d36379a9db7491d2ab4396a80	0	0	0	0	0	0	0	0	0	0	0	0	0	0	0	0	0	0	0	0	0	0	0	0	154	0	0	0	0	0	Bacteria; Actinobacteria; Actinobacteria; Micrococcales; Promicromonosporaceae; Promicromonospora
7d58b73b13de6e7980febf7dd1a7fe76	0	0	0	0	0	0	0	0	0	0	0	0	0	0	0	0	0	0	0	0	0	0	0	0	0	0	0	154	0	0	Bacteria; Proteobacteria; Gammaproteobacteria; Enterobacteriales; Enterobacteriaceae; Unidentified_Enterobacteriaceae
de4f260daca601d0fc621e453bf45865	0	0	0	0	0	0	0	0	0	0	0	0	18	32	16	16	36	34	0	0	0	0	0	0	0	0	0	0	0	0	Bacteria; Proteobacteria; Gammaproteobacteria; Betaproteobacteriales; Burkholderiaceae; Comamonas
9647664bae93fef4beca392530bb337e	0	0	0	0	0	0	0	0	0	0	0	0	0	0	0	0	0	0	0	0	0	0	0	0	0	0	12	32	50	56	Bacteria; Proteobacteria; Alphaproteobacteria; Rhizobiales; Devosiaceae; Unidentified_Devosiaceae
cf6caddae2125bce619b988844351245	0	0	0	0	0	0	0	0	0	0	0	0	22	22	12	44	24	24	0	0	0	0	0	0	0	0	0	0	0	0	Bacteria; Bacteroidetes; Bacteroidia; Sphingobacteriales; Sphingobacteriaceae; Sphingobacterium
614913c22ead188f27080ca4fb35d609	0	0	0	0	0	0	0	0	0	0	0	0	16	20	24	20	36	26	0	0	0	6	0	0	0	0	0	0	0	0	Bacteria; Bacteroidetes; Bacteroidia; Sphingobacteriales; Sphingobacteriaceae; Sphingobacterium
68aed7ba53017323ad73c813aa0619ac	0	0	0	0	0	0	0	0	0	0	0	0	0	0	0	0	0	0	0	0	0	0	0	0	68	0	0	32	16	32	Bacteria; Firmicutes; Clostridia; Clostridiales; Lachnospiraceae; Unidentified_Lachnospiraceae
e585011e757915107fe9c8cde0b89c57	0	0	0	0	0	0	0	0	0	0	0	0	0	0	0	0	0	0	0	0	0	0	0	0	30	30	6	60	16	6	Bacteria; Proteobacteria; Gammaproteobacteria; Xanthomonadales; Rhodanobacteraceae; Pseudofulvimonas
8cc5a4d36fbb8f00010f21766d80a401	0	0	0	0	0	0	0	0	0	0	0	0	0	0	0	0	0	0	0	0	0	0	0	0	20	22	0	26	52	26	Bacteria; Firmicutes; Bacilli; Bacillales; Bacillaceae; Caldibacillus
00f9395bd7f0ab7e30ac3a3348a99321	0	0	0	0	0	0	0	0	0	0	0	0	0	0	0	0	0	0	0	0	0	0	0	0	70	16	8	26	0	24	Bacteria; Firmicutes; Clostridia; Clostridiales; Lachnospiraceae; Anaerocolumna
35570a508b77bc034851413f7038b1cb	0	0	0	0	0	0	0	0	0	0	0	0	0	0	0	0	0	0	0	0	0	0	0	0	8	64	8	42	12	8	Bacteria; Proteobacteria; Gammaproteobacteria; Pseudomonadales; Pseudomonadaceae; Pseudomonas
e87b36f683ac18343d9533262829b093	0	0	0	0	0	0	0	0	0	0	0	0	0	0	0	0	0	0	0	0	0	0	0	0	96	0	8	0	36	0	Bacteria; Bacteroidetes; Bacteroidia; Sphingobacteriales; Sphingobacteriaceae; Mucilaginibacter
27b5f6540ea76a79015bbdddfc8c771c	0	0	0	0	0	0	0	0	0	0	0	0	0	0	0	0	0	0	0	0	0	0	0	0	28	16	6	18	28	44	Bacteria; Proteobacteria; Deltaproteobacteria; Myxococcales; Unidentified_Myxococcales; Unidentified_Myxococcales
649f2efd13df2dff8125deb6f1a44f58	0	0	0	0	0	0	0	0	0	0	0	0	30	24	0	0	40	44	0	0	0	0	0	0	0	0	0	0	0	0	Bacteria; Proteobacteria; Gammaproteobacteria; Oceanospirillales; Halomonadaceae; Halomonas
0abcabb7a1370eb3f560e75964fbf5dd	0	0	0	0	0	0	0	0	0	0	0	0	0	0	0	0	0	0	0	0	0	0	0	0	64	16	0	28	0	30	Bacteria; Bacteroidetes; Bacteroidia; Cytophagales; Cyclobacteriaceae; Unidentified_Cyclobacteriaceae
a42f24568d423737641fa9020726f076	0	0	0	0	0	0	0	0	0	0	0	0	0	0	0	0	0	0	0	0	0	0	0	0	34	20	0	42	28	14	Bacteria; Actinobacteria; Actinobacteria; Propionibacteriales; Propionibacteriaceae; Jiangella
76f3df5cf5d1d296eccca8285c9df30b	0	0	0	0	0	0	0	0	0	0	0	0	0	0	0	0	0	0	0	0	0	0	0	0	0	46	0	30	0	62	Bacteria; Proteobacteria; Alphaproteobacteria; Rhodobacterales; Rhodobacteraceae; Paracoccus
bea2195b73fb4fa31526e16919b7419e	0	0	0	0	0	0	0	0	0	0	0	0	18	10	0	40	26	28	0	0	14	0	0	0	0	0	0	0	0	0	Bacteria; Firmicutes; Bacilli; Bacillales; Bacillaceae; Oceanobacillus
7e3d269a4c3154ee95490c079472cf0d	0	0	0	0	0	0	0	0	0	0	0	0	0	0	0	0	0	0	0	0	0	0	0	0	34	26	0	42	0	34	Bacteria; Firmicutes; Bacilli; Bacillales; Paenibacillaceae; Paenibacillus
cec6368afbd6427acd86327b28bf7f22	0	0	0	0	0	0	0	0	0	0	0	0	0	0	0	0	0	0	0	0	0	0	0	0	24	30	0	46	36	0	Bacteria; Proteobacteria; Alphaproteobacteria; Sphingomonadales; Sphingomonadaceae; Unidentified_Sphingomonadaceae
6418445af6ab6f8fc3f35290013366fe	0	0	0	0	0	0	0	0	0	0	0	0	0	42	0	28	42	0	0	0	0	0	0	22	0	0	0	0	0	0	Bacteria; Firmicutes; Bacilli; Bacillales; Bacillaceae; Oceanobacillus
91e29f613213865758421e941c7848e2	0	0	0	0	0	0	0	10	10	38	62	12	0	0	0	0	0	0	0	0	0	0	0	0	0	0	0	0	0	0	Bacteria; Actinobacteria; Actinobacteria; Micrococcales; Microbacteriaceae; Agromyces
ceb94185d94de57454a733c9708107ff	0	0	0	0	0	0	0	0	0	0	0	0	8	24	10	14	30	28	0	0	18	0	0	0	0	0	0	0	0	0	Bacteria; Bacteroidetes; Bacteroidia; Sphingobacteriales; Sphingobacteriaceae; Sphingobacterium
80b368aaafec453953ee26b2f2505d3d	0	0	0	0	0	0	0	0	0	0	0	0	0	0	0	0	62	32	0	0	0	0	0	14	24	0	0	0	0	0	Bacteria; Bacteroidetes; Bacteroidia; Sphingobacteriales; Sphingobacteriaceae; Sphingobacterium
bb3d8371e40c258a0280970a2cd65c3a	0	0	0	0	0	0	0	0	0	0	0	0	0	0	0	0	0	0	0	0	0	0	0	0	98	0	0	34	0	0	Bacteria; Proteobacteria; Gammaproteobacteria; Betaproteobacteriales; Burkholderiaceae; Bordetella
fb906ac4f2e65147fa0feed2bcd39b55	0	0	0	0	0	0	0	0	0	0	0	0	0	46	42	0	14	28	0	0	0	0	0	0	0	0	0	0	0	0	Bacteria; Actinobacteria; Actinobacteria; Streptomycetales; Streptomycetaceae; Streptomyces
1bc4ff524a0113bdb8956d7f25d6c491	0	0	0	0	0	0	0	0	0	0	0	0	0	0	0	0	0	0	0	0	0	0	0	0	26	0	0	42	30	32	Bacteria; Proteobacteria; Gammaproteobacteria; Betaproteobacteriales; Burkholderiaceae; Cupriavidus
bd63171b2e79387764c03eaf06c38949	0	0	0	0	0	0	0	0	0	0	0	0	0	0	0	0	0	0	0	0	0	0	0	0	22	0	18	20	52	18	Bacteria; Bacteroidetes; Ignavibacteria; OPB56; Unidentified; Unidentified
0576b41cf090e935ce2a3257a20d7220	0	0	0	0	0	0	0	0	0	0	0	0	0	0	0	0	0	0	0	0	0	0	0	0	24	24	8	24	30	18	Bacteria; Proteobacteria; Gammaproteobacteria; Betaproteobacteriales; Rhodocyclaceae; Unidentified_Rhodocyclaceae
db5d5066a3177a94d4ce876e6b1ac340	0	0	0	0	0	0	0	0	0	0	0	0	0	0	0	0	0	0	18	0	38	0	38	32	0	0	0	0	0	0	Bacteria; Firmicutes; Bacilli; Bacillales; Bacillaceae; Terribacillus
d4ce783a3748eee1c33cf739058f427c	0	0	0	0	0	0	0	0	0	0	0	0	0	0	0	0	0	0	0	0	0	0	0	0	86	0	0	26	0	14	Bacteria; Proteobacteria; Deltaproteobacteria; Myxococcales; Sandaracinaceae; Sandaracinus
7521edd61e578d0d49cfd01fbf8cc2f5	0	0	0	0	0	0	0	0	0	0	0	0	0	0	0	0	0	0	0	0	0	0	0	0	66	14	8	18	0	20	Bacteria; Proteobacteria; Gammaproteobacteria; Xanthomonadales; Xanthomonadaceae; Xanthomonas
cb31d0590ac4ebc55c78d0a62446107f	0	0	0	0	0	0	0	0	0	0	0	0	0	0	0	0	0	0	0	0	0	0	0	0	32	24	0	0	44	26	Bacteria; Proteobacteria; Alphaproteobacteria; Rhizobiales; D05-2; uncultured_bacterium
209f8e077e651d0b1bdd82da0ddd9abd	0	0	0	0	0	0	0	0	0	0	0	0	0	0	0	0	0	0	0	0	0	0	0	0	28	0	0	62	22	14	Bacteria; Actinobacteria; Actinobacteria; Pseudonocardiales; Pseudonocardiaceae; Actinokineospora
ccbb8ace7b62eb3aacd770e926d52342	0	0	0	0	0	0	0	0	0	0	0	0	0	0	0	0	0	0	0	0	0	0	0	0	20	10	0	16	60	20	Bacteria; Proteobacteria; Gammaproteobacteria; Unidentified_Gammaproteobacteria; Unidentified_Gammaproteobacteria; Unidentified_Gammaproteobacteria
d386877ea0be9fc5818d7d80582bf25c	0	0	0	0	0	0	0	0	0	0	0	0	0	0	0	0	0	0	0	0	0	0	0	0	12	14	0	34	52	14	Bacteria; Proteobacteria; Alphaproteobacteria; Rhodospirillales; Magnetospirillaceae; Unidentified_Magnetospirillaceae
ed083a414c4df70b910d2809809e2016	0	0	0	0	0	0	0	0	0	0	0	0	0	0	0	0	0	0	0	0	0	0	0	0	68	0	0	36	20	0	Bacteria; Actinobacteria; Actinobacteria; Streptosporangiales; Nocardiopsaceae; Thermobifida
d676e025fb7484f8c8f79dc642805d70	0	0	0	0	0	0	0	0	0	0	0	0	0	0	0	0	0	0	0	0	0	0	0	0	0	46	0	16	40	22	Bacteria; Proteobacteria; Gammaproteobacteria; Enterobacteriales; Enterobacteriaceae; Citrobacter
bd51318e79c17d62a16f7a17ed6ccde1	0	0	0	0	0	0	0	0	0	0	0	0	0	0	0	0	0	0	0	0	0	0	0	0	0	24	18	48	34	0	Bacteria; Actinobacteria; Thermoleophilia; Solirubrobacterales; 67-14; uncultured_bacterium
59fc3cd0ce5e43cc3279f0e22e98e246	0	0	0	0	0	0	0	0	0	0	0	0	0	0	0	0	0	0	0	0	0	0	0	0	98	0	8	16	0	0	Bacteria; Bacteroidetes; Bacteroidia; Sphingobacteriales; Sphingobacteriaceae; Parapedobacter
33bbf1617f1e992dfe01f450fc8e6181	0	0	0	0	0	0	0	0	0	0	0	0	0	0	0	0	0	0	0	0	0	0	0	0	50	18	0	32	14	8	Bacteria; Proteobacteria; Alphaproteobacteria; Caulobacterales; Caulobacteraceae; Phenylobacterium
7c076f2c01cc5166dba4367eac24d1d8	0	0	0	0	0	0	0	0	0	0	0	0	0	0	0	0	0	0	0	0	0	0	0	0	44	0	0	14	20	44	Bacteria; Proteobacteria; Gammaproteobacteria; Betaproteobacteriales; Rhodocyclaceae; Azoarcus
ce1efcee5150e76f573976d596503da9	0	0	0	0	0	0	0	0	0	0	0	0	0	0	0	0	0	0	0	0	0	0	0	0	40	0	0	72	10	0	Bacteria; Firmicutes; Bacilli; Bacillales; Paenibacillaceae; Saccharibacillus
7c19a9b892daef4ed60e1d9c8f57f568	0	0	0	0	0	0	0	0	0	0	0	0	0	0	0	0	0	0	0	0	0	0	0	120	0	0	0	0	0	0	Bacteria; Bacteroidetes; Bacteroidia; Chitinophagales; Chitinophagaceae; Chitinophaga
652a250bc3c011f769c23940696c54b8	0	0	0	0	0	0	0	0	0	0	0	0	0	0	0	0	0	0	0	0	0	0	0	0	66	0	0	0	0	54	Bacteria; Bacteroidetes; Bacteroidia; Sphingobacteriales; Sphingobacteriaceae; Parapedobacter
1822a8e2ba8e50b3c539e9a898090008	0	0	0	0	0	0	0	0	0	0	0	0	0	0	0	0	0	0	0	0	0	0	0	0	52	0	0	0	24	44	Bacteria; Firmicutes; Clostridia; Clostridiales; Clostridiaceae_2; Unidentified_Alkaliphilus
580e5d647aef1f2b1ccc0fba3c4a526e	0	0	0	0	0	0	0	0	0	0	0	0	0	0	0	0	0	0	0	0	0	0	0	0	40	0	16	0	40	24	Bacteria; Proteobacteria; Gammaproteobacteria; Xanthomonadales; Xanthomonadaceae; Luteimonas
00affce36db20592347460422d01ef99	0	0	0	0	0	0	0	0	0	0	0	0	0	0	0	0	0	0	0	0	0	0	0	0	34	26	0	0	48	12	Bacteria; Proteobacteria; Gammaproteobacteria; Steroidobacterales; Steroidobacteraceae; Unidentified_Steroidobacteraceae
b00d85f82b5020f52769c1320652f48e	0	0	0	0	0	0	0	0	0	0	0	0	0	0	0	0	0	0	0	0	0	0	0	0	24	30	26	18	0	22	Bacteria; Actinobacteria; Actinobacteria; Pseudonocardiales; Pseudonocardiaceae; Saccharopolyspora
44ae66c9eda691f131b89a01b6f703b7	0	0	0	0	0	0	0	0	0	0	0	0	0	0	0	0	0	0	0	0	0	0	0	0	42	40	0	0	0	36	Bacteria; Firmicutes; Bacilli; Bacillales; Paenibacillaceae; Brevibacillus
efabb9fc719a210b1ecb1bf110742684	0	0	0	0	0	0	0	0	0	0	0	0	0	0	0	0	0	0	0	0	0	0	0	0	38	26	8	46	0	0	Bacteria; Proteobacteria; Deltaproteobacteria; Myxococcales; Sandaracinaceae; uncultured
b6916da5f6c0f4851930dc9b4076ce05	0	0	0	0	0	0	0	0	0	0	0	0	0	0	0	0	0	0	0	0	0	0	0	0	24	36	0	24	34	0	Bacteria; Proteobacteria; Gammaproteobacteria; Xanthomonadales; Xanthomonadaceae; Luteimonas
36e21eb61d5b6a3ada0142466aecc657	0	0	0	0	0	0	0	0	0	0	0	0	0	0	0	0	0	0	20	22	24	0	50	0	0	0	0	0	0	0	Bacteria; Proteobacteria; Gammaproteobacteria; Pseudomonadales; Pseudomonadaceae; Pseudomonas
e271edc2cf3df9f65376272f1416f604	0	0	0	0	0	0	0	0	0	0	0	0	0	0	0	0	0	0	0	0	0	0	0	0	0	38	0	38	40	0	Bacteria; Proteobacteria; Alphaproteobacteria; Rhizobiales; Xanthobacteraceae; Pseudorhodoplanes
d114fb4c335125128be28401522dd41a	0	0	0	0	0	0	0	0	0	0	0	0	16	24	10	14	0	22	0	0	14	12	0	0	0	0	0	0	0	0	Bacteria; Firmicutes; Bacilli; Lactobacillales; Streptococcaceae; Lactococcus
7e7ef13ec554f16d9017f0efeee57357	0	0	0	0	0	0	0	0	0	0	0	0	0	0	0	0	2	0	0	0	0	0	0	0	48	16	0	6	0	40	Bacteria; Planctomycetes; Phycisphaerae; Phycisphaerales; Phycisphaeraceae; SM1A02
edcbcbaf5bad699402e9db9d5528a9c5	0	0	0	0	0	0	0	0	0	0	0	0	0	0	0	0	0	0	0	0	0	0	0	0	112	0	0	0	0	0	Bacteria; Actinobacteria; Actinobacteria; Glycomycetales; Glycomycetaceae; Glycomyces
c4ef798367bb58b811628cd58199480e	0	0	0	0	0	0	0	0	0	0	0	0	0	0	0	0	0	0	0	0	0	0	0	0	28	22	0	30	32	0	Bacteria; Firmicutes; Bacilli; Bacillales; Paenibacillaceae; Paenibacillus
f8ae52e81e69f3554f088b08e4fe9af3	0	0	0	0	0	0	0	0	0	0	0	0	0	0	0	0	0	0	0	0	0	0	0	0	20	10	0	20	40	22	Bacteria; Firmicutes; Bacilli; Bacillales; Paenibacillaceae; Paenibacillus
1b252fd446d25647aa2db66ac34342b0	0	0	0	0	0	0	0	0	0	0	0	0	14	14	40	18	16	8	0	0	0	0	0	0	0	0	0	0	0	0	Bacteria; Firmicutes; Bacilli; Lactobacillales; Carnobacteriaceae; Jeotgalibaca
2ddce1f286fc89b9827f11dfa26174a1	0	0	0	0	0	0	0	0	0	0	0	0	26	0	22	0	0	50	0	0	0	10	0	0	0	0	0	0	0	0	Bacteria; Firmicutes; Bacilli; Bacillales; Bacillaceae; Oceanobacillus
c04881effbe5691ffaf3becb33875410	0	0	0	0	0	0	0	0	0	0	0	0	0	0	0	0	0	0	0	0	0	0	0	0	0	22	0	24	46	16	Bacteria; Bacteroidetes; Bacteroidia; Cytophagales; Microscillaceae; uncultured
f1be300df01babcf1897e6103507179f	0	0	0	0	0	0	0	0	0	0	0	0	0	0	0	0	0	0	0	0	0	0	0	0	0	6	12	28	62	0	Bacteria; Chloroflexi; Chloroflexia; Thermomicrobiales; JG30-KF-CM45; Unidentified
daed5a5e05797a803338c4210f1d88c7	0	0	0	0	0	0	0	0	0	0	0	0	0	0	0	16	0	0	0	0	0	0	0	90	0	0	0	0	0	0	Bacteria; Proteobacteria; Gammaproteobacteria; Pseudomonadales; Pseudomonadaceae; Pseudomonas
dc9b26765f42dfc56354d89c670f96a9	0	0	0	0	0	0	0	0	0	0	0	0	0	0	0	0	0	0	0	0	0	0	0	0	54	0	0	0	0	52	Bacteria; Proteobacteria; Gammaproteobacteria; Betaproteobacteriales; Burkholderiaceae; Unidentified_Burkholderiaceae
e7dbd16dd474b4ff4ac63be46cd726c2	0	0	0	0	0	0	0	0	0	0	0	0	0	0	0	0	0	0	0	0	0	0	0	0	0	42	0	36	28	0	Bacteria; Proteobacteria; Gammaproteobacteria; Betaproteobacteriales; Burkholderiaceae; Verticia
16ae83d44889d55c0a8f6dd065920f04	0	0	0	0	0	0	0	0	0	0	0	0	0	0	0	0	0	0	0	0	0	0	0	0	72	0	0	18	14	0	Bacteria; Actinobacteria; Actinobacteria; Pseudonocardiales; Pseudonocardiaceae; Amycolatopsis
7ab6d6c44ea184a26e08f089137f84cf	0	0	0	0	0	0	0	0	0	0	0	0	0	0	0	0	0	0	0	0	0	0	0	0	52	42	10	0	0	0	Bacteria; Bacteroidetes; Bacteroidia; Cytophagales; Microscillaceae; Chryseolinea
d4b9adf95e9ad561faf83d213febb17c	0	0	0	0	0	0	0	0	0	0	0	0	0	0	0	0	0	0	0	0	0	0	0	0	0	16	0	0	64	24	Bacteria; Proteobacteria; Gammaproteobacteria; Betaproteobacteriales; Burkholderiaceae; Bordetella
9af3467db68cf6063627304cecd46a65	0	36	22	0	20	0	0	0	0	0	0	0	0	0	0	0	0	0	0	0	0	24	0	0	0	0	0	0	0	0	Bacteria; Proteobacteria; Gammaproteobacteria; Pseudomonadales; Pseudomonadaceae; Pseudomonas
d16d3d7b2b8fc5647fa0d38b1a577aa8	0	0	2	0	0	0	0	0	0	0	0	0	0	0	0	0	0	0	0	0	0	0	0	0	42	24	0	14	20	0	Bacteria; Gemmatimonadetes; Longimicrobia; Longimicrobiales; Longimicrobiaceae; uncultured_bacterium
35f0ca5ced3b552b824acf3beb91e86c	0	0	0	0	2	0	0	0	0	0	0	0	0	0	0	0	0	0	0	0	0	0	0	0	28	16	0	42	0	14	Bacteria; Proteobacteria; Alphaproteobacteria; Tistrellales; Geminicoccaceae; Unidentified_Geminicoccaceae
cb0db18277323b1f0db8a57fef080696	0	0	0	0	0	0	0	0	0	0	0	0	0	0	0	6	0	16	10	10	20	0	0	40	0	0	0	0	0	0	Bacteria; Firmicutes; Bacilli; Lactobacillales; Carnobacteriaceae; Desemzia
82e38e1a4cef1898a832f26deb124821	0	0	0	0	0	0	0	0	0	0	0	0	0	0	0	0	0	16	0	0	8	0	0	0	0	0	0	0	0	76	Bacteria; Proteobacteria; Gammaproteobacteria; Xanthomonadales; Xanthomonadaceae; Luteimonas
752f62c6b63b23976b1a84dbb5709e48	0	0	0	0	0	0	0	0	0	0	0	0	0	0	0	0	0	0	16	20	22	0	24	18	0	0	0	0	0	0	Bacteria; Proteobacteria; Gammaproteobacteria; Pseudomonadales; Pseudomonadaceae; Pseudomonas
58991b24c2ab55df2661809efc56299e	0	0	0	0	0	0	0	0	0	0	0	0	0	0	0	0	0	0	0	0	0	0	0	0	92	0	0	8	0	0	Bacteria; Planctomycetes; Planctomycetacia; Pirellulales; Pirellulaceae; uncultured
cfed2af103f6f285a526df6f18f98ff1	0	0	0	0	0	0	0	0	0	0	0	0	0	0	0	0	0	0	0	0	0	0	0	0	46	0	10	22	16	6	Bacteria; Bacteroidetes; Bacteroidia; Sphingobacteriales; Sphingobacteriaceae; Sphingobacterium
1354d8eddb9222983aca5a2fd2c6c7a5	0	0	0	0	0	0	0	0	0	6	0	10	10	0	0	0	0	4	0	0	0	0	0	0	0	18	4	18	8	20	Bacteria; Actinobacteria; Actinobacteria; Micrococcales; Brevibacteriaceae; Brevibacterium
8d8eb5b2d7e3513d154a2638e07a5592	0	0	0	0	0	0	0	0	0	0	0	0	0	16	0	0	18	58	0	0	0	0	6	0	0	0	0	0	0	0	Bacteria; Bacteroidetes; Bacteroidia; Sphingobacteriales; Sphingobacteriaceae; Olivibacter
2bbb28b70c3a3757e48663f4d0003ecc	0	0	0	0	0	0	0	0	0	0	0	0	0	0	0	0	0	0	0	38	0	18	28	14	0	0	0	0	0	0	Bacteria; Proteobacteria; Alphaproteobacteria; Sphingomonadales; Sphingomonadaceae; Sphingobium
93c45f463d838fa1c1f19e1fea6b25aa	0	0	0	0	0	0	0	0	0	0	0	0	0	0	0	0	0	0	0	0	0	0	0	0	50	16	4	0	24	4	Bacteria; Proteobacteria; Alphaproteobacteria; Rhizobiales; Rhizobiaceae; Ochrobactrum
55ca1bb9fb4ebc5f2e296af250bafe4c	0	0	0	0	0	0	0	0	0	0	0	0	0	0	0	0	0	0	0	0	0	0	0	0	0	0	0	0	98	0	Bacteria; Proteobacteria; Gammaproteobacteria; Pseudomonadales; Pseudomonadaceae; Pseudomonas
d11ef81cd8ab0dfa7a44a92acae1ccfb	0	0	0	0	0	0	0	12	8	34	22	14	0	0	0	0	0	0	0	6	0	0	0	0	0	0	0	0	0	0	Bacteria; Actinobacteria; Actinobacteria; Propionibacteriales; Nocardioidaceae; Nocardioides
ad12971ed14f2ae74a19836a0e727712	0	0	0	0	0	0	0	0	0	0	0	0	28	0	4	6	24	34	0	0	0	0	0	0	0	0	0	0	0	0	Bacteria; Firmicutes; Bacilli; Lactobacillales; Lactobacillaceae; Lactobacillus
96f1bb55034f5d5ac120a7a97096258e	0	0	0	0	0	0	0	0	0	0	0	0	22	14	14	10	14	22	0	0	0	0	0	0	0	0	0	0	0	0	Bacteria; Proteobacteria; Gammaproteobacteria; Alteromonadales; Idiomarinaceae; Aliidiomarina
9c49c694a177e61ab5663cf5ee077b8e	0	0	0	0	0	0	0	0	0	0	0	0	0	8	0	8	20	32	0	0	0	0	4	0	24	0	0	0	0	0	Bacteria; Proteobacteria; Alphaproteobacteria; Caulobacterales; Caulobacteraceae; Brevundimonas
7d977d405b1509dacde326d31afd953b	0	0	0	0	0	0	0	0	0	0	0	0	0	0	0	0	0	0	0	0	0	0	0	0	50	0	0	0	44	0	Bacteria; Proteobacteria; Alphaproteobacteria; Rhizobiales; Unidentified_Rhizobiales; Unidentified_Rhizobiales
04e01841a5e1bf33dcc6bb33c6380138	0	0	0	0	0	0	0	0	0	0	0	0	0	0	0	0	0	0	0	0	0	0	0	0	0	0	0	0	94	0	Bacteria; Actinobacteria; Actinobacteria; Corynebacteriales; Mycobacteriaceae; Mycobacterium
f7d3b2a3fcbe651505300e402a426612	0	0	0	0	0	0	0	0	0	0	0	0	16	26	0	0	26	24	0	0	0	0	0	0	0	0	0	0	0	0	Bacteria; Bacteroidetes; Bacteroidia; Sphingobacteriales; Sphingobacteriaceae; Sphingobacterium
25a5b2d5248f47cd86bf8a0a88d63d30	0	0	0	0	0	0	0	0	0	0	0	0	0	0	0	0	0	0	0	0	0	0	0	0	92	0	0	0	0	0	Bacteria; Firmicutes; Bacilli; Bacillales; Paenibacillaceae; Paenibacillus
80216a3ffac632de16b43cec71e2e19d	0	0	0	0	0	0	0	0	0	0	0	0	0	14	22	0	20	16	0	0	0	0	0	0	0	0	0	0	18	0	Bacteria; Proteobacteria; Gammaproteobacteria; Betaproteobacteriales; Burkholderiaceae; Unidentified_Burkholderiaceae
bd851468e4286eae0de33078e905e1a5	0	0	0	0	0	0	0	0	0	0	0	0	0	0	0	0	0	0	0	0	0	0	0	0	60	8	0	6	0	16	Bacteria; Proteobacteria; Alphaproteobacteria; Rhizobiales; Unidentified_Rhizobiales; Unidentified_Rhizobiales
b4da27493e30179412d7b53101b6e530	0	0	0	0	0	0	0	0	0	0	0	0	0	0	0	0	0	0	0	0	0	0	0	0	54	0	0	18	18	0	Bacteria; Proteobacteria; Gammaproteobacteria; Pseudomonadales; Moraxellaceae; Unidentified_Moraxellaceae
739ed27395412458a2bdcfa1e5f86a86	0	0	0	0	0	0	0	0	0	0	0	0	0	0	0	0	0	0	0	0	0	0	0	0	40	14	0	12	20	4	Bacteria; WS2; uncultured_bacterium; uncultured_bacterium; uncultured_bacterium; uncultured_bacterium
adb0ab5a91cc1df090c6f9ceb81717b9	0	0	0	0	0	0	0	0	0	0	0	0	0	0	0	0	0	0	0	0	0	0	0	0	38	0	8	0	44	0	Bacteria; Firmicutes; Clostridia; Clostridiales; Family_XI; Sedimentibacter
703533f92f6450522d42408098309467	0	0	0	0	0	0	0	0	0	0	0	0	0	0	0	0	0	0	0	0	0	0	0	0	34	0	0	56	0	0	Bacteria; Proteobacteria; Gammaproteobacteria; Xanthomonadales; Xanthomonadaceae; Luteimonas
cf3381318906e1e08f58bca905636dc0	0	0	0	0	0	0	0	0	0	0	0	0	0	0	0	0	0	0	0	0	0	0	0	0	0	28	0	18	16	28	Bacteria; Proteobacteria; Alphaproteobacteria; Rhizobiales; Rhizobiaceae; Allorhizobium-Neorhizobium-Pararhizobium-Rhizobium
170e90dc24f792b43621635c1a4207c8	0	0	0	0	0	0	0	0	0	0	0	0	0	0	0	0	0	0	0	0	0	0	0	0	0	22	0	14	22	32	Bacteria; Proteobacteria; Alphaproteobacteria; Rhizobiales; Unidentified_Rhizobiales; Unidentified_Rhizobiales
964f34907444dd43ed504b24f3687ff3	0	0	0	0	0	0	0	0	0	0	0	0	0	0	0	0	0	0	0	0	0	0	0	0	0	0	0	44	46	0	Bacteria; Actinobacteria; Actinobacteria; Micrococcales; Microbacteriaceae; Unidentified_Microbacteriaceae
1701c443976bb3a9d2509062f75eed6e	0	0	0	0	0	0	0	0	0	0	0	0	16	10	4	14	36	8	0	0	0	0	0	0	0	0	0	0	0	0	Bacteria; Bacteroidetes; Bacteroidia; Sphingobacteriales; Sphingobacteriaceae; Sphingobacterium
6eeab3fb5a99cca2f0a584047433a90b	0	0	0	0	0	0	0	0	0	0	0	0	12	24	30	0	22	0	0	0	0	0	0	0	0	0	0	0	0	0	Bacteria; Actinobacteria; Actinobacteria; Micrococcales; Microbacteriaceae; Leucobacter
26a703505b0a2fb905183e193cc3fb76	0	0	0	0	0	0	0	0	0	0	0	0	0	0	0	0	0	0	0	0	0	0	0	0	44	12	0	18	0	14	Bacteria; Proteobacteria; Gammaproteobacteria; Alteromonadales; Alteromonadaceae; Alishewanella
2ef183f6797f1c77b6cde046c29442fe	0	0	0	0	0	0	0	0	0	0	0	0	0	0	0	0	0	0	0	0	0	0	0	0	0	0	0	28	42	18	Bacteria; Actinobacteria; Thermoleophilia; Solirubrobacterales; 67-14; uncultured_bacterium
ddfd49f939f92958b1ec816741055348	0	0	0	0	0	0	0	0	0	0	0	18	38	0	0	0	30	0	0	0	0	0	0	0	0	0	0	0	0	0	Bacteria; Proteobacteria; Gammaproteobacteria; Betaproteobacteriales; Burkholderiaceae; Ralstonia
6e73ea5d1d3a7031b5ea10f57e21b192	0	0	0	0	0	0	0	0	0	0	0	0	30	14	0	14	8	8	0	0	0	0	0	12	0	0	0	0	0	0	Bacteria; Actinobacteria; Actinobacteria; Pseudonocardiales; Pseudonocardiaceae; Saccharopolyspora
32d5457c2dd057df2fb0e8d228f457a2	0	0	0	0	0	0	0	0	0	2	0	0	0	0	0	0	0	0	0	0	0	0	0	0	36	0	0	18	28	0	Bacteria; Deinococcus-Thermus; Deinococci; Deinococcales; Trueperaceae; Truepera
886d36ccaf48935d1ffb981b44d4e656	0	0	0	0	0	0	0	0	0	0	0	0	0	14	0	16	26	28	0	0	0	0	0	0	0	0	0	0	0	0	Bacteria; Firmicutes; Bacilli; Bacillales; Bacillaceae; Bacillus
40ffac9cd8b8ef62bba893e2223310f0	0	0	0	0	0	0	0	0	0	0	0	0	0	0	0	0	0	0	0	0	0	0	0	0	84	0	0	0	0	0	Bacteria; Proteobacteria; Gammaproteobacteria; Betaproteobacteriales; Burkholderiaceae; Unidentified_Burkholderiaceae
4d8dc7d2680be3be1e744ac62565e3a6	0	0	0	0	0	0	0	0	0	0	0	0	0	0	0	0	0	0	0	0	0	0	0	0	68	0	16	0	0	0	Bacteria; Proteobacteria; Alphaproteobacteria; Rhizobiales; Beijerinckiaceae; Microvirga
b678c1fe1a67aafbfdfedcf1029afab5	0	0	0	0	0	0	0	0	0	0	0	0	0	0	0	0	0	0	0	0	0	0	0	0	64	0	6	0	0	14	Bacteria; Proteobacteria; Alphaproteobacteria; Rhizobiales; Xanthobacteraceae; uncultured
5f61980d8c260f7727c487b83d67999d	0	0	0	0	0	0	0	0	0	0	0	0	0	0	0	0	0	0	0	0	0	0	0	0	0	0	0	34	20	30	Bacteria; Actinobacteria; Thermoleophilia; Solirubrobacterales; 67-14; uncultured_bacterium
9d127ac8ec1a7b03befe92229847b811	0	0	0	0	0	0	0	0	0	0	0	0	0	0	0	0	0	0	0	0	0	0	0	0	24	20	0	20	18	0	Bacteria; Actinobacteria; Thermoleophilia; Solirubrobacterales; Solirubrobacteraceae; Solirubrobacter
f781af976c6b679c4c243a714f1da726	0	0	0	0	0	0	0	0	0	0	0	0	0	0	0	0	0	0	0	0	0	0	0	0	20	0	0	34	28	0	Bacteria; Proteobacteria; Alphaproteobacteria; Rhizobiales; D05-2; uncultured_bacterium
fea18001eae3a7a835e2eb2b40c7fe47	0	0	0	0	0	0	0	0	0	0	0	0	0	0	0	0	0	0	0	0	0	0	0	0	18	0	0	24	22	18	Bacteria; Proteobacteria; Deltaproteobacteria; Myxococcales; BIrii41; uncultured_bacterium
a60f0b4bc20e5a162b45b3d2ed7a0d6c	0	0	6	0	0	0	0	0	0	18	0	10	0	18	0	0	14	14	0	0	0	0	0	0	0	0	0	0	0	0	Bacteria; Proteobacteria; Alphaproteobacteria; Caulobacterales; Caulobacteraceae; Caulobacter
943a9f0fef606ac9c31536907d1e8150	0	0	0	0	0	0	0	0	0	0	0	0	0	0	0	0	0	0	0	0	0	0	0	0	14	36	0	30	0	0	Bacteria; Proteobacteria; Alphaproteobacteria; Rhizobiales; Rhizobiaceae; Unidentified_Rhizobiaceae
aabe17fc85fc8f2e8a52caaeaa605ff0	0	0	0	0	0	0	0	0	0	0	0	0	0	0	0	0	0	0	0	0	0	0	0	0	10	6	0	18	14	32	Bacteria; Firmicutes; Clostridia; Clostridiales; Lachnospiraceae; Unidentified_Lachnospiraceae
c25343f9da8a8819a639f7acab454fd3	0	0	0	0	0	0	0	0	0	0	0	0	0	0	0	0	0	0	0	0	0	0	0	0	0	0	0	0	0	80	Bacteria; Bacteroidetes; Bacteroidia; Sphingobacteriales; Sphingobacteriaceae; Sphingobacterium
5837c626781bdfd1459f6ee3a31ac82f	0	0	0	0	0	0	0	0	0	0	0	0	8	0	0	20	24	14	0	0	0	0	6	6	0	0	0	0	0	0	Bacteria; Proteobacteria; Gammaproteobacteria; Xanthomonadales; Xanthomonadaceae; Pseudoxanthomonas
e8bdc11bcb32ef60dd15d94095c6c47e	0	0	0	0	0	0	0	0	0	0	0	0	0	0	0	0	0	0	0	0	0	0	0	0	0	0	0	0	48	30	Bacteria; Planctomycetes; Planctomycetacia; Pirellulales; Pirellulaceae; Unidentified_Pirellulaceae
97f2322886d2a62c592604f8c47ffb12	0	0	0	0	0	0	0	0	0	0	0	0	0	0	0	0	0	0	0	0	0	0	0	0	0	0	0	0	0	78	Bacteria; Proteobacteria; Gammaproteobacteria; Steroidobacterales; Steroidobacteraceae; Steroidobacter
9f2f738a607cb3d02f41b4661989b627	0	0	0	0	0	0	0	0	0	0	0	0	0	0	0	0	0	0	0	0	0	0	0	0	0	0	0	0	0	78	Bacteria; Planctomycetes; Planctomycetacia; Pirellulales; Pirellulaceae; Pirellula
a9f1305c99ab89b346b1b701f183fff0	0	0	0	0	0	0	0	0	0	0	0	0	20	0	0	0	42	0	0	0	0	14	0	0	0	0	0	0	0	0	Bacteria; Actinobacteria; Actinobacteria; Streptomycetales; Streptomycetaceae; Streptomyces
b250d27301547aede6c1d52ce67e6e2b	0	0	0	0	0	0	0	0	0	0	0	0	0	14	0	0	20	42	0	0	0	0	0	0	0	0	0	0	0	0	Bacteria; Firmicutes; Bacilli; Lactobacillales; Lactobacillaceae; Lactobacillus
6de747bf2d3c56f26c7d9509035abb01	0	0	0	0	0	0	0	0	0	0	0	0	0	0	0	0	0	0	0	0	0	0	0	0	76	0	0	0	0	0	Bacteria; Actinobacteria; Actinobacteria; Streptosporangiales; Thermomonosporaceae; Actinomadura
abe191133f6122d7e589824ddc7217e1	0	0	0	0	0	0	0	0	0	0	0	0	0	0	0	0	0	0	0	0	0	0	0	0	40	12	0	12	0	12	Bacteria; Firmicutes; Bacilli; Bacillales; Paenibacillaceae; Paenibacillus
330fe19b29e2431eb1166e87ef3aaefa	0	0	0	0	0	0	0	0	0	0	0	0	0	0	0	0	0	0	0	0	0	0	0	0	28	0	0	0	0	48	Bacteria; Firmicutes; Bacilli; Bacillales; Paenibacillaceae; Paenibacillus
dc833156df5cf571bb4d9ffca16a6fd9	0	0	0	0	0	0	0	0	0	0	0	0	0	0	0	0	0	0	0	0	0	0	0	0	20	20	0	18	18	0	Bacteria; Actinobacteria; Actinobacteria; Corynebacteriales; Mycobacteriaceae; Mycobacterium
5994ce6a099c3c587bfbe906332ff09c	0	0	0	0	0	0	0	0	0	0	0	0	0	0	0	0	0	0	0	0	0	0	0	0	0	16	6	8	24	22	Bacteria; Actinobacteria; Actinobacteria; Micrococcales; Unidentified_Micrococcales; Unidentified_Micrococcales
8c0f10e3df0bcc3b3db9afc09572bff9	0	0	0	0	0	0	0	0	0	0	0	0	0	0	0	0	0	0	0	0	0	0	0	0	0	0	0	26	26	24	Bacteria; Actinobacteria; Actinobacteria; Streptosporangiales; Streptosporangiaceae; Nonomuraea
394e4cdd1bcd439daf3c90864e9bb30f	0	0	0	0	2	0	0	0	0	0	0	0	0	0	0	0	0	0	0	0	0	0	0	0	30	16	0	10	4	12	Bacteria; Planctomycetes; Planctomycetacia; Pirellulales; Pirellulaceae; Pir4_lineage
b1ce61647c69c196af45a650447e01f7	0	0	0	0	0	0	0	0	0	0	0	74	0	0	0	0	0	0	0	0	0	0	0	0	0	0	0	0	0	0	Bacteria; Proteobacteria; Gammaproteobacteria; Pseudomonadales; Pseudomonadaceae; Pseudomonas
3481fa43fe5fba6aecdc7f9aae6ed9c0	0	0	0	0	0	0	0	0	0	0	0	0	0	18	0	0	30	0	0	0	6	0	0	0	0	0	0	12	8	0	Bacteria; Proteobacteria; Gammaproteobacteria; Enterobacteriales; Enterobacteriaceae; Unidentified_Enterobacteriaceae
bcf1a3b8ef114aebb821dcf53a4ed12e	0	0	0	0	0	0	0	0	0	0	0	0	0	0	0	0	0	0	0	0	0	0	0	0	48	0	0	26	0	0	Bacteria; Actinobacteria; Actinobacteria; Micrococcales; Cellulomonadaceae; Pseudactinotalea
c4f2d2330b8d1d3f6b1e8bdc0437043c	0	0	0	0	0	0	0	0	0	0	0	0	0	0	0	0	0	0	0	0	0	0	0	0	46	20	0	8	0	0	Bacteria; Gemmatimonadetes; Gemmatimonadetes; Gemmatimonadales; Gemmatimonadaceae; uncultured
0ae5531a9802e71139c959faebdde10c	0	2	0	0	0	0	0	0	0	0	0	0	0	0	0	8	0	0	0	0	0	0	0	0	40	0	0	14	0	8	Bacteria; Proteobacteria; Alphaproteobacteria; Reyranellales; Reyranellaceae; Reyranella
4ea59d33f520370432fb7cb625b56c12	0	0	0	0	0	0	0	0	0	0	0	0	0	0	0	0	0	0	0	0	0	0	0	0	72	0	0	0	0	0	Bacteria; Firmicutes; Bacilli; Bacillales; Paenibacillaceae; Paenibacillus
4898fce3ded8c4a01b0f9b3d8b06569b	0	0	0	0	0	0	0	0	0	0	0	0	0	0	0	0	0	0	0	0	0	0	0	0	0	22	0	0	50	0	Bacteria; Proteobacteria; Alphaproteobacteria; Rhizobiales; Rhizobiaceae; Ensifer
df764dd458a860704a915cd8b984b767	0	0	0	0	0	0	0	0	0	0	0	0	0	0	0	0	0	0	0	0	0	0	0	0	0	0	0	0	72	0	Bacteria; Firmicutes; Bacilli; Bacillales; Bacillaceae; Bacillus
6bc94a38d3bce01e3deb1b1fd9b71475	0	0	0	0	0	0	0	0	0	0	0	0	0	0	0	0	0	0	0	0	0	0	0	0	0	0	0	0	72	0	Bacteria; Firmicutes; Bacilli; Bacillales; Paenibacillaceae; Paenibacillus
08bdc6c81f6b9daab3d132b54e1d45bc	0	0	0	0	0	0	6	0	0	0	12	0	0	16	0	0	12	10	0	0	10	4	0	0	0	0	0	0	0	0	Bacteria; Actinobacteria; Actinobacteria; Corynebacteriales; Nocardiaceae; Rhodococcus
a75408f880f2de4b0e91d919dd33dafd	0	0	0	0	0	0	0	0	0	0	0	0	0	0	0	0	0	0	0	0	0	0	0	0	42	0	0	0	0	28	Bacteria; Bacteroidetes; Bacteroidia; Sphingobacteriales; Sphingobacteriaceae; Parapedobacter
a0c37d9e58232f18918793e441382cfc	0	0	0	0	0	0	0	0	0	0	0	0	0	0	0	0	0	0	0	0	0	0	0	0	32	12	0	26	0	0	Bacteria; Actinobacteria; Thermoleophilia; Solirubrobacterales; 67-14; uncultured_bacterium
4ce44805a2e8f2c6ad48bed484250678	0	0	0	0	0	0	0	0	0	0	0	0	0	0	0	0	0	0	0	0	0	0	0	0	0	16	10	14	18	12	Bacteria; Gemmatimonadetes; Longimicrobia; Longimicrobiales; Longimicrobiaceae; uncultured_bacterium
b7f5af401f678ffbe9f7299cfa59e3bf	0	0	0	0	0	0	0	0	0	0	4	0	0	0	0	0	0	0	0	0	0	0	0	0	42	0	22	0	0	0	Bacteria; Proteobacteria; Alphaproteobacteria; Rhizobiales; Devosiaceae; Devosia
608534dd37122b642564c6e85359b97d	0	0	0	0	0	0	0	0	0	0	0	0	0	36	0	32	0	0	0	0	0	0	0	0	0	0	0	0	0	0	Bacteria; Firmicutes; Bacilli; Lactobacillales; Lactobacillaceae; Lactobacillus
3287a0ca3db4af44dc17c2533ee74d5d	0	0	0	0	0	0	0	0	0	0	0	0	0	24	0	14	18	0	0	0	12	0	0	0	0	0	0	0	0	0	Bacteria; Proteobacteria; Gammaproteobacteria; Betaproteobacteriales; Burkholderiaceae; Bordetella
a87f8bc9f2e9fa528c7a6f825f62ba2e	0	0	0	0	0	0	0	0	0	0	0	0	0	0	0	0	0	0	0	0	0	0	2	0	0	0	0	34	32	0	Bacteria; Chloroflexi; Chloroflexia; Thermomicrobiales; JG30-KF-CM45; uncultured_bacterium
06bc3d75c125f69ff9dfdb4a660c733f	0	0	0	0	0	0	0	0	0	0	0	0	0	0	0	0	0	0	0	0	0	0	0	0	68	0	0	0	0	0	Bacteria; Proteobacteria; Alphaproteobacteria; Rhizobiales; D05-2; uncultured_bacterium
882992e16dfcfe581ae3cbc4b3f4a373	0	0	0	0	0	0	0	0	0	0	0	0	0	0	0	0	0	0	0	0	0	0	0	0	34	6	0	14	14	0	Bacteria; Proteobacteria; Alphaproteobacteria; Sphingomonadales; Sphingomonadaceae; Sphingopyxis
e33586db2c4f160994bed67ccb9fa989	0	0	0	0	0	0	0	0	0	0	0	0	0	0	0	0	0	0	0	0	0	0	0	0	0	32	14	22	0	0	Bacteria; Bacteroidetes; Bacteroidia; Sphingobacteriales; Sphingobacteriaceae; Parapedobacter
91faee673423e4889e00633268aec1f4	0	0	0	0	0	0	0	0	0	0	0	0	0	0	0	0	0	0	0	0	0	0	0	0	0	28	4	0	36	0	Bacteria; Gemmatimonadetes; Gemmatimonadetes; Gemmatimonadales; Gemmatimonadaceae; uncultured
e16d86b7fe770de88e7e8fd0fb6c8b5a	0	0	0	0	0	0	0	0	0	0	0	0	0	0	0	0	0	0	0	0	0	0	0	0	66	0	0	0	0	0	Bacteria; Proteobacteria; Gammaproteobacteria; Steroidobacterales; Steroidobacteraceae; Unidentified_Steroidobacteraceae
1f522cb3bcb0d827e96e13184fb68341	0	0	0	0	0	0	0	0	0	0	0	0	0	0	0	0	0	0	0	0	0	0	0	0	46	0	20	0	0	0	Bacteria; Actinobacteria; Actinobacteria; Streptosporangiales; Thermomonosporaceae; Actinomadura
c3b05ec6326c47c1093f91e286f14884	0	0	0	0	0	0	0	0	0	0	0	0	0	0	0	0	0	0	0	0	0	0	0	0	30	0	0	18	18	0	Bacteria; Actinobacteria; Acidimicrobiia; Microtrichales; Uncultured_Microtrichales; Uncultured_Microtrichales
05946059543f86cba25b886517f88ae6	0	0	0	0	0	0	0	0	0	0	0	0	0	0	0	0	0	0	0	0	0	0	0	0	0	66	0	0	0	0	Bacteria; Acidobacteria; Thermoanaerobaculia; Thermoanaerobaculales; Thermoanaerobaculaceae; Subgroup_10
98ec4b7fd643eedf7ede6e1ddd94f427	0	0	0	0	0	0	0	0	0	0	0	0	0	0	0	0	0	0	0	0	0	0	0	0	0	0	0	16	24	26	Bacteria; Proteobacteria; Alphaproteobacteria; Sphingomonadales; Sphingomonadaceae; SD04E11
dee42ce3aa52ffbe2c350ee23b491242	0	0	0	0	0	0	0	0	0	0	0	0	0	0	0	0	0	0	0	0	0	0	0	0	0	0	0	0	0	66	Bacteria; Proteobacteria; Gammaproteobacteria; Xanthomonadales; Xanthomonadaceae; Stenotrophomonas
fb67b286b0f781b0de13d50179318995	0	0	0	0	0	0	0	0	0	0	12	0	0	18	0	0	0	34	0	0	0	0	0	0	0	0	0	0	0	0	Bacteria; Proteobacteria; Gammaproteobacteria; Xanthomonadales; Xanthomonadaceae; Stenotrophomonas
d4ecfe33623f297a74de51d7f28b39aa	0	0	0	0	0	0	0	0	0	0	0	0	12	0	12	24	0	16	0	0	0	0	0	0	0	0	0	0	0	0	Bacteria; Proteobacteria; Gammaproteobacteria; Betaproteobacteriales; Burkholderiaceae; Pseudorhodoferax
2f35b61d3cd5d03602352992382297bb	0	0	0	0	0	0	0	0	0	0	0	0	0	0	0	0	64	0	0	0	0	0	0	0	0	0	0	0	0	0	Bacteria; Proteobacteria; Gammaproteobacteria; Pseudomonadales; Pseudomonadaceae; Pseudomonas
37972e00257b627d75ca4573e74c39b3	0	0	0	0	0	0	0	0	0	0	0	0	0	0	0	0	0	64	0	0	0	0	0	0	0	0	0	0	0	0	Bacteria; Firmicutes; Bacilli; Lactobacillales; Lactobacillaceae; Lactobacillus
66890c9184a9316c74f9a8cd2ef5688c	0	0	0	0	0	0	0	0	0	0	0	0	0	0	0	0	0	0	0	0	0	0	0	0	36	18	0	0	0	10	Bacteria; Chloroflexi; OLB14; uncultured_bacterium; uncultured_bacterium; uncultured_bacterium
323f5bdbb0ca3fd44a00bb4364e6c4eb	0	0	0	0	0	0	0	0	0	0	0	0	0	0	0	0	0	0	0	0	0	0	0	0	22	12	6	12	12	0	Bacteria; Proteobacteria; Alphaproteobacteria; Rhodobacterales; Rhodobacteraceae; Rhodobacter
a624e4374c37120e9a301ddcebc4024e	0	0	0	0	0	0	0	0	0	0	0	0	0	0	0	0	0	0	0	0	0	0	0	0	0	0	0	0	64	0	Bacteria; Proteobacteria; Alphaproteobacteria; Rhizobiales; Rhizobiaceae; Unidentified_Rhizobiaceae
97bb4ef8c1e6bf8e16fcb3d2183226db	0	0	0	0	0	0	0	0	0	0	8	0	12	0	10	0	6	26	0	0	0	0	0	0	0	0	0	0	0	0	Bacteria; Proteobacteria; Gammaproteobacteria; Betaproteobacteriales; Burkholderiaceae; Achromobacter
bb7b268b26abb9b67af9bb1b8b009a19	0	0	0	0	0	0	0	0	0	0	0	0	6	4	4	0	0	0	0	0	0	0	0	0	0	0	0	20	0	28	Bacteria; Firmicutes; Bacilli; Bacillales; Paenibacillaceae; Paenibacillus
497a26126c9e726c768bdec79e8c4e9b	0	0	0	0	0	0	0	0	0	0	0	0	0	6	0	0	18	18	0	0	0	0	0	0	18	0	0	2	0	0	Bacteria; Actinobacteria; Actinobacteria; Micrococcales; Microbacteriaceae; Curtobacterium
1ec9ad666727620565917742df79ac3b	0	0	0	0	0	0	0	0	0	0	0	0	0	0	0	0	0	0	2	0	0	0	0	0	6	12	0	0	0	42	Bacteria; Bacteroidetes; Bacteroidia; Cytophagales; Microscillaceae; Ohtaekwangia
ab099b29adf10d4e7a380cd9e5293db4	0	0	0	0	0	0	0	0	0	0	0	0	0	0	0	0	0	0	0	0	0	32	0	0	0	0	0	0	0	30	Bacteria; Proteobacteria; Gammaproteobacteria; Pseudomonadales; Pseudomonadaceae; Pseudomonas
fb4fbf4b9eec7e631ea1ff1c820e2a06	0	0	0	0	0	0	0	0	0	0	0	0	0	0	0	0	0	0	0	0	0	0	0	0	46	16	0	0	0	0	Bacteria; Actinobacteria; Actinobacteria; Micromonosporales; Micromonosporaceae; Verrucosispora
4a834464784df6b019be4c7a77ca7c96	0	0	0	0	0	0	0	0	0	0	0	0	0	0	0	0	0	0	0	0	0	0	0	0	42	0	0	20	0	0	Bacteria; Proteobacteria; Gammaproteobacteria; Pseudomonadales; Pseudomonadaceae; Pseudomonas
2b2e8911a4c3c12cfaab96f1688e7896	0	0	0	0	0	0	0	0	0	0	0	0	0	0	0	0	0	0	0	0	0	0	0	0	38	0	0	0	16	8	Bacteria; Proteobacteria; Alphaproteobacteria; Caulobacterales; Hyphomonadaceae; SWB02
b183562284cc0953929021779953b00c	0	0	0	0	0	0	0	0	0	0	0	0	0	0	0	0	0	0	0	0	0	0	0	0	38	0	0	12	0	12	Bacteria; Actinobacteria; Actinobacteria; Propionibacteriales; Propionibacteriaceae; Phytoactinopolyspora
702939f83f6777d382f8623fbff23233	0	0	0	0	0	0	0	0	0	0	0	0	0	0	0	0	0	0	0	0	0	0	0	0	0	62	0	0	0	0	Bacteria; Proteobacteria; Alphaproteobacteria; Rhizobiales; D05-2; uncultured_bacterium
8fc168c010d6f63ad137ca868b34ce73	0	0	0	0	0	0	0	0	0	0	0	0	0	0	0	0	0	0	0	0	0	0	0	0	0	22	0	32	8	0	Bacteria; Actinobacteria; Actinobacteria; Micrococcales; Microbacteriaceae; Agromyces
b96f9b2d3c36466d846dcbd09f7812d8	0	0	0	0	0	0	0	0	0	0	0	0	0	0	0	0	0	0	0	0	0	0	0	0	0	8	0	24	30	0	Bacteria; Bacteroidetes; Bacteroidia; Cytophagales; Spirosomaceae; Leadbetterella
19840c984340a7006c77cfd3573e6a00	0	0	0	0	0	0	0	0	0	0	6	0	0	14	0	0	16	24	0	0	0	0	0	0	0	0	0	0	0	0	Bacteria; Proteobacteria; Gammaproteobacteria; Unidentified_Gammaproteobacteria; Unidentified_Gammaproteobacteria; Unidentified_Gammaproteobacteria
9290aadc452f1a920864129938ef6ea1	0	0	0	0	0	0	0	0	0	0	0	6	10	6	0	10	0	0	0	0	0	0	22	0	6	0	0	0	0	0	Bacteria; Proteobacteria; Gammaproteobacteria; Enterobacteriales; Enterobacteriaceae; Buchnera
622fd11bbba4c2f9f9c16ba5982127ae	0	0	0	0	0	0	0	0	0	0	0	0	32	0	0	12	16	0	0	0	0	0	0	0	0	0	0	0	0	0	Bacteria; Proteobacteria; Alphaproteobacteria; Acetobacterales; Acetobacteraceae; Acetobacter
166f4ffe5d95ba6598682f972abc873e	0	0	0	0	0	0	0	0	0	0	0	0	0	0	0	0	0	0	0	12	34	0	14	0	0	0	0	0	0	0	Bacteria; Proteobacteria; Gammaproteobacteria; Xanthomonadales; Xanthomonadaceae; Xanthomonas
2f52cf97ae89a1857a1ec18b895fae49	0	0	0	0	0	0	0	0	0	0	0	0	0	0	0	0	0	0	0	0	0	0	0	0	48	12	0	0	0	0	Bacteria; Proteobacteria; Alphaproteobacteria; Rhizobiales; Xanthobacteraceae; Unidentified_Xanthobacteraceae
731525068d5527f23b4ffb0794811b68	0	0	0	0	0	0	0	0	0	0	0	0	0	0	0	0	0	0	0	0	0	0	0	0	46	0	0	14	0	0	Bacteria; Bacteroidetes; Bacteroidia; Chitinophagales; Chitinophagaceae; Flavihumibacter
65c98c296821cc9f40bbb770f0757c56	0	0	0	0	0	0	0	0	0	0	0	0	0	0	0	0	0	0	0	0	0	0	0	0	44	0	0	0	16	0	Bacteria; Chloroflexi; Anaerolineae; SBR1031; A4b; uncultured_bacterium
6a6f5c4fbfd79ad22cc90c450dbac4e0	0	0	0	0	0	0	0	0	0	0	0	0	0	0	0	0	0	0	0	0	0	0	0	0	28	32	0	0	0	0	Bacteria; Bacteroidetes; Bacteroidia; Chitinophagales; Chitinophagaceae; Niabella
4e9187175f7e5cbd75070884e4f96c49	0	0	0	0	0	0	0	0	0	0	0	0	0	0	0	0	0	0	0	0	0	0	0	0	26	0	0	0	20	14	Bacteria; Firmicutes; Bacilli; Bacillales; Paenibacillaceae; Paenibacillus
b1fa1a7eebbd40a65eb2c6df6ebae283	0	0	0	0	0	0	0	0	0	0	0	0	0	0	0	0	0	0	0	0	0	0	0	0	24	0	0	14	22	0	Bacteria; Firmicutes; Bacilli; Bacillales; Paenibacillaceae; Paenibacillus
1a59d915451a33deeeedc22c0f710c24	0	0	0	0	0	0	0	0	0	0	0	0	0	0	0	0	0	0	0	0	0	0	0	0	6	0	0	20	34	0	Bacteria; Proteobacteria; Alphaproteobacteria; Caulobacterales; Caulobacteraceae; Brevundimonas
7290b524394458cb444055b4bd25f2e3	0	0	0	0	0	0	0	0	0	0	0	0	0	0	0	0	0	0	0	0	0	0	0	0	0	0	0	12	0	48	Bacteria; Bacteroidetes; Bacteroidia; Cytophagales; Microscillaceae; Chryseolinea
68084402ba50c5318fb1062026beb58d	0	0	0	0	0	10	0	0	0	0	0	0	28	0	0	20	0	0	0	0	0	0	0	0	0	0	0	0	0	0	Bacteria; Proteobacteria; Gammaproteobacteria; Betaproteobacteriales; Burkholderiaceae; Burkholderia-Caballeronia-Paraburkholderia
26f173c04574871aba8876838e2d9e61	0	0	0	0	0	0	0	0	0	0	0	0	0	0	0	0	0	0	0	14	6	16	22	0	0	0	0	0	0	0	Bacteria; Proteobacteria; Alphaproteobacteria; Sphingomonadales; Sphingomonadaceae; Novosphingobium
9bd42a41b9e51f8f9c663fe46c0e77c5	0	0	0	0	0	0	0	0	0	0	0	0	0	0	0	0	0	0	0	0	0	0	0	0	58	0	0	0	0	0	Bacteria; Firmicutes; Bacilli; Bacillales; Paenibacillaceae; Paenibacillus
bba75ba668556bc7c344961cf262f471	0	0	0	0	0	0	0	0	0	0	0	0	0	0	0	0	0	0	0	0	0	0	0	0	36	22	0	0	0	0	Bacteria; Firmicutes; Bacilli; Bacillales; Bacillaceae; Bacillus
9e6d5489658a8a3ed18c85894dbcaef5	0	0	0	0	0	0	0	0	0	0	0	0	0	0	0	0	0	0	0	0	0	0	0	0	0	32	0	26	0	0	Bacteria; Planctomycetes; Planctomycetacia; Pirellulales; Pirellulaceae; uncultured
2e5a0da9a6f8155262c458152321c19c	0	0	0	0	0	0	0	0	0	0	0	0	0	0	0	0	0	0	0	0	0	0	0	0	0	24	0	0	34	0	Bacteria; Actinobacteria; Actinobacteria; Micrococcales; Microbacteriaceae; Leifsonia
71e086dc82bff0bba9b9ef0cdb18f65d	0	0	0	0	0	0	0	0	0	0	0	0	0	0	0	0	0	0	0	0	0	0	0	0	0	22	0	0	0	36	Bacteria; Actinobacteria; Actinobacteria; Micrococcales; Cellulomonadaceae; Pseudactinotalea
549c14055652435b87d86198d628921f	0	0	0	0	0	0	0	0	0	0	0	0	0	0	0	0	0	0	0	0	0	0	0	0	0	18	0	0	24	16	Bacteria; Bacteroidetes; Bacteroidia; Chitinophagales; Chitinophagaceae; Niabella
9381d49346b124c675fd0794a62752d5	0	0	0	0	0	0	0	0	0	0	0	0	0	0	0	0	0	0	0	0	0	0	0	0	0	14	0	16	28	0	Bacteria; Actinobacteria; Actinobacteria; Micrococcales; Microbacteriaceae; Agromyces
74a26e97b02fcab82b0d346de4920f75	0	0	0	0	0	0	0	0	0	0	0	0	0	0	0	0	0	0	0	0	0	0	0	0	0	0	0	58	0	0	Bacteria; Actinobacteria; Actinobacteria; Corynebacteriales; Mycobacteriaceae; Mycobacterium
b1dc062a8f5e51f8c729d1f5c1fd80bd	0	0	0	0	0	0	0	0	0	0	0	0	0	0	0	0	0	0	0	0	0	0	0	0	0	0	0	30	28	0	Bacteria; Actinobacteria; Thermoleophilia; Solirubrobacterales; 67-14; uncultured_bacterium
034c1b18c1408253e5bc597d0dda2b3d	0	0	0	0	0	0	0	0	0	0	0	0	0	0	0	0	0	0	0	0	0	0	0	0	56	0	0	0	0	0	Bacteria; Proteobacteria; Gammaproteobacteria; Betaproteobacteriales; Burkholderiaceae; Verticia
f40481185ff5e1d4b4b47c4307303fc5	0	0	0	0	0	0	0	0	0	0	0	0	0	0	0	0	0	0	0	0	0	0	0	0	26	24	0	0	0	6	Bacteria; Firmicutes; Clostridia; Clostridiales; Ruminococcaceae; Candidatus_Soleaferrea
bbf5757e3c6910876929ca3b15e90a7d	0	0	0	0	0	0	0	0	0	0	0	0	0	0	0	0	0	0	0	0	0	0	0	0	18	0	0	8	12	18	Bacteria; Proteobacteria; Gammaproteobacteria; Oceanospirillales; Alcanivoracaceae; Alcanivorax
7f70fa6f0bfd7bbe356138a19971f0c8	0	0	0	0	0	0	0	0	0	0	0	0	0	0	0	0	0	0	0	0	0	0	0	0	0	26	0	0	30	0	Bacteria; Proteobacteria; Alphaproteobacteria; Rhizobiales; Unidentified_Rhizobiales; Unidentified_Rhizobiales
f697ba2ca83f81d5155a06bad89f0a07	0	0	0	0	0	0	0	0	0	0	0	0	0	0	0	0	0	0	0	0	0	0	0	0	0	24	0	32	0	0	Bacteria; Actinobacteria; Actinobacteria; Micrococcales; Microbacteriaceae; Unidentified_Microbacteriaceae
e44b7716eb2602e9a40df722f06aaa0c	0	0	0	0	0	0	0	0	0	0	0	0	0	0	0	0	0	0	0	0	0	0	0	0	0	22	0	12	22	0	Bacteria; Bacteroidetes; Bacteroidia; Sphingobacteriales; Sphingobacteriaceae; Parapedobacter
be189a513784c1ad3e544687f4444810	0	0	0	0	0	0	0	0	0	0	0	0	0	0	0	0	0	0	0	0	0	0	0	0	0	0	0	0	56	0	Bacteria; Firmicutes; Bacilli; Bacillales; Paenibacillaceae; Paenibacillus
a6c1bb673aaa97cbe8e6eb2f590d24c7	0	0	0	0	0	0	0	0	0	0	0	0	0	0	0	0	0	0	0	0	0	0	0	0	0	0	0	0	0	56	Bacteria; Firmicutes; Bacilli; Bacillales; Paenibacillaceae; Paenibacillus
af1239185da9fba72f9670a9ffffc066	0	0	0	0	0	0	0	0	0	0	0	0	0	0	0	0	0	0	0	0	0	0	0	0	54	0	0	0	0	0	Bacteria; Proteobacteria; Gammaproteobacteria; Steroidobacterales; Steroidobacteraceae; Steroidobacter
b1ebce9e0b058f901272271be148f679	0	0	0	0	0	0	0	0	0	0	0	0	0	0	0	0	0	0	0	0	0	0	0	0	34	20	0	0	0	0	Bacteria; Chloroflexi; Chloroflexia; Thermomicrobiales; JG30-KF-CM45; uncultured_bacterium
8e50d84fc526565c1963a5b490607d20	0	0	0	0	0	0	0	0	0	0	0	0	0	0	0	0	0	0	0	0	0	0	0	0	20	0	0	22	0	12	Bacteria; Proteobacteria; Gammaproteobacteria; Betaproteobacteriales; Burkholderiaceae; Alcaligenes
e5a7f728ca79ba1070bb444484cb4fa3	0	0	0	0	0	0	0	0	0	0	0	0	0	0	0	0	0	0	0	0	0	0	0	0	18	0	0	10	26	0	Bacteria; Chloroflexi; Chloroflexia; Thermomicrobiales; JG30-KF-CM45; uncultured_bacterium
33d16b9598ad73311a730ef5fcb29527	0	0	0	0	0	0	0	0	0	0	0	0	0	0	0	0	0	0	0	0	0	0	0	0	12	0	10	12	0	20	Bacteria; Proteobacteria; Deltaproteobacteria; Myxococcales; Sandaracinaceae; uncultured
e489cd3c6a22b44639ea6382c37dd9fd	0	0	0	0	0	0	0	0	0	0	0	0	0	0	0	0	0	0	0	0	0	0	0	0	0	18	4	32	0	0	Bacteria; Actinobacteria; Thermoleophilia; Solirubrobacterales; 67-14; uncultured_bacterium
da6ba32ab4154bfc095be5a95d8b54af	0	0	0	0	0	0	0	0	0	0	0	0	0	0	0	0	0	0	0	0	0	0	0	0	0	0	0	0	26	28	Bacteria; Proteobacteria; Gammaproteobacteria; Betaproteobacteriales; Burkholderiaceae; Limnobacter
92c6c04e8991a22e4e5cd321bfb9a7f6	0	0	0	0	0	0	0	0	0	0	0	0	0	0	0	0	0	0	0	0	0	0	0	0	0	0	0	0	0	54	Bacteria; Proteobacteria; Alphaproteobacteria; Sphingomonadales; Sphingomonadaceae; Unidentified_Sphingomonadaceae
71c87f5932fb11da56ae38654a8dd013	0	0	0	0	0	0	0	0	0	0	0	0	16	0	0	0	0	0	0	0	0	0	0	0	0	0	0	0	18	18	Bacteria; Bacteroidetes; Bacteroidia; Sphingobacteriales; Sphingobacteriaceae; Sphingobacterium
77e8a712c5120fb521ca9aa770b2440f	0	0	0	0	0	0	0	0	0	0	0	0	0	0	0	0	0	0	0	0	0	0	0	0	52	0	0	0	0	0	Bacteria; Firmicutes; Bacilli; Bacillales; Bacillaceae; Bacillus
14074c9fdadd073fe6b69afb3ad593a2	0	0	0	0	0	0	0	0	0	0	0	0	0	0	0	0	0	0	0	0	0	0	0	0	24	0	0	12	16	0	Bacteria; Chloroflexi; Anaerolineae; SBR1031; A4b; uncultured_bacterium
05a7096465c8fa5d8e27c3f21aba4be5	0	0	0	0	0	0	0	0	0	0	0	0	0	0	0	0	0	0	0	0	0	0	0	0	0	52	0	0	0	0	Bacteria; Proteobacteria; Alphaproteobacteria; Rhizobiales; Devosiaceae; Pelagibacterium
914d0b6728212f14e607fc3d8feb0f25	0	0	0	0	0	0	0	0	0	0	0	0	0	0	0	0	0	0	0	0	0	0	0	0	0	0	0	52	0	0	Bacteria; Bacteroidetes; Bacteroidia; Sphingobacteriales; Sphingobacteriaceae; Parapedobacter
54ea84bfcc4c8be067e02e0dc15ef132	0	0	0	0	0	0	0	0	0	0	0	0	0	0	0	0	0	0	0	0	0	0	0	0	0	0	0	22	0	30	Bacteria; Actinobacteria; Actinobacteria; Corynebacteriales; Nocardiaceae; Gordonia
392f54f92f26a7996e8c124ac6d23892	0	0	0	0	0	0	0	0	0	10	40	0	0	0	0	0	0	0	0	0	0	0	0	0	0	0	0	0	0	0	Bacteria; Proteobacteria; Gammaproteobacteria; Xanthomonadales; Xanthomonadaceae; Unidentified_Xanthomonadaceae
dd7dd1b8f41b9b7cce1c646d862411ba	0	0	0	0	0	0	0	0	0	0	0	0	20	0	0	0	0	30	0	0	0	0	0	0	0	0	0	0	0	0	Bacteria; Bacteroidetes; Bacteroidia; Sphingobacteriales; Sphingobacteriaceae; Sphingobacterium
61f94809e37751a82c1ad80d9561f9b0	0	0	0	0	0	0	0	0	0	0	0	0	16	0	0	12	22	0	0	0	0	0	0	0	0	0	0	0	0	0	Bacteria; Proteobacteria; Alphaproteobacteria; Rhodobacterales; Rhodobacteraceae; Paracoccus
beca14974a55ae9917287b04d08450f2	0	0	0	0	0	0	0	0	0	0	0	0	12	0	6	10	22	0	0	0	0	0	0	0	0	0	0	0	0	0	Bacteria; Bacteroidetes; Bacteroidia; Flavobacteriales; Flavobacteriaceae; Flavobacterium
61d5c226530a30d33fb26d3f78b23d65	0	0	0	0	0	0	0	0	0	0	0	0	6	0	0	24	20	0	0	0	0	0	0	0	0	0	0	0	0	0	Bacteria; Proteobacteria; Alphaproteobacteria; Rhizobiales; Devosiaceae; Devosia
6bccadf37049ac531732db5f7de286b7	0	0	0	0	0	0	0	0	0	0	0	0	0	0	0	0	0	0	0	0	0	0	2	0	34	0	0	0	14	0	Bacteria; Bacteroidetes; Bacteroidia; Sphingobacteriales; env.OPS_17; Unidentified
3c8356dcdc903d69d54498ab9d2d8354	0	0	0	0	0	0	0	0	0	0	0	0	0	0	0	0	0	0	0	0	0	0	0	0	50	0	0	0	0	0	Bacteria; Proteobacteria; Gammaproteobacteria; Betaproteobacteriales; Burkholderiaceae; Unidentified_Burkholderiaceae
5706b89358f87f158e659976eb13f121	0	0	0	0	0	0	0	0	0	0	0	0	0	0	0	0	0	0	0	0	0	0	0	0	50	0	0	0	0	0	Bacteria; Proteobacteria; Alphaproteobacteria; Rhizobiales; Hyphomicrobiaceae; Hyphomicrobium
66982e4e3d96c5bed1412bda21a1de7f	0	0	0	0	0	0	0	0	0	0	0	0	0	0	0	0	0	0	0	0	0	0	0	0	38	0	0	0	12	0	Bacteria; Proteobacteria; Alphaproteobacteria; Sphingomonadales; Sphingomonadaceae; Altererythrobacter
fd1a9062a6d53636b88ad3f9ef0743c4	0	0	0	0	0	0	0	0	0	0	0	0	0	0	0	0	0	0	0	0	0	0	0	0	18	14	0	18	0	0	Bacteria; Actinobacteria; Acidimicrobiia; Microtrichales; Microtrichaceae; IMCC26207
43eeaa45ce90e229b607ade29b42a5be	0	0	0	0	0	0	0	0	0	0	0	0	0	0	0	0	0	0	0	0	0	0	0	0	10	34	6	0	0	0	Bacteria; Bacteroidetes; Bacteroidia; Cytophagales; Microscillaceae; Ohtaekwangia
ab9a7e92605470a7cbd1d8fda457e6c8	0	0	0	0	0	0	0	0	0	0	0	0	0	0	0	0	0	0	0	0	0	0	0	0	0	26	0	0	24	0	Bacteria; Proteobacteria; Gammaproteobacteria; CCD24; Unidentified; Unidentified
33ce20dfb79ac4c722298d49c279115c	0	0	0	0	0	0	0	0	0	0	0	0	0	0	0	0	0	0	0	0	0	0	0	0	0	0	0	12	0	38	Bacteria; Bacteroidetes; Bacteroidia; Cytophagales; Microscillaceae; Unidentified_Microscillaceae
4c482faaaddc12feb7386c33b6eacf88	0	0	0	0	0	0	0	0	0	0	0	0	0	0	0	0	0	0	0	0	0	0	0	0	0	0	0	0	22	28	Bacteria; Proteobacteria; Gammaproteobacteria; Betaproteobacteriales; Burkholderiaceae; Lautropia
38a7df376321e0dc9d67191e72666c85	0	0	0	0	0	0	0	0	0	0	0	0	0	0	0	0	0	0	0	0	0	0	0	48	0	0	0	0	0	0	Bacteria; Bacteroidetes; Bacteroidia; Chitinophagales; Chitinophagaceae; Taibaiella
b68505dda391d4a2bc6c54e21e7f2a9a	0	0	0	0	0	0	0	0	0	0	0	0	0	0	0	0	0	0	0	0	0	0	0	0	48	0	0	0	0	0	Bacteria; Actinobacteria; Actinobacteria; Streptomycetales; Streptomycetaceae; Streptomyces
41d03c2fe5e3d714b08e1d20abd66e60	0	0	0	0	0	0	0	0	0	0	0	0	0	0	0	0	0	0	0	0	0	0	0	0	26	10	0	0	12	0	Bacteria; Bacteroidetes; Bacteroidia; Sphingobacteriales; Sphingobacteriaceae; Sphingobacterium
2865f5dc3d38193e73810c3095fe7cf4	0	0	0	0	0	0	0	0	0	0	0	0	0	0	0	0	0	0	0	0	0	0	0	0	26	0	0	0	22	0	Bacteria; Proteobacteria; Gammaproteobacteria; Betaproteobacteriales; Burkholderiaceae; Verticia
46b8dd969f088e8a522c09b671974f67	0	0	0	0	0	0	0	0	0	0	0	0	0	0	0	0	0	0	0	0	0	0	0	0	14	0	0	0	34	0	Bacteria; Proteobacteria; Deltaproteobacteria; Myxococcales; Haliangiaceae; Haliangium
0540ba14c7c6e881a2a6a1ed64cbab70	0	0	0	0	0	0	0	0	0	0	0	0	0	0	0	0	0	0	0	0	0	0	0	0	0	22	6	0	0	20	Bacteria; Bacteroidetes; Bacteroidia; Flavobacteriales; Flavobacteriaceae; Myroides
b6e43b51192947cb0f6aa6367c7f4854	0	0	0	0	0	0	0	0	0	0	0	0	0	0	0	0	0	0	0	0	0	0	0	0	0	0	0	48	0	0	Bacteria; Firmicutes; Bacilli; Bacillales; Paenibacillaceae; Paenibacillus
30141c8285f6597d1f83d832a1cef833	0	0	0	0	0	0	0	0	0	0	0	0	0	0	0	0	0	0	0	0	0	0	0	0	0	0	0	48	0	0	Bacteria; Bacteroidetes; Bacteroidia; Cytophagales; Microscillaceae; uncultured
f3e467b7084542eff212d9b2cfa0bb91	0	0	0	0	0	0	0	0	0	0	0	0	0	0	0	0	0	0	0	0	0	0	0	0	0	0	0	18	0	30	Bacteria; Firmicutes; Bacilli; Bacillales; Paenibacillaceae; Paenibacillus
48f317df31a0778c43ac7cc93cef5362	0	0	0	0	0	0	0	0	0	0	0	0	0	0	0	0	0	0	0	0	0	0	0	0	0	0	0	12	16	20	Bacteria; Bacteroidetes; Bacteroidia; Sphingobacteriales; Sphingobacteriaceae; Unidentified_Sphingobacteriaceae
d66972706b600f8ed07b5e7d767837b7	0	0	20	0	0	26	0	0	0	0	0	0	0	0	0	0	0	0	0	0	0	0	0	0	0	0	0	0	0	0	Bacteria; Proteobacteria; Gammaproteobacteria; Betaproteobacteriales; Burkholderiaceae; Unidentified_Burkholderiaceae
688dbda46285da9e8734c83700b6e2e9	0	0	0	0	0	0	0	0	0	0	0	0	18	0	22	0	6	0	0	0	0	0	0	0	0	0	0	0	0	0	Bacteria; Firmicutes; Bacilli; Bacillales; Paenibacillaceae; Paenibacillus
6c0c84518abe719cc7c4af67f51b577e	0	0	0	0	0	0	0	0	0	0	0	0	0	0	0	0	0	0	0	0	0	0	0	0	46	0	0	0	0	0	Bacteria; Proteobacteria; Gammaproteobacteria; Xanthomonadales; Xanthomonadaceae; Stenotrophomonas
f697ceaddc8c317f793444523dabc2d8	0	0	0	0	0	0	0	0	0	0	0	0	0	0	0	0	0	0	0	0	0	0	0	0	46	0	0	0	0	0	Bacteria; Actinobacteria; Acidimicrobiia; Microtrichales; Iamiaceae; Iamia
a8efdf66ac3ecf9d00a7fef31939df9f	0	0	0	0	0	0	0	0	0	0	0	0	0	0	0	0	0	0	0	0	0	0	0	0	46	0	0	0	0	0	Bacteria; Bacteroidetes; Bacteroidia; Sphingobacteriales; Sphingobacteriaceae; Pseudopedobacter
fcd80f0cf279eff3c50b66a78d98beeb	0	0	0	0	0	0	0	0	0	0	0	0	0	0	0	0	0	0	0	0	0	0	0	0	38	0	0	0	0	8	Bacteria; Actinobacteria; Actinobacteria; Pseudonocardiales; Pseudonocardiaceae; Amycolatopsis
4934ed768f680e1b7e36aa598d80996e	0	0	0	0	0	0	0	0	0	0	0	0	0	0	0	0	0	0	0	0	0	0	0	0	34	0	0	0	0	12	Bacteria; Firmicutes; Bacilli; Bacillales; Paenibacillaceae; Paenibacillus
7f6fce86c121736e36d306e242fc6f30	0	0	0	0	0	0	0	0	0	0	0	0	0	0	0	0	0	0	0	0	0	0	0	0	30	0	0	6	0	10	Bacteria; Firmicutes; Bacilli; Bacillales; Paenibacillaceae; Paenibacillus
e8496fd359afa9479908aeaeb31e7ec0	0	0	0	0	0	0	0	0	0	0	0	0	0	0	0	0	0	0	0	0	0	0	0	0	24	4	6	0	12	0	Bacteria; Proteobacteria; Gammaproteobacteria; Enterobacteriales; Enterobacteriaceae; Unidentified_Enterobacteriaceae
24051ef88d0304b64d9d8f9b863126e6	0	0	0	0	0	0	0	0	0	0	0	0	0	0	0	0	0	0	0	0	0	0	0	0	24	0	0	0	0	22	Bacteria; Proteobacteria; Alphaproteobacteria; Rhizobiales; Rhizobiaceae; Shinella
f18d9cd3ce98a5144130b24a9602e2f8	0	0	0	0	0	0	0	0	0	0	0	0	0	0	0	0	0	0	0	0	0	0	0	0	0	6	0	12	28	0	Bacteria; Bacteroidetes; Bacteroidia; Flavobacteriales; Weeksellaceae; Chryseobacterium
acc53c56bc7c819b74ec54ee3a0d842e	0	0	0	0	0	0	0	0	0	0	0	0	0	0	0	0	0	0	0	0	0	0	0	0	0	0	10	18	18	0	Bacteria; Verrucomicrobia; Verrucomicrobiae; Opitutales; Opitutaceae; Lacunisphaera
72805109de4e5a37a7cef376d61437f4	0	0	0	0	0	0	0	0	0	0	0	0	0	0	0	0	0	0	0	0	0	0	0	0	0	0	0	30	16	0	Bacteria; Chloroflexi; Anaerolineae; SBR1031; A4b; OLB13
4cb03040650bb7f7ac48ffd529de387a	0	0	0	0	0	0	0	0	0	0	0	10	0	0	0	12	0	22	0	0	0	0	0	0	0	0	0	0	0	0	Bacteria; Bacteroidetes; Bacteroidia; Sphingobacteriales; Sphingobacteriaceae; Sphingobacterium
5f059aefcbd185170c6ad1d37034d0df	0	0	0	0	0	0	0	0	0	0	0	0	20	0	0	0	0	24	0	0	0	0	0	0	0	0	0	0	0	0	Bacteria; Actinobacteria; Actinobacteria; Micrococcales; Micrococcaceae; Nesterenkonia
763c06517d553b54859de56cf7ad2ad6	0	0	0	0	0	0	0	0	0	0	0	0	0	10	0	10	12	12	0	0	0	0	0	0	0	0	0	0	0	0	Bacteria; Proteobacteria; Alphaproteobacteria; Rhizobiales; Rhizobiaceae; Allorhizobium-Neorhizobium-Pararhizobium-Rhizobium
ffc47ac1042520c0106e023fe12b0ecf	0	0	0	0	0	0	0	0	0	0	0	0	0	0	0	0	0	0	0	0	0	0	0	0	44	0	0	0	0	0	Bacteria; Proteobacteria; Gammaproteobacteria; Betaproteobacteriales; Burkholderiaceae; Unidentified_Burkholderiaceae
7054f15a0a3c8ed790017a643703f22f	0	0	0	0	0	0	0	0	0	0	0	0	0	0	0	0	0	0	0	0	0	0	0	0	44	0	0	0	0	0	Bacteria; Proteobacteria; Deltaproteobacteria; Myxococcales; Archangiaceae; Unidentified_Archangiaceae
ff9d93d7b7e46787568f2d241caeaf3b	0	0	0	0	0	0	0	0	0	0	0	0	0	0	0	0	0	0	0	0	0	0	0	0	26	0	0	0	0	18	Bacteria; Proteobacteria; Gammaproteobacteria; Pseudomonadales; Pseudomonadaceae; Pseudomonas
20b2a1cd685acf58314fb59252a14448	0	0	0	0	0	0	0	0	0	0	0	0	0	0	0	0	0	0	0	0	0	0	0	0	20	24	0	0	0	0	Bacteria; Proteobacteria; Alphaproteobacteria; Sphingomonadales; Sphingomonadaceae; Novosphingobium
27573f2df8b6c003e6aea0630fc5abf0	0	0	0	0	0	0	0	0	0	0	0	0	0	0	0	0	0	0	0	0	0	0	0	0	10	34	0	0	0	0	Bacteria; Actinobacteria; Actinobacteria; Corynebacteriales; Mycobacteriaceae; Mycobacterium
f3ee59a166a932ca633cdc51ac688e3c	0	0	0	0	0	0	0	0	0	0	0	0	0	0	0	0	0	0	0	0	0	0	0	0	0	0	14	22	0	8	Bacteria; Chloroflexi; Anaerolineae; Caldilineales; Caldilineaceae; uncultured
f90572c41b840cc73de8fead190916e1	0	0	0	0	0	0	0	0	0	0	0	0	0	0	0	0	0	0	0	0	0	0	0	0	0	0	0	44	0	0	Bacteria; Proteobacteria; Deltaproteobacteria; Myxococcales; Sandaracinaceae; Sandaracinus
3c4f09f4b2ca6adb324a610a63533258	0	0	0	0	0	0	0	0	0	0	0	0	0	0	0	0	0	0	0	0	0	0	0	0	0	0	0	24	0	20	Bacteria; Proteobacteria; Gammaproteobacteria; Xanthomonadales; Xanthomonadaceae; Arenimonas
3bf2661a6ead35184cbed8cafc353435	0	0	0	0	0	0	0	0	0	0	0	0	0	0	0	0	0	0	0	0	0	0	0	0	0	0	0	0	40	4	Bacteria; Bacteroidetes; Bacteroidia; Flavobacteriales; Weeksellaceae; Moheibacter
997a73d371257e252a2a2f1c3fd268bd	0	0	0	0	0	0	0	0	0	0	0	0	0	0	0	0	0	0	0	0	0	0	0	0	0	0	0	0	30	14	Bacteria; Proteobacteria; Gammaproteobacteria; Betaproteobacteriales; Burkholderiaceae; Parapusillimonas
5d70415dbf48fb7ee038af15b081f711	0	0	0	0	0	0	0	0	2	0	0	0	0	0	0	0	0	0	0	0	0	0	0	0	24	0	0	0	0	16	Bacteria; Bacteroidetes; Bacteroidia; Chitinophagales; Chitinophagaceae; Chitinophaga
024558c50cb829560c1513bc1aca4104	0	0	0	0	0	0	0	0	0	14	0	0	0	0	28	0	0	0	0	0	0	0	0	0	0	0	0	0	0	0	Bacteria; Bacteroidetes; Bacteroidia; Sphingobacteriales; Sphingobacteriaceae; Sphingobacterium
b70e8d907778952d23bd4876542a2140	0	0	0	0	0	0	0	0	0	0	0	0	0	26	0	0	6	0	0	0	0	0	0	0	10	0	0	0	0	0	Bacteria; Firmicutes; Bacilli; Bacillales; Bacillaceae; Bacillus
238ba78516f666cb2b29854f9a5bb2eb	0	0	0	0	0	0	0	0	0	0	0	0	0	12	0	0	30	0	0	0	0	0	0	0	0	0	0	0	0	0	Bacteria; Actinobacteria; Actinobacteria; Micrococcales; Microbacteriaceae; Leucobacter
2c51787dbd453438f0e31af0118309ba	0	0	0	0	0	0	0	0	0	0	0	0	0	0	0	0	0	0	0	0	2	0	0	0	16	0	0	0	24	0	Bacteria; Deinococcus-Thermus; Deinococci; Deinococcales; Trueperaceae; Truepera
513e197e675138b40ae113a123804f7f	0	0	0	0	0	0	0	0	0	0	0	0	0	0	0	0	0	0	0	0	0	0	2	0	40	0	0	0	0	0	Bacteria; Planctomycetes; Planctomycetacia; Planctomycetales; Rubinisphaeraceae; Planctomicrobium
1ddc8a4694ed56884c16d791174a6390	0	0	0	0	0	0	0	0	0	0	0	0	0	0	0	0	0	0	0	0	0	0	0	0	32	0	10	0	0	0	Bacteria; Proteobacteria; Alphaproteobacteria; Rhizobiales; Rhizobiaceae; Ensifer
51dbbf0e8c5c8199cca15814f8f042c8	0	0	0	0	0	0	0	0	0	0	0	0	0	0	0	0	0	0	0	0	0	0	0	0	24	8	0	0	10	0	Bacteria; Chloroflexi; Anaerolineae; SBR1031; A4b; uncultured_bacterium
cb546f505b889ab7b8dfa6f02b22b29a	0	0	0	0	0	0	0	0	0	0	0	0	0	0	0	0	0	0	0	0	0	0	0	0	4	0	6	14	12	6	Bacteria; Bacteroidetes; Bacteroidia; Chitinophagales; Chitinophagaceae; Unidentified_Chitinophagaceae
8715a84dda0c147300b9405978e30f44	0	0	0	0	0	0	0	0	0	0	0	0	0	0	0	0	0	0	0	0	0	0	0	0	0	22	6	0	0	14	Bacteria; Gemmatimonadetes; Longimicrobia; Longimicrobiales; Longimicrobiaceae; uncultured_bacterium
4b7638e15357c2b7ef96c37f5228145d	0	0	0	0	0	0	0	0	0	0	0	0	0	0	0	0	0	0	0	0	0	0	0	0	0	20	0	0	22	0	Bacteria; Proteobacteria; Gammaproteobacteria; Gammaproteobacteria_Incertae_Sedis; Unknown_Family; Acidibacter
4135bf2cf1eb8de9da0e0b115b4e6d6b	0	0	0	0	0	0	0	0	0	0	0	0	0	0	0	0	0	0	0	0	0	0	0	0	0	0	14	28	0	0	Bacteria; Proteobacteria; Gammaproteobacteria; Steroidobacterales; Steroidobacteraceae; Unidentified_Steroidobacteraceae
27632fda3fdd3a19efca3d2d8d98c3e5	0	0	0	0	0	0	0	0	0	0	0	0	0	0	0	0	0	0	0	0	0	0	0	0	0	0	0	14	28	0	Bacteria; Planctomycetes; Planctomycetacia; Pirellulales; Pirellulaceae; Pir4_lineage
a6cd3b2a53941f13955604221912d845	0	0	0	0	0	0	0	0	0	0	0	0	0	0	0	0	0	0	0	0	0	0	0	0	0	0	0	10	32	0	Bacteria; Proteobacteria; Alphaproteobacteria; Caulobacterales; Hyphomonadaceae; SWB02
ffcd1beef68b56e896ffcf260acb80d2	0	0	0	0	0	0	0	0	0	0	0	0	0	0	0	0	0	0	0	0	0	0	0	0	0	0	0	0	42	0	Bacteria; Firmicutes; Bacilli; Bacillales; Planococcaceae; Solibacillus
0dc889959401d4d1701888d71e4a0d7b	0	0	0	0	0	0	0	0	0	0	0	0	0	0	0	0	0	0	0	0	0	0	0	0	0	0	0	0	42	0	Bacteria; Proteobacteria; Alphaproteobacteria; Rhizobiales; Beijerinckiaceae; Methylobacterium
0778e8c1ae1fc2e09fe644fb5a540d31	0	0	4	0	0	0	0	0	0	0	0	0	0	0	0	0	0	0	0	0	0	0	0	0	36	0	0	0	0	0	Bacteria; Actinobacteria; Thermoleophilia; Solirubrobacterales; 67-14; uncultured_bacterium
0663c5e9b0ab5bf1fdc1ad2316dbfa04	0	0	0	0	0	6	0	0	0	0	0	0	0	0	0	0	0	0	0	0	0	0	0	0	0	0	20	0	14	0	Bacteria; Actinobacteria; Actinobacteria; Micrococcales; Microbacteriaceae; Leucobacter
97de1a7f4cb7a28f5bdd5fcb9cd70a9a	0	0	0	0	0	0	0	0	0	0	0	0	0	0	26	0	0	0	0	0	0	0	14	0	0	0	0	0	0	0	Bacteria; Proteobacteria; Gammaproteobacteria; Pseudomonadales; Pseudomonadaceae; Pseudomonas
64a7728654e8082b9ae4117afa279542	0	0	0	0	0	0	0	0	0	0	0	0	0	0	2	0	0	0	0	0	0	0	0	0	0	4	0	0	34	0	Bacteria; Proteobacteria; Deltaproteobacteria; Myxococcales; Sandaracinaceae; Unidentified_Sandaracinaceae
fc6622c636a5210293fb2873fc4761d9	0	0	0	0	0	0	0	0	0	0	0	0	0	0	0	0	0	0	0	0	0	0	0	0	40	0	0	0	0	0	Bacteria; Proteobacteria; Alphaproteobacteria; Rhizobiales; Rhizobiaceae; Allorhizobium-Neorhizobium-Pararhizobium-Rhizobium
635a950b7846985dfc2f5942aef0fcce	0	0	0	0	0	0	0	0	0	0	0	0	0	0	0	0	0	0	0	0	0	0	0	0	22	0	0	0	10	8	Bacteria; Proteobacteria; Deltaproteobacteria; Myxococcales; BIrii41; metagenome
bad02fb4b97f30182ffe6e934f54ad5f	0	0	0	0	0	0	0	0	0	0	0	0	0	0	0	0	0	0	0	0	0	0	0	0	22	0	0	18	0	0	Bacteria; Proteobacteria; Gammaproteobacteria; CCD24; uncultured_bacterium; uncultured_bacterium
52faa4116784dc056ebd6f3b2ec30064	0	0	0	0	0	0	0	0	0	0	0	0	0	0	0	0	0	0	0	0	0	0	0	0	0	12	0	0	0	28	Bacteria; Bacteroidetes; Bacteroidia; Sphingobacteriales; Sphingobacteriaceae; Olivibacter
c8e60cb506844202f6e5c1fde7b5dacf	0	0	0	0	0	0	0	0	0	0	0	0	0	0	0	0	0	0	0	0	0	0	0	0	0	12	0	0	28	0	Bacteria; Proteobacteria; Alphaproteobacteria; uncultured; uncultured_bacterium; uncultured_bacterium
b72a66d6132d8abc20c001ef74204cad	0	0	0	0	0	0	0	0	0	0	0	0	0	0	0	0	0	0	0	0	0	0	0	0	0	12	0	6	22	0	Bacteria; Actinobacteria; Actinobacteria; Streptosporangiales; Thermomonosporaceae; Unidentified_Thermomonosporaceae
58fe04bf04432d75f9d6789082ff9eba	0	0	0	0	0	0	0	0	0	0	0	0	0	0	0	0	0	0	0	0	0	0	0	0	0	0	0	20	20	0	Bacteria; Proteobacteria; Alphaproteobacteria; Rhizobiales; uncultured; uncultured_bacterium
147d37c43c9447707a0fd11f7f8a0390	0	0	0	0	0	0	0	0	0	0	0	0	0	0	0	0	0	0	0	0	0	0	0	0	0	0	0	16	24	0	Bacteria; Firmicutes; Clostridia; Clostridiales; Ruminococcaceae; Ruminococcaceae_NK4A214_group
57927b1c19dc176bc7111d6a650752bc	0	0	0	0	0	0	0	0	0	0	0	0	0	0	0	0	0	0	0	0	0	0	0	0	0	0	0	0	40	0	Bacteria; Proteobacteria; Deltaproteobacteria; Myxococcales; Sandaracinaceae; Sandaracinus
b0093ec376b240e4472882cb03e85dec	0	0	0	0	0	0	0	0	0	0	0	0	0	0	0	0	0	0	0	0	0	0	0	0	0	0	0	0	0	40	Bacteria; Bacteroidetes; Bacteroidia; Sphingobacteriales; Sphingobacteriaceae; Parapedobacter
f40942d2cadc6d9057373a2a91f7638a	0	0	0	0	0	0	0	0	0	0	0	0	0	0	38	0	0	0	0	0	0	0	0	0	0	0	0	0	0	0	Bacteria; Firmicutes; Bacilli; Bacillales; Paenibacillaceae; Paenibacillus
99b49a4befa21163849d7e9b63b20d47	0	0	0	0	0	0	0	0	0	0	0	0	0	0	0	0	0	0	0	0	0	0	0	0	38	0	0	0	0	0	Bacteria; Proteobacteria; Gammaproteobacteria; Xanthomonadales; Xanthomonadaceae; Luteimonas
cb33997157185621f6feb41ab0f8c09c	0	0	0	0	0	0	0	0	0	0	0	0	0	0	0	0	0	0	0	0	0	0	0	0	38	0	0	0	0	0	Bacteria; Firmicutes; Bacilli; Bacillales; Bacillaceae; Bacillus
466eb260cb96986653621ac1286143e2	0	0	0	0	0	0	0	0	0	0	0	0	0	0	0	0	0	0	0	0	0	0	0	0	38	0	0	0	0	0	Bacteria; Proteobacteria; Deltaproteobacteria; Bdellovibrionales; Bdellovibrionaceae; Bdellovibrio
7d89f65efca651d2092e030250fc5f20	0	0	0	0	0	0	0	0	0	0	0	0	0	0	0	0	0	0	0	0	0	0	0	0	38	0	0	0	0	0	Bacteria; Proteobacteria; Gammaproteobacteria; Xanthomonadales; Xanthomonadaceae; Pseudoxanthomonas
4136ea8d1f9ea7e90c6e0957b23c5315	0	0	0	0	0	0	0	0	0	0	0	0	0	0	0	0	0	0	0	0	0	0	0	0	18	0	0	10	0	10	Bacteria; Proteobacteria; Alphaproteobacteria; Rhizobiales; Xanthobacteraceae; Unidentified_Xanthobacteraceae
dfd42bc974d222dd5ad90c5cb821ea9f	0	0	0	0	0	0	0	0	0	0	0	0	0	0	0	0	0	0	0	0	0	0	0	0	0	18	0	0	0	20	Bacteria; Actinobacteria; Actinobacteria; Streptomycetales; Streptomycetaceae; Streptomyces
bb4a2a96654212a3a33aecbb01846547	0	0	0	0	0	0	0	0	0	0	0	0	0	0	0	0	0	0	0	0	0	0	0	0	0	0	8	0	0	30	Bacteria; Proteobacteria; Gammaproteobacteria; Betaproteobacteriales; Burkholderiaceae; Parapusillimonas
23c2489f901aa959b9b93235805df1a3	0	0	0	0	0	0	0	0	0	0	0	0	0	0	0	0	0	0	0	0	0	0	0	0	0	0	0	18	20	0	Bacteria; Planctomycetes; Planctomycetacia; Pirellulales; Pirellulaceae; Pir4_lineage
e0951a75bb6ebaf716ca9b94f24a1774	0	0	0	0	0	0	0	0	0	0	0	0	0	0	0	0	0	0	0	0	0	0	0	0	0	0	0	0	0	38	Bacteria; Bacteroidetes; Bacteroidia; Sphingobacteriales; Sphingobacteriaceae; Unidentified_Sphingobacteriaceae
3e9b5c0ada2e0073aac2f436d1e5b9f5	0	0	0	0	0	0	0	0	0	0	0	0	0	8	0	0	22	0	0	0	0	0	6	0	0	0	0	0	0	0	Bacteria; Bacteroidetes; Bacteroidia; Sphingobacteriales; Sphingobacteriaceae; Sphingobacterium
4c89a6c9b0d96a710e454e4e28531240	0	0	0	0	0	0	0	0	0	0	0	0	0	0	0	0	0	0	14	0	0	0	22	0	0	0	0	0	0	0	Bacteria; Proteobacteria; Gammaproteobacteria; Xanthomonadales; Xanthomonadaceae; Stenotrophomonas
9e578b7b16b7b47dc31eb6ff7579d040	0	0	0	0	0	0	0	0	0	0	0	0	0	0	0	0	0	0	0	0	0	2	0	0	0	0	0	12	22	0	Bacteria; Planctomycetes; Planctomycetacia; Pirellulales; Pirellulaceae; Pir4_lineage
c8f2feb6e477ff36e1082f79cd196973	0	0	0	0	0	0	0	0	0	0	0	0	0	0	0	0	0	0	0	0	0	0	0	0	36	0	0	0	0	0	Bacteria; Planctomycetes; Planctomycetacia; Pirellulales; Pirellulaceae; uncultured
2575cfc48afd2c7aa23d18e0178b810e	0	0	0	0	0	0	0	0	0	0	0	0	0	0	0	0	0	0	0	0	0	0	0	0	36	0	0	0	0	0	Bacteria; Proteobacteria; Alphaproteobacteria; Caulobacterales; Caulobacteraceae; Asticcacaulis
70fcf406d8770aea78dc6dd01ff9ee8d	0	0	0	0	0	0	0	0	0	0	0	0	0	0	0	0	0	0	0	0	0	0	0	0	36	0	0	0	0	0	Bacteria; Bacteroidetes; Bacteroidia; Chitinophagales; Chitinophagaceae; Unidentified_Chitinophagaceae
57d336732175f9a3159b6d0ec113b8be	0	0	0	0	0	0	0	0	0	0	0	0	0	0	0	0	0	0	0	0	0	0	0	0	28	0	0	0	8	0	Bacteria; Proteobacteria; Alphaproteobacteria; Rhizobiales; uncultured; uncultured_bacterium
6a53c899e80eacbc69042e78cd4a9f97	0	0	0	0	0	0	0	0	0	0	0	0	0	0	0	0	0	0	0	0	0	0	0	0	28	0	0	0	0	8	Bacteria; Verrucomicrobia; Verrucomicrobiae; Opitutales; Opitutaceae; IMCC26134
fc03bb00a2109a17af8c5434e78bd315	0	0	0	0	0	0	0	0	0	0	0	0	0	0	0	0	0	0	0	0	0	0	0	0	20	0	0	16	0	0	Bacteria; Firmicutes; Clostridia; Clostridiales; Lachnospiraceae; [Eubacterium]_fissicatena_group
c9010a12580262e6e4f4bfdac0130584	0	0	0	0	0	0	0	0	0	0	0	0	0	0	0	0	0	0	0	0	0	0	0	0	18	0	0	12	0	6	Bacteria; Firmicutes; Bacilli; Bacillales; Paenibacillaceae; Paenibacillus
2b91effd3a4803058e55d2306a01b8d3	0	0	0	0	0	0	0	0	0	0	0	0	0	0	0	0	0	0	0	0	0	0	0	0	0	24	0	0	0	12	Bacteria; Proteobacteria; Alphaproteobacteria; Caulobacterales; Hyphomonadaceae; SWB02
73ef74448783d4d0914f7c3e26ba0620	0	0	0	0	0	0	0	0	0	0	0	0	0	0	0	0	0	0	0	0	0	0	0	0	0	8	0	14	14	0	Bacteria; Proteobacteria; Gammaproteobacteria; Unidentified_Gammaproteobacteria; Unidentified_Gammaproteobacteria; Unidentified_Gammaproteobacteria
b9378a66f4d456eeaf2067d35a70f967	0	0	0	0	0	0	0	0	0	0	0	0	0	0	0	0	0	0	0	0	0	0	0	0	0	6	0	0	30	0	Bacteria; Proteobacteria; Alphaproteobacteria; Reyranellales; Reyranellaceae; Unidentified_Reyranellaceae
eb3c8c832568836312fccd746ecc2e72	0	0	0	0	0	0	0	0	0	0	0	0	0	0	0	0	0	0	0	0	0	0	0	0	0	0	12	0	0	24	Bacteria; Actinobacteria; Actinobacteria; Micrococcales; Microbacteriaceae; Unidentified_Microbacteriaceae
096f4e86f0697e5dbefd498ffc18653e	0	0	0	0	0	0	0	0	0	0	0	0	0	0	0	0	0	0	0	0	0	0	0	0	0	0	6	0	30	0	Bacteria; Planctomycetes; Planctomycetacia; Pirellulales; Pirellulaceae; Unidentified_Pirellulaceae
d2045dde53aa8974ac592c8668512160	0	0	0	0	0	0	0	0	0	0	0	0	0	0	0	0	0	0	0	0	0	0	0	0	0	0	0	36	0	0	Bacteria; Firmicutes; Bacilli; Bacillales; Thermoactinomycetaceae; Thermoactinomyces
bfde4e30e3229a7ef3b41d389a68f09e	0	0	0	0	0	0	0	0	0	0	0	0	0	0	0	0	0	0	0	0	0	0	0	0	0	0	0	0	36	0	Bacteria; Chloroflexi; Chloroflexia; Kallotenuales; AKIW781; uncultured_bacterium
fa36e970192eb4622169cd412c9f126b	0	0	0	0	0	0	0	0	0	0	0	0	0	0	0	0	0	0	0	0	0	0	0	0	0	0	0	0	20	16	Bacteria; Proteobacteria; Alphaproteobacteria; Rhizobiales; Stappiaceae; Unidentified_Stappiaceae
1e93fdcba8e150086ed99258299cb3a9	2	0	0	0	0	0	0	0	0	0	0	0	0	0	0	0	0	0	0	0	0	0	0	0	32	0	0	0	0	0	Bacteria; Proteobacteria; Alphaproteobacteria; Micavibrionales; uncultured; uncultured_bacterium
5ceadba380f258112c29bda280bf9c1e	0	0	0	0	0	0	0	0	0	10	22	0	0	0	0	0	0	0	0	0	0	0	0	0	2	0	0	0	0	0	Bacteria; Firmicutes; Clostridia; Clostridiales; Christensenellaceae; Christensenellaceae_R-7_group
e4f56f34c8fd6f0e0bfd85afea1a939b	0	0	0	0	0	0	0	0	0	4	0	0	12	0	0	0	0	10	0	0	0	0	8	0	0	0	0	0	0	0	Bacteria; Proteobacteria; Gammaproteobacteria; Betaproteobacteriales; Burkholderiaceae; Burkholderia-Caballeronia-Paraburkholderia
df1b43de0f30d64bcfd5d058b214e19a	0	0	0	0	0	0	0	0	0	0	0	0	0	0	14	0	20	0	0	0	0	0	0	0	0	0	0	0	0	0	Bacteria; Actinobacteria; Actinobacteria; Micrococcales; Micrococcaceae; Nesterenkonia
821130ba72e86c335c55c269f31db0d0	0	0	0	0	0	0	0	0	0	0	0	0	0	0	0	0	0	16	0	0	0	0	0	0	0	0	0	0	18	0	Bacteria; Firmicutes; Clostridia; Clostridiales; Clostridiaceae_1; Clostridium_sensu_stricto_1
1cd7a54ee54e4b672b89662500d5607f	0	0	0	0	0	0	0	0	0	0	0	0	0	0	0	0	0	0	0	0	0	0	0	0	34	0	0	0	0	0	Bacteria; Proteobacteria; Alphaproteobacteria; Caulobacterales; Hyphomonadaceae; SWB02
ce39296aa983a2fd2176fdaabaf10815	0	0	0	0	0	0	0	0	0	0	0	0	0	0	0	0	0	0	0	0	0	0	0	0	34	0	0	0	0	0	Bacteria; Firmicutes; Bacilli; Bacillales; Paenibacillaceae; Paenibacillus
4928fbc8c8d78afd22750ca61f4191df	0	0	0	0	0	0	0	0	0	0	0	0	0	0	0	0	0	0	0	0	0	0	0	0	34	0	0	0	0	0	Bacteria; Bacteroidetes; Bacteroidia; Sphingobacteriales; Sphingobacteriaceae; Pseudopedobacter
bf63272ab57b6626ded2ffd449d7de8a	0	0	0	0	0	0	0	0	0	0	0	0	0	0	0	0	0	0	0	0	0	0	0	0	18	0	0	0	0	16	Bacteria; Proteobacteria; Gammaproteobacteria; Steroidobacterales; Steroidobacteraceae; Steroidobacter
1d88b5b8fa76588ab2d2d651819e6ba3	0	0	0	0	0	0	0	0	0	0	0	0	0	0	0	0	0	0	0	0	0	0	0	0	18	0	0	0	0	16	Bacteria; Proteobacteria; Gammaproteobacteria; Xanthomonadales; Xanthomonadaceae; Luteimonas
595b83d1178965ce7581ecaa1c339cff	0	0	0	0	0	0	0	0	0	0	0	0	0	0	0	0	0	0	0	0	0	0	0	0	18	0	0	0	0	16	Bacteria; Proteobacteria; Deltaproteobacteria; Myxococcales; Haliangiaceae; Haliangium
83beef6b4d1c19ec1f289b7628d01bd8	0	0	0	0	0	0	0	0	0	0	0	0	0	0	0	0	0	0	0	0	0	0	0	0	14	0	0	0	0	20	Bacteria; Firmicutes; Clostridia; Clostridiales; Lachnospiraceae; Anaerocolumna
e13e1dd8af9a5f72c83d6c73e4a3d5c2	0	0	0	0	0	0	0	0	0	0	0	0	0	0	0	0	0	0	0	0	0	0	0	0	14	0	0	6	0	14	Bacteria; Firmicutes; Negativicutes; Selenomonadales; Veillonellaceae; Anaerospora
4a1ff464667e61843b57cf8ab77ec131	0	0	0	0	0	0	0	0	0	0	0	0	0	0	0	0	0	0	0	0	0	0	0	0	10	0	0	0	0	24	Bacteria; Bacteroidetes; Bacteroidia; Flavobacteriales; Flavobacteriaceae; Flavobacterium
1481dcb9ba2e5d5a22ba82ac887c8975	0	0	0	0	0	0	0	0	0	0	0	0	0	0	0	0	0	0	0	0	0	0	0	0	4	22	8	0	0	0	Bacteria; Proteobacteria; Alphaproteobacteria; Parvibaculales; Parvibaculaceae; Parvibaculum
ad91682b0954930c660375c69be365ac	0	0	0	0	0	0	0	0	0	0	0	0	0	0	0	0	0	0	0	0	0	0	0	0	0	22	0	4	0	8	Bacteria; Planctomycetes; Planctomycetacia; Pirellulales; Pirellulaceae; uncultured
53ac8ea8964fd937c41d8f74f23a8f04	0	0	0	0	0	0	0	0	0	0	0	0	0	0	0	0	0	0	0	0	0	0	0	0	0	12	0	0	22	0	Bacteria; Proteobacteria; Gammaproteobacteria; Xanthomonadales; Rhodanobacteraceae; Pseudofulvimonas
0551bb63d550ae8c8f89dacebda76822	0	0	0	0	0	0	0	0	0	0	0	0	0	0	0	0	0	0	0	0	0	0	0	0	0	0	14	0	0	20	Bacteria; Proteobacteria; Gammaproteobacteria; Xanthomonadales; Xanthomonadaceae; Pseudoxanthomonas
d1abae246253ea578a411eba51b6a988	0	0	0	0	0	0	0	0	0	0	0	0	0	0	0	0	0	0	0	0	0	0	0	0	0	0	0	34	0	0	Bacteria; Bacteroidetes; Bacteroidia; Sphingobacteriales; Sphingobacteriaceae; Sphingobacterium
9e18008e752f45d740cea351b1dc3cb2	0	0	0	0	0	0	0	0	0	0	0	0	0	0	0	0	0	0	0	0	0	0	0	0	0	0	0	6	28	0	Bacteria; Gemmatimonadetes; terrestrial_group; uncultured_bacterium; uncultured_bacterium; uncultured_bacterium
4c0793d22e1bf3d67819b91e29e55502	0	0	0	0	0	0	0	0	0	0	0	0	0	0	0	0	0	0	0	0	0	0	0	0	0	0	0	2	32	0	Bacteria; Verrucomicrobia; Verrucomicrobiae; Chthoniobacterales; Terrimicrobiaceae; Terrimicrobium
941b75564bb70fa7c637d61df4062088	0	0	0	0	0	0	0	0	0	0	0	0	0	0	0	0	0	0	0	0	0	0	0	0	0	0	0	0	34	0	Bacteria; Proteobacteria; Alphaproteobacteria; Rhizobiales; Xanthobacteraceae; Unidentified_Xanthobacteraceae
bdf76f2fbe9e1fa55184214d7c93e71e	0	0	0	0	0	0	0	0	0	0	0	0	0	0	0	0	0	0	0	0	0	0	0	0	0	0	0	0	34	0	Bacteria; Proteobacteria; Alphaproteobacteria; Rhizobiales; uncultured; uncultured_bacterium
be74cad9381c15cfaa8e6071aa77e7f4	0	0	0	0	0	0	0	0	0	0	0	0	0	0	0	0	0	0	0	0	0	0	0	0	0	0	0	0	34	0	Bacteria; Proteobacteria; Gammaproteobacteria; Xanthomonadales; Xanthomonadaceae; Stenotrophomonas
773e2aaff8e41f5aa46f5730604c8809	0	0	0	0	0	0	0	0	0	0	0	0	0	0	0	0	0	0	0	0	0	0	0	0	0	0	0	0	34	0	Bacteria; Bacteroidetes; Bacteroidia; Sphingobacteriales; Sphingobacteriaceae; Parapedobacter
0b3e0bdb74db9d2fc3768dc828b88247	0	0	0	0	0	0	0	0	0	0	0	0	0	0	0	0	0	0	0	0	0	0	0	0	0	0	0	0	22	12	Bacteria; Actinobacteria; Thermoleophilia; Solirubrobacterales; Solirubrobacteraceae; Patulibacter
d56036577cede7703cd6693807a508f1	0	0	0	0	0	0	0	0	0	0	0	0	0	0	0	0	0	0	0	0	0	0	0	0	0	0	0	0	0	34	Bacteria; Proteobacteria; Alphaproteobacteria; Reyranellales; Reyranellaceae; Reyranella
0bb155f78709cc170cd07e7b9c58d27e	0	0	0	0	0	0	0	0	0	0	0	0	0	0	0	0	0	0	0	0	0	0	0	0	0	0	0	0	0	34	Bacteria; Firmicutes; Bacilli; Bacillales; Bacillaceae; Ureibacillus
38c27ceaed634984c1225a82648cf571	0	0	32	0	0	0	0	0	0	0	0	0	0	0	0	0	0	0	0	0	0	0	0	0	0	0	0	0	0	0	Bacteria; Proteobacteria; Gammaproteobacteria; Pseudomonadales; Pseudomonadaceae; Pseudomonas
8fbf899c224937d2d116af624d6ac11f	0	0	0	0	0	0	0	0	0	4	0	0	0	0	0	0	0	0	0	14	2	10	0	2	0	0	0	0	0	0	Bacteria; Firmicutes; Bacilli; Bacillales; Bacillaceae; Terribacillus
a2ee6cc5c3c06fbaf1d9a1c537d0ea8f	0	0	0	0	0	0	0	0	0	0	6	0	0	26	0	0	0	0	0	0	0	0	0	0	0	0	0	0	0	0	Bacteria; Bacteroidetes; Bacteroidia; Sphingobacteriales; Sphingobacteriaceae; Sphingobacterium
cf7698db254f2d59554fa6cb743967cd	0	0	0	0	0	0	0	0	0	0	0	0	4	8	8	6	6	0	0	0	0	0	0	0	0	0	0	0	0	0	Bacteria; Proteobacteria; Alphaproteobacteria; Caulobacterales; Caulobacteraceae; Brevundimonas
3f9039099b54f1eba31199c691937c3a	0	0	0	0	0	0	0	0	0	0	0	0	0	0	10	10	12	0	0	0	0	0	0	0	0	0	0	0	0	0	Bacteria; Firmicutes; Bacilli; Bacillales; Bacillaceae; Bacillus
8abd3585c9b1660fdd408406819f4295	0	0	0	0	0	0	0	0	0	0	0	0	0	0	0	8	12	12	0	0	0	0	0	0	0	0	0	0	0	0	Bacteria; Proteobacteria; Alphaproteobacteria; Rhodobacterales; Rhodobacteraceae; Unidentified_Rhodobacteraceae
66ef2231f7abd434d4a94c6463673d88	0	0	0	0	0	0	0	0	0	0	0	0	0	0	0	0	0	0	0	0	0	0	10	22	0	0	0	0	0	0	Bacteria; Firmicutes; Bacilli; Lactobacillales; Leuconostocaceae; Weissella
d15bd1dcb9de71d7452648673a59f5b8	0	0	0	0	0	0	0	0	0	0	0	0	0	0	0	0	0	0	0	0	0	0	0	32	0	0	0	0	0	0	Bacteria; Bacteroidetes; Bacteroidia; Sphingobacteriales; Sphingobacteriaceae; Pedobacter
68597028ce8a7f0aedcb26ed72a241c7	0	0	0	0	0	0	0	0	0	0	0	0	0	0	0	0	0	0	0	0	0	0	0	0	32	0	0	0	0	0	Bacteria; Proteobacteria; Deltaproteobacteria; Myxococcales; Archangiaceae; Unidentified_Archangiaceae
ae430eb9bab5c95870c2d866a9dcb8c0	0	0	0	0	0	0	0	0	0	0	0	0	0	0	0	0	0	0	0	0	0	0	0	0	28	0	0	4	0	0	Bacteria; Firmicutes; Bacilli; Bacillales; Paenibacillaceae; Paenibacillus
ca7a4984e4da899d8bed60df751ed91a	0	0	0	0	0	0	0	0	0	0	0	0	0	0	0	0	0	0	0	0	0	0	0	0	24	0	8	0	0	0	Bacteria; Deinococcus-Thermus; Deinococci; Deinococcales; Trueperaceae; Truepera
d2af52fc6f48ab4d05c96dad9527d8a2	0	0	0	0	0	0	0	0	0	0	0	0	0	0	0	0	0	0	0	0	0	0	0	0	22	0	10	0	0	0	Bacteria; Actinobacteria; Actinobacteria; Micrococcales; Microbacteriaceae; Unidentified_Microbacteriaceae
a1b22e9fc037986bb76e72e9dfd27d9d	0	0	0	0	0	0	0	0	0	0	0	0	0	0	0	0	0	0	0	0	0	0	0	0	16	16	0	0	0	0	Bacteria; Actinobacteria; Thermoleophilia; Solirubrobacterales; 67-14; uncultured_bacterium
e6902fafcd18d512bb61ccd0e50a1235	0	0	0	0	0	0	0	0	0	0	0	0	0	0	0	0	0	0	0	0	0	0	0	0	0	18	0	0	14	0	Bacteria; Actinobacteria; Acidimicrobiia; Microtrichales; Microtrichaceae; IMCC26207
9380e49952dccc3c2169dad4ffd0a02c	0	0	0	0	0	0	0	0	0	0	0	0	0	0	0	0	0	0	0	0	0	0	0	0	0	10	0	10	0	12	Bacteria; Bacteroidetes; Bacteroidia; Cytophagales; Microscillaceae; Ohtaekwangia
0bd453219c3799824b0df38c9fdbcc74	0	0	0	0	0	0	0	0	0	0	0	0	0	0	0	0	0	0	0	0	0	0	0	0	0	10	0	12	10	0	Bacteria; Proteobacteria; Gammaproteobacteria; Xanthomonadales; Rhodanobacteraceae; uncultured
7f5b6a4def2dac88f823c9cf9aeabe29	0	0	0	0	0	0	0	0	0	0	0	0	0	0	0	0	0	0	0	0	0	0	0	0	0	0	8	10	0	14	Bacteria; Firmicutes; Bacilli; Bacillales; Paenibacillaceae; Paenibacillus
82ba7e253f86c9eeff2a23acfdf8cd79	0	0	0	0	0	0	0	0	0	0	0	0	0	0	0	0	0	0	0	0	0	0	0	0	0	0	0	18	14	0	Bacteria; Chloroflexi; Anaerolineae; Caldilineales; Caldilineaceae; uncultured
c52494760e6802076dd1359cbbe986ad	0	0	0	0	0	0	0	0	0	0	0	0	0	0	0	0	0	0	0	0	0	0	0	0	0	0	0	0	32	0	Bacteria; Chloroflexi; OLB14; uncultured_bacterium; uncultured_bacterium; uncultured_bacterium
a93fbfcb208f40657052c9325f94d02e	0	0	0	0	0	0	0	0	0	0	0	0	0	0	0	0	0	0	0	0	0	0	0	0	0	0	0	0	0	32	Bacteria; Bacteroidetes; Bacteroidia; Chitinophagales; Chitinophagaceae; Unidentified_Chitinophagaceae
384f1d7dbdd0280deb8931e3a88de8f9	0	0	0	0	0	0	0	0	0	0	0	0	12	10	0	8	0	0	0	0	0	0	0	0	0	0	0	0	0	0	Bacteria; Actinobacteria; Actinobacteria; Micrococcales; Microbacteriaceae; Leucobacter
bcb2e69efd8b8fd6b9fe7b47498325ae	0	0	0	0	0	0	0	0	0	0	0	0	4	0	0	0	18	8	0	0	0	0	0	0	0	0	0	0	0	0	Bacteria; Firmicutes; Bacilli; Bacillales; Bacillaceae; Oceanobacillus
4ba6bad752253e930876e8c688e4d9fb	0	0	0	0	0	0	0	0	0	0	0	0	0	20	0	0	0	0	0	0	0	0	0	0	0	0	0	0	10	0	Bacteria; Proteobacteria; Alphaproteobacteria; Rhizobiales; Rhizobiaceae; Allorhizobium-Neorhizobium-Pararhizobium-Rhizobium
29daaf94c6c9c41e5044aa321d18a306	0	0	0	0	0	0	0	0	0	0	0	0	0	12	0	0	18	0	0	0	0	0	0	0	0	0	0	0	0	0	Bacteria; Firmicutes; Bacilli; Lactobacillales; Lactobacillaceae; Lactobacillus
cad176e30fb1b2269dc7b0f9ff6381c4	0	0	0	0	0	0	0	0	0	0	0	0	0	0	0	0	30	0	0	0	0	0	0	0	0	0	0	0	0	0	Bacteria; Bacteroidetes; Bacteroidia; Sphingobacteriales; Sphingobacteriaceae; Unidentified_Sphingobacteriaceae
eff15f2178847a027099e47f2bbb7ef1	0	0	0	0	0	0	0	0	0	0	0	0	0	0	0	0	0	0	0	0	2	0	0	0	0	0	0	28	0	0	Bacteria; Planctomycetes; Phycisphaerae; Phycisphaerales; Phycisphaeraceae; SM1A02
a16b0d0810105b3d48984b0442ed216c	0	0	0	0	0	0	0	0	0	0	0	0	0	0	0	0	0	0	0	0	0	0	0	0	30	0	0	0	0	0	Bacteria; Firmicutes; Bacilli; Bacillales; Paenibacillaceae; Cohnella
bebeef240dcae4cdd2630a511451487e	0	0	0	0	0	0	0	0	0	0	0	0	0	0	0	0	0	0	0	0	0	0	0	0	30	0	0	0	0	0	Bacteria; Proteobacteria; Gammaproteobacteria; Betaproteobacteriales; Burkholderiaceae; Unidentified_Burkholderiaceae
81d3c6bf382be478786eb164d5330d43	0	0	0	0	0	0	0	0	0	0	0	0	0	0	0	0	0	0	0	0	0	0	0	0	30	0	0	0	0	0	Bacteria; Verrucomicrobia; Verrucomicrobiae; Opitutales; Opitutaceae; Lacunisphaera
d2313649c699512d95e3ed982e180ead	0	0	0	0	0	0	0	0	0	0	0	0	0	0	0	0	0	0	0	0	0	0	0	0	30	0	0	0	0	0	Bacteria; Actinobacteria; Acidimicrobiia; Microtrichales; uncultured; uncultured_bacterium
8e247d596be0db44c361357ea6fef132	0	0	0	0	0	0	0	0	0	0	0	0	0	0	0	0	0	0	0	0	0	0	0	0	30	0	0	0	0	0	Bacteria; Actinobacteria; Acidimicrobiia; Microtrichales; Iamiaceae; Iamia
f8e3eafbf2a9b9f4226dc64c1b657bf8	0	0	0	0	0	0	0	0	0	0	0	0	0	0	0	0	0	0	0	0	0	0	0	0	30	0	0	0	0	0	Bacteria; Proteobacteria; Alphaproteobacteria; Rhizobiales; D05-2; Unidentified
b1d5f3238f6aae4adb34b61caa91354c	0	0	0	0	0	0	0	0	0	0	0	0	0	0	0	0	0	0	0	0	0	0	0	0	30	0	0	0	0	0	Bacteria; Proteobacteria; Alphaproteobacteria; Rhizobiales; Unidentified_Rhizobiales; Unidentified_Rhizobiales
30042545d6a5c346d3755fad20ba5cbf	0	0	0	0	0	0	0	0	0	0	0	0	0	0	0	0	0	0	0	0	0	0	0	0	30	0	0	0	0	0	Bacteria; Firmicutes; Bacilli; Bacillales; Paenibacillaceae; Cohnella
7f63f7b20f2c1a9d89861d002520b731	0	0	0	0	0	0	0	0	0	0	0	0	0	0	0	0	0	0	0	0	0	0	0	0	14	6	0	0	0	10	Bacteria; Firmicutes; Clostridia; Clostridiales; Ruminococcaceae; Ruminiclostridium
fb0e0597765647b630b58596b1cde8a7	0	0	0	0	0	0	0	0	0	0	0	0	0	0	0	0	0	0	0	0	0	0	0	0	12	0	0	0	18	0	Bacteria; Bacteroidetes; Bacteroidia; Flavobacteriales; NS9_marine_group; Unidentified
6e0a590b2d70ceccc17ad0bda5a70298	0	0	0	0	0	0	0	0	0	0	0	0	0	0	0	0	0	0	0	0	0	0	0	0	10	0	0	0	0	20	Bacteria; Proteobacteria; Alphaproteobacteria; Rhizobiales; D05-2; uncultured_bacterium
0e3db52ccadf25c744b2973f5b7807da	0	0	0	0	0	0	0	0	0	0	0	0	0	0	0	0	0	0	0	0	0	0	0	0	10	6	0	0	14	0	Bacteria; Actinobacteria; Actinobacteria; Streptosporangiales; Streptosporangiaceae; Unidentified_Streptosporangiaceae
be0a7dcf190a1d7bc0e48e74ed304f86	0	0	0	0	0	0	0	0	0	0	0	0	0	0	0	0	0	0	0	0	0	0	0	0	4	0	6	0	8	12	Bacteria; Actinobacteria; Actinobacteria; Streptosporangiales; Nocardiopsaceae; Unidentified_Nocardiopsaceae
4fa981eb7d3843e5c9062b50a1b6bfec	0	0	0	0	0	0	0	0	0	0	0	0	0	0	0	0	0	0	0	0	0	0	0	0	0	14	0	0	16	0	Bacteria; Actinobacteria; Actinobacteria; Micrococcales; Microbacteriaceae; Microbacterium
6facdf2edd2f9ad8ec7d5d404cfe5bfe	0	0	0	0	0	0	0	0	0	0	0	0	0	0	0	0	0	0	0	0	0	0	0	0	0	14	0	0	0	16	Bacteria; Proteobacteria; Alphaproteobacteria; Rhizobiales; Hyphomicrobiaceae; Unidentified_Hyphomicrobiaceae
33ee6a012e227f05a8fcd45bb6a8c4fa	0	0	0	0	0	0	0	0	0	0	0	0	0	0	0	0	0	0	0	0	0	0	0	0	0	8	0	12	10	0	Bacteria; Planctomycetes; Planctomycetacia; Pirellulales; Pirellulaceae; uncultured
7dee90d8ddbddaae2064970ff31b85d2	0	0	0	0	0	0	0	0	0	0	0	0	0	0	0	0	0	0	0	0	0	0	0	0	0	0	0	14	0	16	Bacteria; Proteobacteria; Gammaproteobacteria; Betaproteobacteriales; Burkholderiaceae; Noviherbaspirillum
687a64b6e3d32ed296219cfabfda3315	0	0	0	0	0	0	0	0	0	0	0	0	0	0	0	0	0	0	0	0	0	0	0	0	0	0	0	0	30	0	Bacteria; Proteobacteria; Gammaproteobacteria; Betaproteobacteriales; Burkholderiaceae; Alcaligenes
09bfa46ab6e39d69766677d7a5d7b6a6	0	0	0	0	0	0	0	0	0	0	0	0	0	0	0	0	0	0	0	0	0	0	0	0	0	0	0	0	30	0	Bacteria; Bacteroidetes; Bacteroidia; Chitinophagales; Chitinophagaceae; uncultured
b0ec483c09a30259292a099a147278c5	0	0	0	0	0	0	0	0	0	0	0	0	0	0	0	0	0	0	0	0	0	0	0	0	0	0	0	0	30	0	Bacteria; Actinobacteria; Actinobacteria; Corynebacteriales; Nocardiaceae; Nocardia
89e74c158351462d87e3c8538b90f32a	0	0	0	0	0	0	0	0	0	0	0	0	0	0	0	0	0	0	0	0	0	0	0	0	0	0	0	0	12	18	Bacteria; Actinobacteria; Actinobacteria; Propionibacteriales; Nocardioidaceae; Aeromicrobium
fdcdfccb9c5305473b575a31d5862d5e	0	0	0	0	0	0	0	0	0	0	0	0	0	0	0	0	0	0	0	0	0	0	0	0	0	0	0	0	12	18	Bacteria; Proteobacteria; Gammaproteobacteria; Betaproteobacteriales; Burkholderiaceae; Limnobacter
c044ced596d53a61fb42056dd369fc13	0	0	28	0	0	0	0	0	0	0	0	0	0	0	0	0	0	0	0	0	0	0	0	0	0	0	0	0	0	0	Bacteria; Proteobacteria; Gammaproteobacteria; Pseudomonadales; Moraxellaceae; Acinetobacter
c2b0c292ba79d7d99783fe1c32e4be7b	0	0	0	0	0	28	0	0	0	0	0	0	0	0	0	0	0	0	0	0	0	0	0	0	0	0	0	0	0	0	Bacteria; Proteobacteria; Gammaproteobacteria; Pseudomonadales; Pseudomonadaceae; Pseudomonas
7b381ce5d8ce48483c5d89a377c06cd3	0	0	0	0	0	0	4	0	0	16	0	0	0	0	0	0	2	6	0	0	0	0	0	0	0	0	0	0	0	0	Bacteria; Proteobacteria; Alphaproteobacteria; Rickettsiales; Rickettsiaceae; Rickettsia
e5e0736aa5d9832f64deb09f4642d92f	0	0	0	0	0	0	0	0	0	4	0	6	0	0	0	0	0	0	0	0	0	0	0	0	0	0	0	18	0	0	Bacteria; Proteobacteria; Alphaproteobacteria; Acetobacterales; Acetobacteraceae; Roseomonas
c90d8b7a6117e548fca8717693a103cb	0	0	0	0	0	0	0	0	0	0	0	0	0	10	0	0	18	0	0	0	0	0	0	0	0	0	0	0	0	0	Bacteria; Actinobacteria; Actinobacteria; Micrococcales; Microbacteriaceae; Leucobacter
cc1969ccf83046dc55332bc4f6898363	0	0	0	0	0	0	0	0	0	0	0	0	0	8	0	0	8	12	0	0	0	0	0	0	0	0	0	0	0	0	Bacteria; Firmicutes; Bacilli; Lactobacillales; Lactobacillaceae; Lactobacillus
598032889ed63d66f0d741697e49983d	0	0	0	0	0	0	0	0	0	0	0	0	0	2	0	0	0	0	0	0	0	0	0	0	0	0	0	0	14	12	Bacteria; Bacteroidetes; Bacteroidia; Chitinophagales; Chitinophagaceae; Taibaiella
12d5f67f215ef88defda78a44149dcc7	0	0	0	0	0	0	0	0	0	0	0	0	0	0	0	28	0	0	0	0	0	0	0	0	0	0	0	0	0	0	Bacteria; Actinobacteria; Actinobacteria; Streptomycetales; Streptomycetaceae; Streptomyces
213fb33868f9d53d9edc51b63639156a	0	0	0	0	0	0	0	0	0	0	0	0	0	0	0	0	0	28	0	0	0	0	0	0	0	0	0	0	0	0	Bacteria; Proteobacteria; Alphaproteobacteria; Acetobacterales; Acetobacteraceae; Unidentified_Acetobacter
21b19f64e6affc9531a58a1611b5c980	0	0	0	0	0	0	0	0	0	0	0	0	0	0	0	0	0	0	0	0	0	0	0	0	28	0	0	0	0	0	Bacteria; Firmicutes; Bacilli; Bacillales; Paenibacillaceae; Paenibacillus
7636af15d940ecf98de620b68c1d9db1	0	0	0	0	0	0	0	0	0	0	0	0	0	0	0	0	0	0	0	0	0	0	0	0	28	0	0	0	0	0	Bacteria; Proteobacteria; Alphaproteobacteria; Rhizobiales; Devosiaceae; Devosia
4083b7c2ab82927b37378ab6df413f9d	0	0	0	0	0	0	0	0	0	0	0	0	0	0	0	0	0	0	0	0	0	0	0	0	28	0	0	0	0	0	Bacteria; Firmicutes; Clostridia; Clostridiales; Clostridiaceae_1; Clostridium_sensu_stricto_1
e2ba280cf019bc8071d49a962182e817	0	0	0	0	0	0	0	0	0	0	0	0	0	0	0	0	0	0	0	0	0	0	0	0	20	0	0	0	8	0	Bacteria; Firmicutes; Clostridia; Clostridiales; Ruminococcaceae; Ruminiclostridium_5
aea73c99b0c8aee26a8390150cb402f2	0	0	0	0	0	0	0	0	0	0	0	0	0	0	0	0	0	0	0	0	0	0	0	0	20	0	0	6	2	0	Bacteria; Proteobacteria; Deltaproteobacteria; Oligoflexales; Oligoflexaceae; Oligoflexus
419cd053d9b7a339343d30a2e7410924	0	0	0	0	0	0	0	0	0	0	0	0	0	0	0	0	0	0	0	0	0	0	0	0	18	0	0	10	0	0	Bacteria; Firmicutes; Bacilli; Bacillales; Paenibacillaceae; Paenibacillus
a927c6458911ce3caf4562d7ee9268a0	0	0	0	0	0	0	0	0	0	0	0	0	0	0	0	0	0	0	0	0	0	0	0	0	18	0	0	0	10	0	Bacteria; Proteobacteria; Gammaproteobacteria; Cellvibrionales; Cellvibrionaceae; Cellvibrio
14ff660452637cf706f1a97b7c9d2c57	0	0	0	0	0	0	0	0	0	0	0	0	0	0	0	0	0	0	0	0	0	0	0	0	12	0	0	0	0	16	Bacteria; Proteobacteria; Alphaproteobacteria; Azospirillales; Azospirillaceae; Azospirillum
af2c741b659a81a83d95a8aaca4579a5	0	0	0	0	0	0	0	0	0	0	0	0	0	0	0	0	0	0	0	0	0	0	0	0	0	28	0	0	0	0	Bacteria; Actinobacteria; Actinobacteria; Micrococcales; Cellulomonadaceae; Cellulomonas
bcbfb29196d6027d95ba7b81efe67355	0	0	0	0	0	0	0	0	0	0	0	0	0	0	0	0	0	0	0	0	0	0	0	0	0	16	0	0	12	0	Bacteria; Chloroflexi; Chloroflexia; Thermomicrobiales; JG30-KF-CM45; uncultured_bacterium
65cccbb29b2d5f4f32058d4fdff9cb95	0	0	0	0	0	0	0	0	0	0	0	0	0	0	0	0	0	0	0	0	0	0	0	0	0	14	14	0	0	0	Bacteria; Firmicutes; Clostridia; Clostridiales; Lachnospiraceae; Unidentified_Lachnospiraceae
b26a4607eebdd149b7e9c10903d2f793	0	0	0	0	0	0	0	0	0	0	0	0	0	0	0	0	0	0	0	0	0	0	0	0	0	6	0	0	16	6	Bacteria; Planctomycetes; Planctomycetacia; Pirellulales; Pirellulaceae; Unidentified_Pirellulaceae
d828bbffc4e70e7d1cb045c9a675fb68	0	0	0	0	0	0	0	0	0	0	0	0	0	0	0	0	0	0	0	0	0	0	0	0	0	0	0	28	0	0	Bacteria; Actinobacteria; Acidimicrobiia; Microtrichales; Uncultured_Microtrichales; Uncultured_Microtrichales
dc1b5b955a183f144bdb5608ac7c967c	0	0	0	0	0	0	0	0	0	0	0	0	0	0	0	0	0	0	0	0	0	0	0	0	0	0	0	28	0	0	Bacteria; Proteobacteria; Alphaproteobacteria; Rhizobiales; Beijerinckiaceae; Microvirga
fa892408e6065f1a550f00c8c8fe5e63	0	0	0	0	0	0	0	0	0	0	0	0	0	0	0	0	0	0	0	0	0	0	0	0	0	0	0	28	0	0	Bacteria; Proteobacteria; Gammaproteobacteria; Betaproteobacteriales; Burkholderiaceae; Unidentified_Burkholderiaceae
2c2a8f3f651ab53fcf8eb7bb125b5373	0	0	0	0	0	0	0	0	0	0	0	0	0	0	0	0	0	0	0	0	0	0	0	0	0	0	0	12	16	0	Bacteria; Planctomycetes; Planctomycetacia; Pirellulales; Pirellulaceae; Unidentified_Pirellulaceae
3cc247c59e61e9730fc96f8a99276e52	0	0	0	0	0	0	0	0	0	0	0	0	0	0	0	0	0	0	0	0	0	0	0	0	0	0	0	12	16	0	Bacteria; Actinobacteria; Actinobacteria; Micromonosporales; Micromonosporaceae; Actinoplanes
bef3e1039e1dfac00151af9f006cda01	0	0	0	0	0	0	0	0	0	0	0	0	0	0	0	0	0	0	0	0	0	0	0	0	0	0	0	0	28	0	Bacteria; Bacteroidetes; Bacteroidia; Flavobacteriales; Flavobacteriaceae; Flavobacterium
ceae349b69948edea38949854ddbb6ff	0	0	0	0	0	0	0	0	0	0	0	0	0	0	0	0	0	0	0	0	0	0	0	0	0	0	0	0	28	0	Bacteria; Planctomycetes; Planctomycetacia; Pirellulales; Pirellulaceae; uncultured
36d28674d8dce0dbd46ae27205e3242b	0	0	0	0	0	0	0	0	0	0	0	0	0	0	0	0	0	0	0	0	0	0	0	0	0	0	0	0	28	0	Bacteria; Proteobacteria; Gammaproteobacteria; Betaproteobacteriales; Burkholderiaceae; Noviherbaspirillum
01be1cd641fec0fb07d9a329a4a8f58f	0	0	0	0	0	0	0	0	0	0	0	0	0	0	0	0	0	0	0	0	0	0	0	0	0	0	0	0	16	12	Bacteria; Proteobacteria; Alphaproteobacteria; Sphingomonadales; Sphingomonadaceae; Sphingopyxis
4f6f12c1983a7c7a339ba8b21c544a84	0	0	0	0	0	0	0	0	0	0	0	0	0	0	0	0	0	0	0	0	0	0	0	0	0	0	0	0	0	28	Bacteria; Proteobacteria; Gammaproteobacteria; Betaproteobacteriales; Burkholderiaceae; Cupriavidus
be4b4adf676dd16244e21776d23d4460	0	0	0	0	0	0	0	0	0	0	0	2	0	0	0	0	0	0	0	0	0	0	0	24	0	0	0	0	0	0	Bacteria; Bacteroidetes; Bacteroidia; Sphingobacteriales; Sphingobacteriaceae; Pedobacter
c0f775fff77049501c4f8b4f5460097c	0	0	0	0	0	0	0	0	0	0	0	0	0	0	0	26	0	0	0	0	0	0	0	0	0	0	0	0	0	0	Bacteria; Proteobacteria; Gammaproteobacteria; Betaproteobacteriales; Burkholderiaceae; Cupriavidus
764f3d72f55334ef626ea58f6e0d5107	0	0	0	0	0	0	0	0	0	0	0	0	0	0	0	0	0	26	0	0	0	0	0	0	0	0	0	0	0	0	Bacteria; Proteobacteria; Alphaproteobacteria; Rhizobiales; Rhizobiaceae; Allorhizobium-Neorhizobium-Pararhizobium-Rhizobium
300d7f75c069dabe1884bfdecbc797f9	0	0	0	0	0	0	0	0	0	0	0	0	0	0	0	0	0	0	0	0	0	2	0	0	0	0	0	0	24	0	Bacteria; Chloroflexi; Anaerolineae; SBR1031; A4b; uncultured_bacterium
dda2f81232ee68b118d784e5e746a144	0	0	0	0	0	0	0	0	0	0	0	0	0	0	0	0	0	0	0	0	0	0	0	26	0	0	0	0	0	0	Bacteria; Proteobacteria; Gammaproteobacteria; Xanthomonadales; Rhodanobacteraceae; Rhodanobacter
68fdbaef42ab622b983e16829f0c4377	0	0	0	0	0	0	0	0	0	0	0	0	0	0	0	0	0	0	0	0	0	0	0	0	26	0	0	0	0	0	Bacteria; Bacteroidetes; Bacteroidia; Sphingobacteriales; Sphingobacteriaceae; Sphingobacterium
519b1de76b21df5d3e2e064086bdff7f	0	0	0	0	0	0	0	0	0	0	0	0	0	0	0	0	0	0	0	0	0	0	0	0	26	0	0	0	0	0	Bacteria; Actinobacteria; Actinobacteria; Micrococcales; Unidentified_Micrococcales; Unidentified_Micrococcales
75a9fe5dbdbc05cb5ab5856e1f91df56	0	0	0	0	0	0	0	0	0	0	0	0	0	0	0	0	0	0	0	0	0	0	0	0	16	0	0	0	0	10	Bacteria; Bacteroidetes; Bacteroidia; Flavobacteriales; Weeksellaceae; Moheibacter
b4472019ea352662542184d6ec216135	0	0	0	0	0	0	0	0	0	0	0	0	0	0	0	0	0	0	0	0	0	0	0	0	12	0	0	0	14	0	Bacteria; Gemmatimonadetes; Longimicrobia; Longimicrobiales; Longimicrobiaceae; uncultured_bacterium
7d3ec83b5dfad551ff27b1c0e6e574de	0	0	0	0	0	0	0	0	0	0	0	0	0	0	0	0	0	0	0	0	0	0	0	0	8	0	0	18	0	0	Bacteria; Actinobacteria; Acidimicrobiia; Microtrichales; Microtrichaceae; uncultured
8716f0614a5cf1a876d11b3546a0fb32	0	0	0	0	0	0	0	0	0	0	0	0	0	0	0	0	0	0	0	0	0	0	0	0	0	26	0	0	0	0	Bacteria; Proteobacteria; Gammaproteobacteria; Unidentified_Gammaproteobacteria; Unidentified_Gammaproteobacteria; Unidentified_Gammaproteobacteria
ac194851a088f38bd0b00693bc6aabe8	0	0	0	0	0	0	0	0	0	0	0	0	0	0	0	0	0	0	0	0	0	0	0	0	0	26	0	0	0	0	Bacteria; Bacteroidetes; Bacteroidia; Chitinophagales; Chitinophagaceae; Unidentified_Chitinophagaceae
268ea55859eaf084aebcf15c7c4a48dd	0	0	0	0	0	0	0	0	0	0	0	0	0	0	0	0	0	0	0	0	0	0	0	0	0	10	6	10	0	0	Bacteria; Chloroflexi; Chloroflexia; Thermomicrobiales; JG30-KF-CM45; uncultured_bacterium
db7740ed63e76ab7f5e53b064021781f	0	0	0	0	0	0	0	0	0	0	0	0	0	0	0	0	0	0	0	0	0	0	0	0	0	0	0	26	0	0	Bacteria; Firmicutes; Bacilli; Bacillales; Thermoactinomycetaceae; Planifilum
4c77cf61837295f6fc858baee76f3bda	0	0	0	0	0	0	0	0	0	0	0	0	0	0	0	0	0	0	0	0	0	0	0	0	0	0	0	0	26	0	Bacteria; Actinobacteria; Actinobacteria; Micromonosporales; Micromonosporaceae; Unidentified_Micromonosporaceae
f8e1c1ba211f5d78892356dc5018159a	0	0	0	0	0	0	0	0	0	0	0	0	0	0	0	0	0	0	0	0	0	0	0	0	0	0	0	0	26	0	Bacteria; Proteobacteria; Deltaproteobacteria; Myxococcales; Polyangiaceae; Unidentified_Polyangiaceae
348df03aadcf319b787c54c76b6f4eaa	0	0	0	0	0	0	0	0	0	0	0	0	0	0	0	0	0	0	0	0	0	0	0	0	0	0	0	0	26	0	Bacteria; Chloroflexi; Dehalococcoidia; S085; Unidentified; Unidentified
5e72ba94b3cf6dc49f8de1e2f73355b9	0	0	0	0	0	0	0	0	0	0	0	0	0	0	0	0	0	0	0	0	0	0	0	0	0	0	0	0	26	0	Bacteria; Firmicutes; Bacilli; Bacillales; Paenibacillaceae; Brevibacillus
0c4e66af6c89864dca84b8aa1fee40c6	0	0	0	0	0	0	0	0	0	0	0	0	0	0	0	0	0	0	0	0	0	0	0	0	0	0	0	0	26	0	Bacteria; Proteobacteria; Alphaproteobacteria; Rhizobiales; Devosiaceae; Devosia
935d938e2e0bd5ece1ec49a8db079fa2	0	0	0	0	0	0	0	0	0	0	0	0	0	0	0	0	0	0	0	0	0	0	0	0	0	0	0	0	6	20	Bacteria; Proteobacteria; Alphaproteobacteria; Rhizobiales; Rhizobiaceae; Nitratireductor
552f97c51b4b873086895c1b4b03c311	0	0	0	0	0	0	0	0	0	0	0	0	0	0	0	0	0	0	0	0	0	0	0	0	0	0	0	0	0	26	Bacteria; Proteobacteria; Gammaproteobacteria; Pseudomonadales; Pseudomonadaceae; Pseudomonas
c17b9f556b16dd11584378735ea5fe9d	0	0	0	0	0	0	0	0	0	0	0	0	0	0	0	0	0	0	0	0	0	0	0	0	0	0	0	0	0	26	Bacteria; Proteobacteria; Alphaproteobacteria; Caulobacterales; Caulobacteraceae; Asticcacaulis
305ecf732ad0e180fc6aae08641a87ac	0	0	2	0	0	0	0	0	0	0	0	0	0	0	0	0	0	0	0	0	0	0	2	0	8	0	0	0	0	12	Bacteria; Proteobacteria; Alphaproteobacteria; Micavibrionales; Unidentified_Micavibrionales; Unidentified_Micavibrionales
65641452be75528754b5ae258ba661c1	0	0	0	0	0	0	0	0	0	4	0	0	0	0	0	0	12	8	0	0	0	0	0	0	0	0	0	0	0	0	Bacteria; Firmicutes; Bacilli; Lactobacillales; Aerococcaceae; Aerococcus
f6a25e77db29ce3f4b02050150834bdb	0	0	0	0	0	0	0	0	0	0	0	0	16	0	0	0	0	0	0	0	8	0	0	0	0	0	0	0	0	0	Bacteria; Proteobacteria; Gammaproteobacteria; Betaproteobacteriales; Methylophilaceae; Methylobacillus
b8d0d6d4da660bbb80529edfe85b2548	0	0	0	0	0	0	0	0	0	0	0	0	6	12	6	0	0	0	0	0	0	0	0	0	0	0	0	0	0	0	Bacteria; Proteobacteria; Gammaproteobacteria; Pseudomonadales; Pseudomonadaceae; Pseudomonas
565aef8c84370a9c32fa620ada37bb88	0	0	0	0	0	0	0	0	0	0	0	0	0	0	0	14	0	10	0	0	0	0	0	0	0	0	0	0	0	0	Bacteria; Actinobacteria; Actinobacteria; Pseudonocardiales; Pseudonocardiaceae; Pseudonocardia
daf0e952802ee8f3d1bdce2cc440064d	0	0	0	0	0	0	0	0	0	0	0	0	0	0	0	0	24	0	0	0	0	0	0	0	0	0	0	0	0	0	Bacteria; Firmicutes; Bacilli; Bacillales; Bacillaceae; Bacillus
09fa878f08cdedf99cdd1de9341f8047	0	0	0	0	0	0	0	0	0	0	0	0	0	0	0	0	14	10	0	0	0	0	0	0	0	0	0	0	0	0	Bacteria; Proteobacteria; Alphaproteobacteria; Rhizobiales; Rhizobiaceae; uncultured
aa4365709cd74c83df9b4e083b9ee4de	0	0	0	0	0	0	0	0	0	0	0	0	0	0	0	0	12	0	0	0	0	12	0	0	0	0	0	0	0	0	Bacteria; Proteobacteria; Alphaproteobacteria; Rhodobacterales; Rhodobacteraceae; Unidentified_Rhodobacteraceae
b94f868d36cd232aed3ce0605e1c9478	0	0	0	0	0	0	0	0	0	0	0	0	0	0	0	0	0	0	0	0	0	24	0	0	0	0	0	0	0	0	Bacteria; Proteobacteria; Gammaproteobacteria; Betaproteobacteriales; Burkholderiaceae; Massilia
09022b8beb28993dcdfa8c67e0f926df	0	0	0	0	0	0	0	0	0	0	0	0	0	0	0	0	0	0	0	0	0	0	0	24	0	0	0	0	0	0	Bacteria; Bacteroidetes; Bacteroidia; Chitinophagales; Chitinophagaceae; uncultured
9104e464668ba956eb9de3d3d2f9eb19	0	0	0	0	0	0	0	0	0	0	0	0	0	0	0	0	0	0	0	0	0	0	0	0	24	0	0	0	0	0	Bacteria; Epsilonbacteraeota; Campylobacteria; Campylobacterales; Campylobacteraceae; Campylobacter
37d426615b8668e3ba10877532e357f6	0	0	0	0	0	0	0	0	0	0	0	0	0	0	0	0	0	0	0	0	0	0	0	0	24	0	0	0	0	0	Bacteria; Proteobacteria; Gammaproteobacteria; Betaproteobacteriales; Chitinibacteraceae; Unidentified_Chitinibacteraceae
fc21533a65a8c1c186b18db1c4e89f81	0	0	0	0	0	0	0	0	0	0	0	0	0	0	0	0	0	0	0	0	0	0	0	0	24	0	0	0	0	0	Bacteria; Bacteroidetes; Bacteroidia; Flavobacteriales; Flavobacteriaceae; Flavobacterium
b7f2a5549684aeb8ba3be3f4e6cc70b5	0	0	0	0	0	0	0	0	0	0	0	0	0	0	0	0	0	0	0	0	0	0	0	0	24	0	0	0	0	0	Bacteria; Planctomycetes; Planctomycetacia; uncultured; uncultured_bacterium; uncultured_bacterium
5f1429729c696687b72dc8ec67b46e58	0	0	0	0	0	0	0	0	0	0	0	0	0	0	0	0	0	0	0	0	0	0	0	0	24	0	0	0	0	0	Bacteria; Chloroflexi; Chloroflexia; Thermomicrobiales; JG30-KF-CM45; uncultured_bacterium
9dbfe4d22bcf5d30ab23e7af1af4e3de	0	0	0	0	0	0	0	0	0	0	0	0	0	0	0	0	0	0	0	0	0	0	0	0	24	0	0	0	0	0	Bacteria; Bacteroidetes; Bacteroidia; Chitinophagales; Chitinophagaceae; Taibaiella
aea223c43c0bb2fd06b68dc7ab03bb1a	0	0	0	0	0	0	0	0	0	0	0	0	0	0	0	0	0	0	0	0	0	0	0	0	24	0	0	0	0	0	Bacteria; Actinobacteria; Actinobacteria; Micrococcales; Microbacteriaceae; Unidentified_Microbacteriaceae
376d69a51efb92de4bbb0e6956b47a46	0	0	0	0	0	0	0	0	0	0	0	0	0	0	0	0	0	0	0	0	0	0	0	0	24	0	0	0	0	0	Bacteria; Firmicutes; Clostridia; Clostridiales; Syntrophomonadaceae; Syntrophomonas
4f61232173b6b23bd20f366436838fd8	0	0	0	0	0	0	0	0	0	0	0	0	0	0	0	0	0	0	0	0	0	0	0	0	20	0	0	0	4	0	Bacteria; Deferribacteres; Deferribacteres; Deferribacterales; Deferribacteraceae; Geovibrio
615f1df4b457251834583842e2738512	0	0	0	0	0	0	0	0	0	0	0	0	0	0	0	0	0	0	0	0	0	0	0	0	8	0	0	0	0	16	Bacteria; Actinobacteria; Actinobacteria; Pseudonocardiales; Pseudonocardiaceae; Prauserella
5a18befe90831476340cbebdd5f813ed	0	0	0	0	0	0	0	0	0	0	0	0	0	0	0	0	0	0	0	0	0	0	0	0	0	24	0	0	0	0	Bacteria; Proteobacteria; Alphaproteobacteria; Azospirillales; Azospirillaceae; Skermanella
724a8c1c26edff22bbee5e02ee034260	0	0	0	0	0	0	0	0	0	0	0	0	0	0	0	0	0	0	0	0	0	0	0	0	0	24	0	0	0	0	Bacteria; Bacteroidetes; Bacteroidia; Sphingobacteriales; Sphingobacteriaceae; Sphingobacterium
80627e219fc8898f07a73f4299b9c0e6	0	0	0	0	0	0	0	0	0	0	0	0	0	0	0	0	0	0	0	0	0	0	0	0	0	24	0	0	0	0	Bacteria; Proteobacteria; Gammaproteobacteria; Betaproteobacteriales; Burkholderiaceae; Unidentified_Burkholderiaceae
d73a4692b97a964aed4650b339ac86c2	0	0	0	0	0	0	0	0	0	0	0	0	0	0	0	0	0	0	0	0	0	0	0	0	0	16	8	0	0	0	Bacteria; Planctomycetes; Phycisphaerae; Phycisphaerales; Phycisphaeraceae; SM1A02
cbeeb067e755acba40387aa983798f4a	0	0	0	0	0	0	0	0	0	0	0	0	0	0	0	0	0	0	0	0	0	0	0	0	0	10	0	14	0	0	Bacteria; Proteobacteria; Alphaproteobacteria; Rhizobiales; Devosiaceae; Unidentified_Devosiaceae
86b092aefa12a97f8ff02f3d84807586	0	0	0	0	0	0	0	0	0	0	0	0	0	0	0	0	0	0	0	0	0	0	0	0	0	6	0	0	18	0	Bacteria; Firmicutes; Clostridia; Clostridiales; Clostridiaceae_1; Unidentified_Clostridiaceae_2
93bb902fbd373b98608bebb2a11d6f88	0	0	0	0	0	0	0	0	0	0	0	0	0	0	0	0	0	0	0	0	0	0	0	0	0	0	8	0	16	0	Bacteria; Chloroflexi; Chloroflexia; Chloroflexales; Roseiflexaceae; uncultured
1dc3a7cd36625f81a603740de6b3160b	0	0	0	0	0	0	0	0	0	0	0	0	0	0	0	0	0	0	0	0	0	0	0	0	0	0	0	24	0	0	Bacteria; Proteobacteria; Alphaproteobacteria; Rhizobiales; Rhizobiaceae; Mesorhizobium
d4e4898c7d0353dc02d686f536cc0737	0	0	0	0	0	0	0	0	0	0	0	0	0	0	0	0	0	0	0	0	0	0	0	0	0	0	0	24	0	0	Bacteria; Chloroflexi; Chloroflexia; Chloroflexales; Roseiflexaceae; uncultured
b53d41f5dd941f95e5d37755e1ff6f84	0	0	0	0	0	0	0	0	0	0	0	0	0	0	0	0	0	0	0	0	0	0	0	0	0	0	0	24	0	0	Bacteria; Proteobacteria; Alphaproteobacteria; Rhizobiales; Xanthobacteraceae; Unidentified_Xanthobacteraceae
73941b5ceaec32351a7c4b2f5d158b5d	0	0	0	0	0	0	0	0	0	0	0	0	0	0	0	0	0	0	0	0	0	0	0	0	0	0	0	10	14	0	Bacteria; Firmicutes; Bacilli; Bacillales; Paenibacillaceae; Unidentified_Paenibacillaceae
f120d43d6fcd4e8c2ff09268fcc41e4e	0	0	0	0	0	0	0	0	0	0	0	0	0	0	0	0	0	0	0	0	0	0	0	0	0	0	0	6	18	0	Bacteria; Proteobacteria; Alphaproteobacteria; Dongiales; Dongiaceae; Dongia
ee421a678560967a708b3adec837e016	0	0	0	0	0	0	0	0	0	0	0	0	0	0	0	0	0	0	0	0	0	0	0	0	0	0	0	0	24	0	Bacteria; Proteobacteria; Deltaproteobacteria; Bdellovibrionales; Bacteriovoracaceae; Peredibacter
b4a35d71046aac10a6d639b9ba77aa96	0	0	0	0	0	0	0	0	0	0	0	0	0	0	0	0	0	0	0	0	0	0	0	0	0	0	0	0	24	0	Bacteria; Proteobacteria; Gammaproteobacteria; Xanthomonadales; Xanthomonadaceae; Pseudoxanthomonas
881332212954a0d7875280b9c58bb73f	0	0	0	0	0	0	0	0	0	0	0	0	0	0	0	0	0	0	0	0	0	0	0	0	0	0	0	0	24	0	Bacteria; Proteobacteria; Alphaproteobacteria; Tistrellales; Geminicoccaceae; Unidentified_Geminicoccaceae
a2292830e30888497b2191f71f0e8ac1	0	0	0	0	0	0	0	0	0	0	0	0	0	0	0	0	0	0	0	0	0	0	0	0	0	0	0	0	24	0	Bacteria; Proteobacteria; Alphaproteobacteria; Tistrellales; Geminicoccaceae; Candidatus_Alysiosphaera
14935cdf2502d51d2f02c09d3b976a04	0	0	0	0	0	0	0	0	0	0	0	0	0	0	0	0	0	0	0	0	0	0	0	0	0	0	0	0	16	8	Bacteria; Proteobacteria; Gammaproteobacteria; Betaproteobacteriales; Burkholderiaceae; Unidentified_Burkholderiaceae
71045173afa459aa81f50c69f10f90ba	0	0	0	0	0	0	0	0	0	0	0	0	0	0	0	0	0	0	0	0	0	0	0	0	0	0	0	0	0	24	Bacteria; Chloroflexi; Anaerolineae; SBR1031; A4b; uncultured_bacterium
214b0c6413ae4762ccf52faf6399593c	0	0	0	0	0	0	0	0	0	0	0	0	0	0	0	0	0	0	0	0	0	0	0	0	0	0	0	0	0	24	Bacteria; Firmicutes; Bacilli; Bacillales; Paenibacillaceae; Paenibacillus
2e558b063ce37e72e78bf1192b37847f	0	0	0	0	0	0	0	0	0	0	0	0	0	0	0	0	0	0	0	0	0	0	0	0	0	0	0	0	0	24	Bacteria; Proteobacteria; Alphaproteobacteria; Rhodospirillales; uncultured; uncultured_bacterium
25fe23e989514e818f4bc1f680ad6da1	0	0	22	0	0	0	0	0	0	0	0	0	0	0	0	0	0	0	0	0	0	0	0	0	0	0	0	0	0	0	Bacteria; Firmicutes; Bacilli; Bacillales; Family_XII; Exiguobacterium
aa9b3a1418d146c262ec63305292065a	0	0	4	0	0	0	0	0	0	0	0	0	0	0	0	0	0	12	0	0	6	0	0	0	0	0	0	0	0	0	Bacteria; Actinobacteria; Actinobacteria; Corynebacteriales; Corynebacteriaceae; Corynebacterium_1
32b16e180593948cd94d4b47e6e8a7f5	0	0	0	0	0	10	0	0	0	0	0	0	0	0	0	0	0	12	0	0	0	0	0	0	0	0	0	0	0	0	Bacteria; Proteobacteria; Gammaproteobacteria; Xanthomonadales; Rhodanobacteraceae; Dyella
c854c2f53de76213804ca09fa444f9f9	0	0	0	0	0	0	0	0	0	0	0	2	0	12	8	0	0	0	0	0	0	0	0	0	0	0	0	0	0	0	Bacteria; Proteobacteria; Gammaproteobacteria; Xanthomonadales; Rhodanobacteraceae; Dyella
ce3c7d982e17990be01d31b62efe2c49	0	0	0	0	0	0	0	0	0	0	0	0	6	0	0	0	0	0	0	0	0	0	0	0	12	4	0	0	0	0	Bacteria; Firmicutes; Clostridia; Clostridiales; Clostridiaceae_1; Clostridium_sensu_stricto_12
3f73c1c1d40e0075bc9991abf1211f53	0	0	0	0	0	0	0	0	0	0	0	0	0	22	0	0	0	0	0	0	0	0	0	0	0	0	0	0	0	0	Bacteria; Actinobacteria; Actinobacteria; Micrococcales; Micrococcaceae; Unidentified_Micrococcaceae
a02f1d5eeac3e49f69345a9844f8b58c	0	0	0	0	0	0	0	0	0	0	0	0	0	22	0	0	0	0	0	0	0	0	0	0	0	0	0	0	0	0	Bacteria; Proteobacteria; Gammaproteobacteria; Xanthomonadales; Xanthomonadaceae; Stenotrophomonas
9d84e6d992fd791fbaca2f7ae08e286e	0	0	0	0	0	0	0	0	0	0	0	0	0	0	0	0	22	0	0	0	0	0	0	0	0	0	0	0	0	0	Bacteria; Bacteroidetes; Bacteroidia; Sphingobacteriales; Sphingobacteriaceae; Sphingobacterium
e130b6c72f0005a390ace3be826ad3d8	0	0	0	0	0	0	0	0	0	0	0	0	0	0	0	0	10	12	0	0	0	0	0	0	0	0	0	0	0	0	Bacteria; Firmicutes; Bacilli; Lactobacillales; Lactobacillaceae; Lactobacillus
a8a0728ff5728312673ae214f1807d8b	0	0	0	0	0	0	0	0	0	0	0	0	0	0	0	0	6	16	0	0	0	0	0	0	0	0	0	0	0	0	Bacteria; Firmicutes; Bacilli; Lactobacillales; Enterococcaceae; Enterococcus
e56126dab54f1fc237735d2fe954e479	0	0	0	0	0	0	0	0	0	0	0	0	0	0	0	0	0	22	0	0	0	0	0	0	0	0	0	0	0	0	Bacteria; Acidobacteria; Acidobacteriia; Solibacterales; Solibacteraceae_(Subgroup_3); Bryobacter
7d984f33753292652429c3dbd08f5059	0	0	0	0	0	0	0	0	0	0	0	0	0	0	0	0	0	0	0	0	0	0	0	22	0	0	0	0	0	0	Bacteria; Bacteroidetes; Bacteroidia; Sphingobacteriales; Sphingobacteriaceae; Mucilaginibacter
5afec052157f7768bf459883f118a638	0	0	0	0	0	0	0	0	0	0	0	0	0	0	0	0	0	0	0	0	0	0	0	22	0	0	0	0	0	0	Bacteria; Bacteroidetes; Bacteroidia; Flavobacteriales; Flavobacteriaceae; Flavobacterium
391c94b85cd374ec9623a32e9f9b4a03	0	0	0	0	0	0	0	0	0	0	0	0	0	0	0	0	0	0	0	0	0	0	0	22	0	0	0	0	0	0	Bacteria; Proteobacteria; Alphaproteobacteria; Sphingomonadales; Sphingomonadaceae; Sphingomonas
439346b5a3f3e2689f01d54071fa2b6e	0	0	0	0	0	0	0	0	0	0	0	0	0	0	0	0	0	0	0	0	0	0	0	0	22	0	0	0	0	0	Bacteria; Actinobacteria; Actinobacteria; Micrococcales; Demequinaceae; Demequina
ff85002b32a68be2a489040c644509fd	0	0	0	0	0	0	0	0	0	0	0	0	0	0	0	0	0	0	0	0	0	0	0	0	22	0	0	0	0	0	Bacteria; Proteobacteria; Gammaproteobacteria; Betaproteobacteriales; Burkholderiaceae; Pusillimonas
ca6f06fa85366b8aaeda928512cb2628	0	0	0	0	0	0	0	0	0	0	0	0	0	0	0	0	0	0	0	0	0	0	0	0	22	0	0	0	0	0	Bacteria; Proteobacteria; Alphaproteobacteria; Rhizobiales; Xanthobacteraceae; Xanthobacteraceae
7aadd13f69e4d4062745037eacacd3d3	0	0	0	0	0	0	0	0	0	0	0	0	0	0	0	0	0	0	0	0	0	0	0	0	22	0	0	0	0	0	Bacteria; Proteobacteria; Alphaproteobacteria; Caulobacterales; Caulobacteraceae; Caulobacter
5146ab9f82ba6ed89f1e13a46f5eb3b7	0	0	0	0	0	0	0	0	0	0	0	0	0	0	0	0	0	0	0	0	0	0	0	0	22	0	0	0	0	0	Bacteria; Actinobacteria; Thermoleophilia; Solirubrobacterales; 67-14; uncultured_bacterium
cce48388e9ca2e17ae47078b0b282e1a	0	0	0	0	0	0	0	0	0	0	0	0	0	0	0	0	0	0	0	0	0	0	0	0	22	0	0	0	0	0	Bacteria; Gemmatimonadetes; Longimicrobia; Longimicrobiales; Longimicrobiaceae; uncultured_bacterium
2c184c21dc683383ac588a33d58e5e39	0	0	0	0	0	0	0	0	0	0	0	0	0	0	0	0	0	0	0	0	0	0	0	0	22	0	0	0	0	0	Bacteria; Gemmatimonadetes; Gemmatimonadetes; Gemmatimonadales; Gemmatimonadaceae; uncultured
3f5546a2cbf61b57cc2432b5ebede9ce	0	0	0	0	0	0	0	0	0	0	0	0	0	0	0	0	0	0	0	0	0	0	0	0	22	0	0	0	0	0	Bacteria; Proteobacteria; Deltaproteobacteria; Bdellovibrionales; Bdellovibrionaceae; Bdellovibrio
57d95456ccc5f366d6eae3bb489e9463	0	0	0	0	0	0	0	0	0	0	0	0	0	0	0	0	0	0	0	0	0	0	0	0	10	0	0	12	0	0	Bacteria; Proteobacteria; Alphaproteobacteria; Elsterales; Uncultured_Elsterales; Uncultured_Elsterales
2f9709fbcc0f21a5a6bc258561feac53	0	0	0	0	0	0	0	0	0	0	0	0	0	0	0	0	0	0	0	0	0	0	0	0	10	0	0	0	12	0	Bacteria; Proteobacteria; Gammaproteobacteria; Xanthomonadales; Xanthomonadaceae; Arenimonas
60820eeb011986f742b681c1c60034b4	0	0	0	0	0	0	0	0	0	0	0	0	0	0	0	0	0	0	0	0	0	0	0	0	8	0	0	14	0	0	Bacteria; Firmicutes; Clostridia; Clostridiales; Peptococcaceae; Desulfotomaculum
024d10fe7e9284b6f84615598be8f3f7	0	0	0	0	0	0	0	0	0	0	0	0	0	0	0	0	0	0	0	0	0	0	0	0	0	22	0	0	0	0	Bacteria; Actinobacteria; Thermoleophilia; Solirubrobacterales; 67-14; uncultured_bacterium
046af2f05691a176d9f038200b2dbdab	0	0	0	0	0	0	0	0	0	0	0	0	0	0	0	0	0	0	0	0	0	0	0	0	0	22	0	0	0	0	Bacteria; Proteobacteria; Alphaproteobacteria; Rhizobiales; Devosiaceae; Devosia
4a77232f7d3c76a61a34101c200d41f7	0	0	0	0	0	0	0	0	0	0	0	0	0	0	0	0	0	0	0	0	0	0	0	0	0	22	0	0	0	0	Bacteria; Planctomycetes; Planctomycetacia; Pirellulales; Pirellulaceae; Pir4_lineage
eae2ff67d101e953712cff7d092328f5	0	0	0	0	0	0	0	0	0	0	0	0	0	0	0	0	0	0	0	0	0	0	0	0	0	14	0	0	8	0	Bacteria; Deinococcus-Thermus; Deinococci; Deinococcales; Trueperaceae; Truepera
6a872fe0e0f7268ba6def4026d21ae25	0	0	0	0	0	0	0	0	0	0	0	0	0	0	0	0	0	0	0	0	0	0	0	0	0	0	22	0	0	0	Bacteria; Firmicutes; Bacilli; Bacillales; Paenibacillaceae; Paenibacillus
069166f60593e5c814b2559367e01323	0	0	0	0	0	0	0	0	0	0	0	0	0	0	0	0	0	0	0	0	0	0	0	0	0	0	22	0	0	0	Bacteria; Proteobacteria; Gammaproteobacteria; Enterobacteriales; Enterobacteriaceae; Unidentified_Enterobacteriaceae
9815cb3074c0217f3d1e741f923a43e1	0	0	0	0	0	0	0	0	0	0	0	0	0	0	0	0	0	0	0	0	0	0	0	0	0	0	0	22	0	0	Bacteria; Proteobacteria; Gammaproteobacteria; Xanthomonadales; Xanthomonadaceae; Pseudoxanthomonas
92e720b5d7a57a3d895180244435fb80	0	0	0	0	0	0	0	0	0	0	0	0	0	0	0	0	0	0	0	0	0	0	0	0	0	0	0	22	0	0	Bacteria; Bacteroidetes; Bacteroidia; Cytophagales; Microscillaceae; Chryseolinea
b3fad9a9fef2948f52257ea39d412400	0	0	0	0	0	0	0	0	0	0	0	0	0	0	0	0	0	0	0	0	0	0	0	0	0	0	0	22	0	0	Bacteria; Proteobacteria; Alphaproteobacteria; Rhizobiales; Xanthobacteraceae; uncultured
8247c30b0f12f1cb8a46831e7561a520	0	0	0	0	0	0	0	0	0	0	0	0	0	0	0	0	0	0	0	0	0	0	0	0	0	0	0	14	8	0	Bacteria; Proteobacteria; Alphaproteobacteria; Rhizobiales; Rhizobiales_Incertae_Sedis; Phreatobacter
28897fd6eaa4e3e35a3a15f0e85252e2	0	0	0	0	0	0	0	0	0	0	0	0	0	0	0	0	0	0	0	0	0	0	0	0	0	0	0	10	0	12	Bacteria; Proteobacteria; Gammaproteobacteria; Cellvibrionales; Cellvibrionaceae; Cellvibrio
6f4c69ff8ad4232e9d96a9a1db894a54	0	0	0	0	0	0	0	0	0	0	0	0	0	0	0	0	0	0	0	0	0	0	0	0	0	0	0	0	22	0	Bacteria; Actinobacteria; Acidimicrobiia; Microtrichales; uncultured; uncultured_bacterium
60d6aebce485be862de282eb2497989d	0	0	0	0	0	0	0	0	0	0	0	0	0	0	0	0	0	0	0	0	0	0	0	0	0	0	0	0	22	0	Bacteria; Proteobacteria; Gammaproteobacteria; Betaproteobacteriales; Burkholderiaceae; Lautropia
6069fe9237022c0ef05c4f8bc535280b	0	0	0	0	0	0	0	0	0	0	0	0	0	0	0	0	0	0	0	0	0	0	0	0	0	0	0	0	22	0	Bacteria; Firmicutes; Bacilli; Bacillales; Bacillaceae; Bacillus
ddfb577cfe798b41928911f5875db5b4	0	0	0	0	0	0	0	0	0	0	0	0	0	0	0	0	0	0	0	0	0	0	0	0	0	0	0	0	22	0	Bacteria; Chloroflexi; Anaerolineae; Anaerolineales; Anaerolineaceae; uncultured
06cd2075edb79d878cc94c20b2fc01f9	0	0	0	0	0	0	0	0	0	0	0	0	0	0	0	0	0	0	0	0	0	0	0	0	0	0	0	0	6	16	Bacteria; Bacteroidetes; Bacteroidia; Bacteroidales; Unidentified_Bacteroidales; Unidentified_Bacteroidales
70676086765b25a4cfe475511db3eef7	0	0	0	0	0	0	0	0	0	0	0	0	0	0	0	0	0	0	0	0	0	0	0	0	0	0	0	0	0	22	Bacteria; Proteobacteria; Alphaproteobacteria; Rhizobiales; Xanthobacteraceae; Rhodopseudomonas
e243a26fa11d18c3107520c96fa76596	0	0	0	0	0	0	0	0	0	0	0	0	0	0	0	0	0	0	0	0	0	0	0	0	0	0	0	0	0	22	Bacteria; Proteobacteria; Gammaproteobacteria; Salinisphaerales; Solimonadaceae; Unidentified_Solimonadaceae
5e4470e7a313ad42f7d32eb350a89b70	0	0	0	0	0	0	0	0	0	0	0	0	0	0	0	0	0	0	0	0	0	0	0	0	0	0	0	0	0	22	Bacteria; Proteobacteria; Gammaproteobacteria; Betaproteobacteriales; Burkholderiaceae; Advenella
eae1f21c72812b239202c003ac4589db	0	0	0	0	0	0	0	0	2	0	0	0	0	4	0	0	0	14	0	0	0	0	0	0	0	0	0	0	0	0	Bacteria; Firmicutes; Bacilli; Bacillales; Staphylococcaceae; Jeotgalicoccus
857805dbb2ebd60a913603dcce4b483a	0	0	0	0	0	0	0	0	0	14	0	0	0	0	0	0	0	6	0	0	0	0	0	0	0	0	0	0	0	0	Bacteria; Firmicutes; Bacilli; Bacillales; Paenibacillaceae; Saccharibacillus
bee630c9a9b63b042e73652dbfc64826	0	0	0	0	0	0	0	0	0	0	0	0	20	0	0	0	0	0	0	0	0	0	0	0	0	0	0	0	0	0	Bacteria; Proteobacteria; Gammaproteobacteria; Betaproteobacteriales; Burkholderiaceae; Variovorax
9e0ea82cffb3884c91d9e1815de79f0a	0	0	0	0	0	0	0	0	0	0	0	0	12	0	0	0	8	0	0	0	0	0	0	0	0	0	0	0	0	0	Bacteria; Firmicutes; Bacilli; Bacillales; Bacillaceae; Unidentified_Bacillaceae
581a55014641e1cd55cdc272c0365a28	0	0	0	0	0	0	0	0	0	0	0	0	8	0	0	0	12	0	0	0	0	0	0	0	0	0	0	0	0	0	Bacteria; Firmicutes; Bacilli; Lactobacillales; Lactobacillaceae; Lactobacillus
c5e19b5fc6c4610f5ad2469dfd931f31	0	0	0	0	0	0	0	0	0	0	0	0	2	0	0	0	0	0	0	0	0	0	0	0	0	0	0	18	0	0	Bacteria; Verrucomicrobia; Verrucomicrobiae; Verrucomicrobiales; Rubritaleaceae; Luteolibacter
3c62df6d8c68d49426e71e95637bba5a	0	0	0	0	0	0	0	0	0	0	0	0	0	20	0	0	0	0	0	0	0	0	0	0	0	0	0	0	0	0	Bacteria; Proteobacteria; Gammaproteobacteria; Xanthomonadales; Xanthomonadaceae; uncultured
6674c2bc9a789fda7c7b781c401d8738	0	0	0	0	0	0	0	0	0	0	0	0	0	6	0	0	0	14	0	0	0	0	0	0	0	0	0	0	0	0	Bacteria; Proteobacteria; Alphaproteobacteria; Rhizobiales; Devosiaceae; Pelagibacterium
a7d87e18ab324bd5cd5b75fda0e657c2	0	0	0	0	0	0	0	0	0	0	0	0	0	0	0	0	20	0	0	0	0	0	0	0	0	0	0	0	0	0	Bacteria; Firmicutes; Bacilli; Bacillales; Bacillaceae; Oceanobacillus
b5e2c5c82572eb77e1c49999ad3891e9	0	0	0	0	0	0	0	0	0	0	0	0	0	0	0	0	0	20	0	0	0	0	0	0	0	0	0	0	0	0	Bacteria; Proteobacteria; Gammaproteobacteria; Betaproteobacteriales; Burkholderiaceae; Pusillimonas
441d23366b0c0d5158f95ed3d4a0c4dd	0	0	0	0	0	0	0	0	0	0	0	0	0	0	0	0	0	0	0	20	0	0	0	0	0	0	0	0	0	0	Bacteria; Proteobacteria; Alphaproteobacteria; Acetobacterales; Acetobacteraceae; Roseomonas
8c3901e2b41f5d7045ea4d392cd15e4b	0	0	0	0	0	0	0	0	0	0	0	0	0	0	0	0	0	0	0	0	0	0	0	0	20	0	0	0	0	0	Bacteria; Proteobacteria; Alphaproteobacteria; Unidentified_Alphaproteobacteria; Unidentified_Alphaproteobacteria; Unidentified_Alphaproteobacteria
99c107dbdcc67cb69cac9a67ce03f0d3	0	0	0	0	0	0	0	0	0	0	0	0	0	0	0	0	0	0	0	0	0	0	0	0	20	0	0	0	0	0	Bacteria; Proteobacteria; Gammaproteobacteria; CCD24; uncultured_bacterium; uncultured_bacterium
0f3c5419487cfa5eb854446b9b76469e	0	0	0	0	0	0	0	0	0	0	0	0	0	0	0	0	0	0	0	0	0	0	0	0	20	0	0	0	0	0	Bacteria; Proteobacteria; Alphaproteobacteria; Rhizobiales; Stappiaceae; Unidentified_Stappiaceae
711c61a727569635f0d59b6473073333	0	0	0	0	0	0	0	0	0	0	0	0	0	0	0	0	0	0	0	0	0	0	0	0	20	0	0	0	0	0	Bacteria; Actinobacteria; Actinobacteria; Propionibacteriales; Nocardioidaceae; Aeromicrobium
9ce47424323964908d7c780a712170d3	0	0	0	0	0	0	0	0	0	0	0	0	0	0	0	0	0	0	0	0	0	0	0	0	20	0	0	0	0	0	Bacteria; Bacteroidetes; Bacteroidia; Chitinophagales; Chitinophagaceae; Parafilimonas
f4f3afcc716a965150419196a826da29	0	0	0	0	0	0	0	0	0	0	0	0	0	0	0	0	0	0	0	0	0	0	0	0	20	0	0	0	0	0	Bacteria; Chloroflexi; Chloroflexia; Thermomicrobiales; JG30-KF-CM45; Unidentified
b15a61d8cb979aa2290142e99991e64e	0	0	0	0	0	0	0	0	0	0	0	0	0	0	0	0	0	0	0	0	0	0	0	0	20	0	0	0	0	0	Bacteria; Firmicutes; Negativicutes; Selenomonadales; Veillonellaceae; Unidentified_Veillonellaceae
220cedbecc6e7ec79019c706801220ea	0	0	0	0	0	0	0	0	0	0	0	0	0	0	0	0	0	0	0	0	0	0	0	0	20	0	0	0	0	0	Bacteria; Proteobacteria; Alphaproteobacteria; Rhizobiales; Rhizobiaceae; Mesorhizobium
7ef3f216a6b3aba5b5d16e14142222a2	0	0	0	0	0	0	0	0	0	0	0	0	0	0	0	0	0	0	0	0	0	0	0	0	20	0	0	0	0	0	Bacteria; Bacteroidetes; Bacteroidia; Flavobacteriales; Weeksellaceae; Moheibacter
8e086aca622cce882c06d14d240a383e	0	0	0	0	0	0	0	0	0	0	0	0	0	0	0	0	0	0	0	0	0	0	0	0	20	0	0	0	0	0	Bacteria; Proteobacteria; Alphaproteobacteria; Rhizobiales; Beijerinckiaceae; Microvirga
172d261658da16fb588e773eed8cb354	0	0	0	0	0	0	0	0	0	0	0	0	0	0	0	0	0	0	0	0	0	0	0	0	20	0	0	0	0	0	Bacteria; Proteobacteria; Alphaproteobacteria; Rhizobiales; Beijerinckiaceae; Microvirga
ae356bae3a07e46e13ad373e4e9dc37f	0	0	0	0	0	0	0	0	0	0	0	0	0	0	0	0	0	0	0	0	0	0	0	0	20	0	0	0	0	0	Bacteria; Actinobacteria; Actinobacteria; Propionibacteriales; Nocardioidaceae; Unidentified_Nocardioidaceae
1a95c4570e31896d59195c9a02a4c5ed	0	0	0	0	0	0	0	0	0	0	0	0	0	0	0	0	0	0	0	0	0	0	0	0	16	0	0	4	0	0	Bacteria; Firmicutes; Clostridia; Clostridiales; Unidentified_Clostridiales; Unidentified_Clostridiales
a53a64751e8ed939dd9a8a1d4689c1c0	0	0	0	0	0	0	0	0	0	0	0	0	0	0	0	0	0	0	0	0	0	0	0	0	16	0	0	4	0	0	Bacteria; Firmicutes; Clostridia; Clostridiales; Family_XI; Sedimentibacter
cbdde591798d8c92902bf04df6e71db9	0	0	0	0	0	0	0	0	0	0	0	0	0	0	0	0	0	0	0	0	0	0	0	0	6	14	0	0	0	0	Bacteria; Proteobacteria; Alphaproteobacteria; Azospirillales; Inquilinaceae; Inquilinus
2802b263a00dbaf5d2dc7cd43806f709	0	0	0	0	0	0	0	0	0	0	0	0	0	0	0	0	0	0	0	0	0	0	0	0	0	20	0	0	0	0	Bacteria; Proteobacteria; Deltaproteobacteria; Myxococcales; Polyangiaceae; Pajaroellobacter
8eb8aefc34f76983c5e3432f11fceb00	0	0	0	0	0	0	0	0	0	0	0	0	0	0	0	0	0	0	0	0	0	0	0	0	0	20	0	0	0	0	Bacteria; Proteobacteria; Gammaproteobacteria; Betaproteobacteriales; Burkholderiaceae; Pigmentiphaga
ab41aca2568d71dfe4561f577d50edad	0	0	0	0	0	0	0	0	0	0	0	0	0	0	0	0	0	0	0	0	0	0	0	0	0	20	0	0	0	0	Bacteria; Proteobacteria; Alphaproteobacteria; Micavibrionales; Uncultured_Micavibrionales; Uncultured_Micavibrionales
bcdff0420e6dad5176a1f6ebd898f681	0	0	0	0	0	0	0	0	0	0	0	0	0	0	0	0	0	0	0	0	0	0	0	0	0	10	0	0	0	10	Bacteria; Verrucomicrobia; Verrucomicrobiae; Opitutales; Opitutaceae; Lacunisphaera
96878edfcd8130d513b8e0c88820cbd9	0	0	0	0	0	0	0	0	0	0	0	0	0	0	0	0	0	0	0	0	0	0	0	0	0	10	0	10	0	0	Bacteria; Chloroflexi; Chloroflexia; Thermomicrobiales; JG30-KF-CM45; uncultured_bacterium
17064102df419a05da3ad4a247e215f7	0	0	0	0	0	0	0	0	0	0	0	0	0	0	0	0	0	0	0	0	0	0	0	0	0	6	0	0	14	0	Bacteria; Proteobacteria; Alphaproteobacteria; Rhizobiales; Devosiaceae; Devosia
5688e1cd6b05ddbc42441f2e52638549	0	0	0	0	0	0	0	0	0	0	0	0	0	0	0	0	0	0	0	0	0	0	0	0	0	0	20	0	0	0	Bacteria; Proteobacteria; Alphaproteobacteria; Rhizobiales; Unidentified_Rhizobiales; Unidentified_Rhizobiales
bd17f94fd7c8900663049f0d670399f7	0	0	0	0	0	0	0	0	0	0	0	0	0	0	0	0	0	0	0	0	0	0	0	0	0	0	4	0	16	0	Bacteria; Proteobacteria; Gammaproteobacteria; Pseudomonadales; Moraxellaceae; Unidentified_Moraxellaceae
eb72c0a65a1839d1a2de3f3fa63ee4d8	0	0	0	0	0	0	0	0	0	0	0	0	0	0	0	0	0	0	0	0	0	0	0	0	0	0	0	20	0	0	Bacteria; Actinobacteria; Thermoleophilia; Solirubrobacterales; Unidentified_Solirubrobacterales; Unidentified_Solirubrobacterales
e013ff6e04c815ed2f15399cbc7dfc92	0	0	0	0	0	0	0	0	0	0	0	0	0	0	0	0	0	0	0	0	0	0	0	0	0	0	0	20	0	0	Bacteria; Proteobacteria; Alphaproteobacteria; Rhizobiales; Hyphomicrobiaceae; Hyphomicrobium
4a348c6b59e04e0d0e014657c6d10d2f	0	0	0	0	0	0	0	0	0	0	0	0	0	0	0	0	0	0	0	0	0	0	0	0	0	0	0	20	0	0	Bacteria; Proteobacteria; Alphaproteobacteria; Rhizobiales; Rhizobiales_Incertae_Sedis; Bauldia
d86c1e7a24bd419a499e9bc3df74606b	0	0	0	0	0	0	0	0	0	0	0	0	0	0	0	0	0	0	0	0	0	0	0	0	0	0	0	20	0	0	Bacteria; Proteobacteria; Gammaproteobacteria; Xanthomonadales; Xanthomonadaceae; Stenotrophomonas
3bf51cb7086a8fe4b4efe18983754939	0	0	0	0	0	0	0	0	0	0	0	0	0	0	0	0	0	0	0	0	0	0	0	0	0	0	0	20	0	0	Bacteria; Proteobacteria; Deltaproteobacteria; Myxococcales; Sandaracinaceae; Unidentified_Sandaracinaceae
5a9fe469e19e2d585369b72ab2f2fd56	0	0	0	0	0	0	0	0	0	0	0	0	0	0	0	0	0	0	0	0	0	0	0	0	0	0	0	20	0	0	Bacteria; Planctomycetes; Planctomycetacia; Pirellulales; Pirellulaceae; Pirellula
0852c2949d80e5624c3727e4bb8ecbd8	0	0	0	0	0	0	0	0	0	0	0	0	0	0	0	0	0	0	0	0	0	0	0	0	0	0	0	14	6	0	Bacteria; Deinococcus-Thermus; Deinococci; Deinococcales; Trueperaceae; Truepera
534a2194de0c346d47cdab91a2d5f62b	0	0	0	0	0	0	0	0	0	0	0	0	0	0	0	0	0	0	0	0	0	0	0	0	0	0	0	0	20	0	Bacteria; Proteobacteria; Alphaproteobacteria; Rhizobiales; Xanthobacteraceae; Unidentified_Xanthobacteraceae
81c0c1bc430c03fce601436867752d12	0	0	0	0	0	0	0	0	0	0	0	0	0	0	0	0	0	0	0	0	0	0	0	0	0	0	0	0	20	0	Bacteria; Actinobacteria; Actinobacteria; Pseudonocardiales; Pseudonocardiaceae; Amycolatopsis
1bbce0cd0a8ef6a8d5388916b5fd23c8	0	0	0	0	0	0	0	0	0	0	0	0	0	0	0	0	0	0	0	0	0	0	0	0	0	0	0	0	20	0	Bacteria; Bacteroidetes; Bacteroidia; Chitinophagales; Saprospiraceae; Unidentified_Saprospiraceae
bff0917e26c916d74a47c8e9c6c92e34	0	0	0	0	0	0	0	0	0	0	0	0	0	0	0	0	0	0	0	0	0	0	0	0	0	0	0	0	20	0	Bacteria; Planctomycetes; Planctomycetacia; Pirellulales; Pirellulaceae; Pirellula
9e8eef717e42552e09d399d88bd33feb	0	0	0	0	0	0	0	0	0	0	0	0	0	0	0	0	0	0	0	0	0	0	0	0	0	0	0	0	20	0	Bacteria; Proteobacteria; Alphaproteobacteria; Azospirillales; Azospirillaceae; Azospirillum
94f8c597fb73dccc29713d58d5582ed1	0	0	0	0	0	0	0	0	0	0	0	0	0	0	0	0	0	0	0	0	0	0	0	0	0	0	0	0	20	0	Bacteria; Proteobacteria; Alphaproteobacteria; Micavibrionales; Uncultured_Micavibrionales; Uncultured_Micavibrionales
a439e062e85a850e5acd546093557de3	0	0	0	0	0	0	0	0	0	0	0	0	0	0	0	0	0	0	0	0	0	0	0	0	0	0	0	0	20	0	Bacteria; Proteobacteria; Alphaproteobacteria; Rhodovibrionales; Fodinicurvataceae; Unidentified_Fodinicurvataceae
d634af0828967aec0b1822aae732d92d	0	0	0	0	0	0	0	0	0	0	0	0	0	0	0	0	0	0	0	0	0	0	0	0	0	0	0	0	20	0	Bacteria; Firmicutes; Bacilli; Bacillales; Paenibacillaceae; Paenibacillus
b0e9eaf773b83c86e97a17e2aad7b71b	0	0	0	0	0	0	0	0	0	0	0	0	0	0	0	0	0	0	0	0	0	0	0	0	0	0	0	0	0	20	Bacteria; Proteobacteria; Alphaproteobacteria; Acetobacterales; Acetobacteraceae; uncultured
9af10e0ae5e46ab9d4b94d6afc42f9b7	0	0	0	0	0	0	0	0	0	0	0	0	0	0	0	0	0	0	0	0	0	0	0	0	0	0	0	0	0	20	Bacteria; Bacteroidetes; Bacteroidia; Chitinophagales; Chitinophagaceae; Niastella
27eb6612b7487033ea3d715492345b01	0	0	0	0	0	0	0	0	0	0	0	0	0	0	0	0	0	0	0	0	0	0	0	0	0	0	0	0	0	20	Bacteria; Proteobacteria; Alphaproteobacteria; Rhizobiales; Xanthobacteraceae; Unidentified_Xanthobacteraceae
1794290ea55de7d1f25b36a6c3332a32	0	0	0	0	0	0	0	0	0	0	0	0	0	0	0	0	0	0	0	0	0	0	0	0	0	0	0	0	0	20	Bacteria; Bacteroidetes; Bacteroidia; Flavobacteriales; Weeksellaceae; Chryseobacterium
dddceb9c0b8ab2588398b47d8349fbb2	0	0	0	0	0	0	0	0	0	0	0	0	0	0	0	0	0	0	0	0	0	0	0	0	0	0	0	0	0	20	Bacteria; Proteobacteria; Alphaproteobacteria; Rhizobiales; D05-2; uncultured_bacterium
7a70fb2da4aab219d1ed7ad3534df537	0	0	0	0	0	0	0	0	0	0	0	0	0	0	0	0	0	0	0	0	0	0	0	0	0	0	0	0	0	20	Bacteria; Bacteroidetes; Bacteroidia; Sphingobacteriales; Sphingobacteriaceae; Sphingobacterium
aab380460f649645d2fd3a4e3265d956	0	0	0	2	0	0	0	0	0	0	0	0	0	0	0	0	0	0	0	0	0	0	0	0	0	0	0	16	0	0	Bacteria; Proteobacteria; Alphaproteobacteria; Rhodobacterales; Rhodobacteraceae; Paracoccus
3d36f2651e427f380ffcfc05d227905b	0	0	0	0	18	0	0	0	0	0	0	0	0	0	0	0	0	0	0	0	0	0	0	0	0	0	0	0	0	0	Bacteria; Proteobacteria; Gammaproteobacteria; Pseudomonadales; Moraxellaceae; Acinetobacter
18743e8adffd2b6641fc67fe67966074	0	0	0	0	0	0	0	0	6	0	12	0	0	0	0	0	0	0	0	0	0	0	0	0	0	0	0	0	0	0	Bacteria; Proteobacteria; Gammaproteobacteria; Xanthomonadales; Xanthomonadaceae; Stenotrophomonas
c98bc988c9ec46fc34c1c0b347c4f8b9	0	0	0	0	0	0	0	0	0	0	18	0	0	0	0	0	0	0	0	0	0	0	0	0	0	0	0	0	0	0	Bacteria; Firmicutes; Clostridia; Clostridiales; Christensenellaceae; Christensenellaceae_R-7_group
efc9f5e66bec5575a033908c1fbba6e8	0	0	0	0	0	0	0	0	0	0	0	0	0	18	0	0	0	0	0	0	0	0	0	0	0	0	0	0	0	0	Bacteria; Bacteroidetes; Bacteroidia; Sphingobacteriales; Sphingobacteriaceae; Sphingobacterium
b4b7d0dc57e04ff8570fb337491b62f6	0	0	0	0	0	0	0	0	0	0	0	0	0	10	0	0	8	0	0	0	0	0	0	0	0	0	0	0	0	0	Bacteria; Firmicutes; Bacilli; Bacillales; Paenibacillaceae; Paenibacillus
87eeb7b3dc48583511e122472ceaad16	0	0	0	0	0	0	0	0	0	0	0	0	0	0	0	0	0	0	18	0	0	0	0	0	0	0	0	0	0	0	Bacteria; Proteobacteria; Gammaproteobacteria; Enterobacteriales; Enterobacteriaceae; Kosakonia
f0eb0cca801f83817ed4f4fdacc12082	0	0	0	0	0	0	0	0	0	0	0	0	0	0	0	0	0	0	0	18	0	0	0	0	0	0	0	0	0	0	Bacteria; Firmicutes; Bacilli; Lactobacillales; Leuconostocaceae; Unidentified_Leuconostocaceae
e19955886d20b035714f4e3d4514e213	0	0	0	0	0	0	0	0	0	0	0	0	0	0	0	0	0	0	0	2	0	0	0	0	0	10	0	6	0	0	Bacteria; Proteobacteria; Alphaproteobacteria; Rhizobiales; Devosiaceae; Devosia
2af1138669f3b0e7f3fb44a888f3b6c7	0	0	0	0	0	0	0	0	0	0	0	0	0	0	0	0	0	0	0	0	0	18	0	0	0	0	0	0	0	0	Bacteria; Proteobacteria; Gammaproteobacteria; Enterobacteriales; Enterobacteriaceae; Unidentified_Enterobacteriaceae
1ed612b4bac143887d026d20343ebf8c	0	0	0	0	0	0	0	0	0	0	0	0	0	0	0	0	0	0	0	0	0	18	0	0	0	0	0	0	0	0	Bacteria; Proteobacteria; Gammaproteobacteria; Xanthomonadales; Xanthomonadaceae; Pseudoxanthomonas
eccb32ca90ccd00649afe467cddcbdca	0	0	0	0	0	0	0	0	0	0	0	0	0	0	0	0	0	0	0	0	0	0	0	18	0	0	0	0	0	0	Bacteria; Bacteroidetes; Bacteroidia; Flavobacteriales; Flavobacteriaceae; Flavobacterium
7ab3f53d53065d6834031bb58506ac88	0	0	0	0	0	0	0	0	0	0	0	0	0	0	0	0	0	0	0	0	0	0	0	18	0	0	0	0	0	0	Bacteria; Proteobacteria; Alphaproteobacteria; Caulobacterales; Caulobacteraceae; Caulobacter
e6c4a7258a21cb1ee250bdb71efc5c98	0	0	0	0	0	0	0	0	0	0	0	0	0	0	0	0	0	0	0	0	0	0	0	18	0	0	0	0	0	0	Bacteria; Bacteroidetes; Bacteroidia; Sphingobacteriales; Sphingobacteriaceae; Pedobacter
2fc7600a3426692469395586eed0d361	0	0	0	0	0	0	0	0	0	0	0	0	0	0	0	0	0	0	0	0	0	0	0	0	18	0	0	0	0	0	Bacteria; Proteobacteria; Gammaproteobacteria; Betaproteobacteriales; Burkholderiaceae; Unidentified_Burkholderiaceae
423e477e229ccabe53c03fa24c9a652b	0	0	0	0	0	0	0	0	0	0	0	0	0	0	0	0	0	0	0	0	0	0	0	0	18	0	0	0	0	0	Bacteria; Proteobacteria; Gammaproteobacteria; Xanthomonadales; Rhodanobacteraceae; Pseudofulvimonas
95cb55b7e18d51bfb77ef1b50a700510	0	0	0	0	0	0	0	0	0	0	0	0	0	0	0	0	0	0	0	0	0	0	0	0	18	0	0	0	0	0	Bacteria; Proteobacteria; Alphaproteobacteria; Acetobacterales; Acetobacteraceae; Unidentified_Acetobacteraceae
d26ec570cf0d8372395f527595bd832c	0	0	0	0	0	0	0	0	0	0	0	0	0	0	0	0	0	0	0	0	0	0	0	0	18	0	0	0	0	0	Bacteria; Actinobacteria; Thermoleophilia; Solirubrobacterales; 67-14; uncultured_bacterium
dfbab3745d592da3740287cceb3563c5	0	0	0	0	0	0	0	0	0	0	0	0	0	0	0	0	0	0	0	0	0	0	0	0	18	0	0	0	0	0	Bacteria; Planctomycetes; Planctomycetacia; Pirellulales; Pirellulaceae; Pirellula
c0fe80a40039ba2284f3674fe18ebf1b	0	0	0	0	0	0	0	0	0	0	0	0	0	0	0	0	0	0	0	0	0	0	0	0	18	0	0	0	0	0	Bacteria; Actinobacteria; Actinobacteria; Pseudonocardiales; Pseudonocardiaceae; Amycolatopsis
c47fe2d5943403cd296265b744cf1998	0	0	0	0	0	0	0	0	0	0	0	0	0	0	0	0	0	0	0	0	0	0	0	0	18	0	0	0	0	0	Bacteria; Firmicutes; Clostridia; Clostridiales; Lachnospiraceae; Unidentified_Lachnospiraceae
4f384da3c357a5d70cea3d5dd16a475e	0	0	0	0	0	0	0	0	0	0	0	0	0	0	0	0	0	0	0	0	0	0	0	0	18	0	0	0	0	0	Bacteria; Firmicutes; Bacilli; Bacillales; Paenibacillaceae; Paenibacillus
1a5e796a7f84107ab0f76ed6cde73add	0	0	0	0	0	0	0	0	0	0	0	0	0	0	0	0	0	0	0	0	0	0	0	0	18	0	0	0	0	0	Bacteria; Actinobacteria; Acidimicrobiia; Microtrichales; Iamiaceae; Iamia
334439ca1db9dc25db38802916854ffc	0	0	0	0	0	0	0	0	0	0	0	0	0	0	0	0	0	0	0	0	0	0	0	0	18	0	0	0	0	0	Bacteria; Proteobacteria; Gammaproteobacteria; Betaproteobacteriales; Burkholderiaceae; Unidentified_Burkholderiaceae
aa68d7a37dd861052a32728786135d9e	0	0	0	0	0	0	0	0	0	0	0	0	0	0	0	0	0	0	0	0	0	0	0	0	14	4	0	0	0	0	Bacteria; Proteobacteria; Alphaproteobacteria; Sphingomonadales; Sphingomonadaceae; Unidentified_Sphingomonadaceae
f03c1ff4c0f4f52f62810ed5ccf71fe1	0	0	0	0	0	0	0	0	0	0	0	0	0	0	0	0	0	0	0	0	0	0	0	0	10	0	0	0	0	8	Bacteria; Actinobacteria; Acidimicrobiia; Microtrichales; uncultured; uncultured_bacterium
15c925f803c9a751858def9e8071b9ee	0	0	0	0	0	0	0	0	0	0	0	0	0	0	0	0	0	0	0	0	0	0	0	0	0	18	0	0	0	0	Bacteria; Proteobacteria; Alphaproteobacteria; NRL2; Unidentified; Unidentified
75d043daab2d987c253f6527e34f00d9	0	0	0	0	0	0	0	0	0	0	0	0	0	0	0	0	0	0	0	0	0	0	0	0	0	18	0	0	0	0	Bacteria; Bacteroidetes; Bacteroidia; Sphingobacteriales; Sphingobacteriaceae; Mucilaginibacter
2e4a2e5ad75f2d321aadefddacb2fca7	0	0	0	0	0	0	0	0	0	0	0	0	0	0	0	0	0	0	0	0	0	0	0	0	0	18	0	0	0	0	Bacteria; Proteobacteria; Gammaproteobacteria; Gammaproteobacteria_Incertae_Sedis; Unknown_Family; Acidibacter
edbb2738c912010a4b3af210f0a86ec0	0	0	0	0	0	0	0	0	0	0	0	0	0	0	0	0	0	0	0	0	0	0	0	0	0	18	0	0	0	0	Bacteria; Bacteroidetes; Bacteroidia; Sphingobacteriales; Sphingobacteriaceae; Pseudopedobacter
31a35333273441bc2aed393f2e81bf58	0	0	0	0	0	0	0	0	0	0	0	0	0	0	0	0	0	0	0	0	0	0	0	0	0	18	0	0	0	0	Bacteria; Proteobacteria; Alphaproteobacteria; Rhizobiales; Rhizobiaceae; Allorhizobium-Neorhizobium-Pararhizobium-Rhizobium
8efb93518a5ae585b869efc7960be4f0	0	0	0	0	0	0	0	0	0	0	0	0	0	0	0	0	0	0	0	0	0	0	0	0	0	18	0	0	0	0	Bacteria; Proteobacteria; Alphaproteobacteria; Rhizobiales; Devosiaceae; Devosia
4cb29fac00c8d6f7edc1fd9d083bef49	0	0	0	0	0	0	0	0	0	0	0	0	0	0	0	0	0	0	0	0	0	0	0	0	0	18	0	0	0	0	Bacteria; Actinobacteria; Actinobacteria; Micromonosporales; Micromonosporaceae; Stackebrandtia
f3eb1f5aadb0a883dba2317cfe1371c9	0	0	0	0	0	0	0	0	0	0	0	0	0	0	0	0	0	0	0	0	0	0	0	0	0	8	0	0	10	0	Bacteria; Verrucomicrobia; Verrucomicrobiae; Opitutales; Opitutaceae; Alterococcus
d40e4b90bec2099ac151a6dba6d98319	0	0	0	0	0	0	0	0	0	0	0	0	0	0	0	0	0	0	0	0	0	0	0	0	0	0	0	18	0	0	Bacteria; Proteobacteria; Gammaproteobacteria; Betaproteobacteriales; Burkholderiaceae; Unidentified_Burkholderiaceae
ee216ab3ff4aac250a39f27fd5117ba5	0	0	0	0	0	0	0	0	0	0	0	0	0	0	0	0	0	0	0	0	0	0	0	0	0	0	0	18	0	0	Bacteria; Chloroflexi; Chloroflexia; Thermomicrobiales; JG30-KF-CM45; Unidentified
89b614b616989affee3d70ff2949f695	0	0	0	0	0	0	0	0	0	0	0	0	0	0	0	0	0	0	0	0	0	0	0	0	0	0	0	18	0	0	Bacteria; Proteobacteria; Alphaproteobacteria; Rhizobiales; Rhizobiaceae; Unidentified_Rhizobiaceae
b24b7f37a8329e886a255f56017ad44e	0	0	0	0	0	0	0	0	0	0	0	0	0	0	0	0	0	0	0	0	0	0	0	0	0	0	0	18	0	0	Bacteria; Proteobacteria; Alphaproteobacteria; Rhizobiales; Rhizobiaceae; Allorhizobium-Neorhizobium-Pararhizobium-Rhizobium
1d7dbb8d5c0dedfd9687364fa9fdf218	0	0	0	0	0	0	0	0	0	0	0	0	0	0	0	0	0	0	0	0	0	0	0	0	0	0	0	18	0	0	Bacteria; Proteobacteria; Gammaproteobacteria; Betaproteobacteriales; B1-7BS; uncultured_bacterium
e2976b61571e4d8e74a0cf5f149a8699	0	0	0	0	0	0	0	0	0	0	0	0	0	0	0	0	0	0	0	0	0	0	0	0	0	0	0	8	10	0	Bacteria; Proteobacteria; Alphaproteobacteria; Rhodobacterales; Rhodobacteraceae; Unidentified_Rhodobacteraceae
00d2b2c94bce86bc92a8ec8ac8036e43	0	0	0	0	0	0	0	0	0	0	0	0	0	0	0	0	0	0	0	0	0	0	0	0	0	0	0	6	12	0	Bacteria; Proteobacteria; Gammaproteobacteria; Xanthomonadales; Xanthomonadaceae; Lysobacter
9dbc8481f64f743fca3f12083751129b	0	0	0	0	0	0	0	0	0	0	0	0	0	0	0	0	0	0	0	0	0	0	0	0	0	0	0	6	12	0	Bacteria; Actinobacteria; Actinobacteria; Pseudonocardiales; Pseudonocardiaceae; Amycolatopsis
04517438aef21ea3aefe2eccf77ea080	0	0	0	0	0	0	0	0	0	0	0	0	0	0	0	0	0	0	0	0	0	0	0	0	0	0	0	0	18	0	Bacteria; Bacteroidetes; Bacteroidia; Chitinophagales; Chitinophagaceae; Terrimonas
1bf189b36ca3750b3440fffb28f11b1e	0	0	0	0	0	0	0	0	0	0	0	0	0	0	0	0	0	0	0	0	0	0	0	0	0	0	0	0	18	0	Bacteria; Chloroflexi; JG30-KF-CM66; uncultured_bacterium; uncultured_bacterium; uncultured_bacterium
6c653c2466b8f70999030bcce03cb285	0	0	0	0	0	0	0	0	0	0	0	0	0	0	0	0	0	0	0	0	0	0	0	0	0	0	0	0	18	0	Bacteria; Bacteroidetes; Bacteroidia; Sphingobacteriales; Sphingobacteriaceae; Sphingobacterium
cdcd1fa9a3e77ae2b8370fa32c19488a	0	0	0	0	0	0	0	0	0	0	0	0	0	0	0	0	0	0	0	0	0	0	0	0	0	0	0	0	18	0	Bacteria; Proteobacteria; Alphaproteobacteria; Caulobacterales; Hyphomonadaceae; Hyphomonas
4af695dec8e53345410e4d5234b665e5	0	0	0	0	0	0	0	0	0	0	0	0	0	0	0	0	0	0	0	0	0	0	0	0	0	0	0	0	18	0	Bacteria; Actinobacteria; Actinobacteria; Micrococcales; Demequinaceae; Unidentified_Demequinaceae
b307fb01bc65cdf43e742f3446fb92f6	0	0	0	0	0	0	0	0	0	0	0	0	0	0	0	0	0	0	0	0	0	0	0	0	0	0	0	0	18	0	Bacteria; Acidobacteria; Blastocatellia_(Subgroup_4); Blastocatellales; Blastocatellaceae; Unidentified_Blastocatellaceae
bdc2696a5f0f20f4d7f3ea757f4c91be	0	0	0	0	0	0	0	0	0	0	0	0	0	0	0	0	0	0	0	0	0	0	0	0	0	0	0	0	18	0	Bacteria; Proteobacteria; Alphaproteobacteria; Rhizobiales; Rhizobiales_Incertae_Sedis; Bauldia
f30757ca2256440da42c2501155afebc	0	0	0	0	0	0	0	0	0	0	0	0	0	0	0	0	0	0	0	0	0	0	0	0	0	0	0	0	18	0	Bacteria; Actinobacteria; Actinobacteria; Micromonosporales; Micromonosporaceae; Unidentified_Micromonosporaceae
aa5631f5d83e474773bbec18a4dc887d	0	0	0	0	0	0	0	0	0	0	0	0	0	0	0	0	0	0	0	0	0	0	0	0	0	0	0	0	18	0	Bacteria; Proteobacteria; Alphaproteobacteria; Rhizobiales; Rhizobiaceae; Allorhizobium-Neorhizobium-Pararhizobium-Rhizobium
222accff8c08741430899cd4b95e3d67	0	0	0	0	0	0	0	0	0	0	0	0	0	0	0	0	0	0	0	0	0	0	0	0	0	0	0	0	18	0	Bacteria; Proteobacteria; Alphaproteobacteria; Rhizobiales; Rhizobiaceae; Aminobacter
3c6f5fbf3d3198629ba9ebad68daf233	0	0	0	0	0	0	0	0	0	0	0	0	0	0	0	0	0	0	0	0	0	0	0	0	0	0	0	0	18	0	Bacteria; Firmicutes; Clostridia; Clostridiales; Lachnospiraceae; Anaerocolumna
29bfd7bdf6df75ec11b714d867638897	0	0	0	0	0	0	0	0	0	0	0	0	0	0	0	0	0	0	0	0	0	0	0	0	0	0	0	0	18	0	Bacteria; Proteobacteria; Deltaproteobacteria; Myxococcales; Sandaracinaceae; uncultured
0c83b9d75634c6f1b61b99a3b67120c5	0	0	0	0	0	0	0	0	0	0	0	0	0	0	0	0	0	0	0	0	0	0	0	0	0	0	0	0	18	0	Bacteria; Actinobacteria; Actinobacteria; Micrococcales; Unidentified_Micrococcales; Unidentified_Micrococcales
a16e7a1aa5b9491bb7433f75e17ff91b	0	0	0	0	0	0	0	0	0	0	0	0	0	0	0	0	0	0	0	0	0	0	0	0	0	0	0	0	18	0	Bacteria; Chloroflexi; Anaerolineae; Caldilineales; Caldilineaceae; uncultured
eeb281bcd9460678b2e0cb3dd1d1d1cc	0	0	0	0	0	0	0	0	0	0	0	0	0	0	0	0	0	0	0	0	0	0	0	0	0	0	0	0	18	0	Bacteria; Actinobacteria; Acidimicrobiia; Microtrichales; Iamiaceae; Iamia
36c20bb72e700ff8cef7ee6e937325de	0	0	0	0	0	0	0	0	0	0	0	0	0	0	0	0	0	0	0	0	0	0	0	0	0	0	0	0	18	0	Bacteria; Proteobacteria; Gammaproteobacteria; Betaproteobacteriales; Burkholderiaceae; Unidentified_Burkholderiaceae
6b7a7f2c05d2e853f08e79ebcc104aa0	0	0	0	0	0	0	0	0	0	0	0	0	0	0	0	0	0	0	0	0	0	0	0	0	0	0	0	0	6	12	Bacteria; Verrucomicrobia; Verrucomicrobiae; Verrucomicrobiales; Rubritaleaceae; Luteolibacter
c6b299793b1455702d91f037d96c52d1	0	0	0	0	0	0	0	0	0	0	0	0	0	0	0	0	0	0	0	0	0	0	0	0	0	0	0	0	0	18	Bacteria; Proteobacteria; Gammaproteobacteria; Betaproteobacteriales; B1-7BS; uncultured_bacterium
8a4bdc6e563ac9c9e0a3eb6ae30d8f6f	0	0	0	0	0	0	0	0	0	0	0	0	0	0	0	0	0	0	0	0	0	0	0	0	0	0	0	0	0	18	Bacteria; Chloroflexi; Chloroflexia; Thermomicrobiales; JG30-KF-CM45; Unidentified
e269ec0a77d16f8d789deee0ffb02a49	0	0	0	0	0	0	0	0	0	0	0	0	0	0	0	0	0	0	0	0	0	0	0	0	0	0	0	0	0	18	Bacteria; Firmicutes; Bacilli; Bacillales; Bacillaceae; Bacillus
ccc8d96f640a16a94c7f2fbe9f05b478	0	0	0	0	0	0	0	0	0	0	0	0	0	0	0	0	0	0	0	0	0	0	0	0	0	0	0	0	0	18	Bacteria; Actinobacteria; Acidimicrobiia; Microtrichales; Uncultured_Microtrichales; Uncultured_Microtrichales
01b99fd4a757e253d7cca485eb063e15	0	0	0	0	0	0	0	0	0	0	0	0	0	0	0	0	0	0	0	0	0	0	0	0	0	0	0	0	0	18	Bacteria; Actinobacteria; Actinobacteria; Micrococcales; Microbacteriaceae; Leucobacter
402b4bf879cd573700ba91a81dc56604	0	0	0	0	0	0	0	0	0	0	0	0	0	0	0	0	0	0	0	0	0	0	0	0	0	0	0	0	0	18	Bacteria; Bacteroidetes; Bacteroidia; Cytophagales; Microscillaceae; Unidentified_Microscillaceae
6dcf176139f40575dd619dcaf4165af8	0	0	0	0	0	0	0	0	0	0	0	0	0	0	0	0	0	0	0	0	0	0	0	0	0	0	0	0	0	18	Bacteria; Bacteroidetes; Bacteroidia; Cytophagales; Spirosomaceae; Persicitalea
50c02dc03931e76d67f03a303c0219bd	0	0	0	0	0	0	0	0	0	0	0	0	0	0	0	0	0	0	0	0	0	0	0	0	0	0	0	0	0	18	Bacteria; Proteobacteria; Gammaproteobacteria; Cellvibrionales; Cellvibrionaceae; Cellvibrio
6a7a6fed3a850c6bab631c438c0556c4	0	0	0	0	0	0	0	0	0	8	0	0	0	0	0	0	0	0	0	0	0	0	0	8	0	0	0	0	0	0	Bacteria; Actinobacteria; Actinobacteria; Micrococcales; Micrococcaceae; Glutamicibacter
085572dba887e49312848a595f107552	0	0	0	0	0	0	0	0	0	0	0	2	0	0	0	0	0	0	0	0	0	0	0	0	0	0	0	0	0	14	Bacteria; Patescibacteria; Saccharimonadia; Saccharimonadales; uncultured_bacterium; uncultured_bacterium
d0926f9f3844c4b19deb3f4c23cdad68	0	0	0	0	0	0	0	0	0	0	0	0	16	0	0	0	0	0	0	0	0	0	0	0	0	0	0	0	0	0	Bacteria; Proteobacteria; Gammaproteobacteria; Betaproteobacteriales; Burkholderiaceae; Noviherbaspirillum
1d6daf93498feb19e34d93d55ee22c50	0	0	0	0	0	0	0	0	0	0	0	0	4	2	0	0	0	10	0	0	0	0	0	0	0	0	0	0	0	0	Bacteria; Bacteroidetes; Bacteroidia; Bacteroidales; Dysgonomonadaceae; Proteiniphilum
dcd91b1739f8e8df98d4edbf2e103ee8	0	0	0	0	0	0	0	0	0	0	0	0	0	16	0	0	0	0	0	0	0	0	0	0	0	0	0	0	0	0	Bacteria; Actinobacteria; Actinobacteria; Micrococcales; Micrococcaceae; Nesterenkonia
ddc34a52cc29a8cd49e8a0b788ecfcf4	0	0	0	0	0	0	0	0	0	0	0	0	0	8	8	0	0	0	0	0	0	0	0	0	0	0	0	0	0	0	Bacteria; Proteobacteria; Gammaproteobacteria; Betaproteobacteriales; Burkholderiaceae; Unidentified_Burkholderiaceae
a9164d01308501b576afa06256a15b0f	0	0	0	0	0	0	0	0	0	0	0	0	0	4	0	0	0	0	0	0	0	0	0	12	0	0	0	0	0	0	Bacteria; Proteobacteria; Alphaproteobacteria; Rhizobiales; Rhizobiaceae; Allorhizobium-Neorhizobium-Pararhizobium-Rhizobium
20b84f1cbaa0dd68c3422a9ead7c6287	0	0	0	0	0	0	0	0	0	0	0	0	0	0	16	0	0	0	0	0	0	0	0	0	0	0	0	0	0	0	Bacteria; Firmicutes; Bacilli; Bacillales; Bacillaceae; Amphibacillus
1a998adc8e434e3147fdbaa3c57d2998	0	0	0	0	0	0	0	0	0	0	0	0	0	0	16	0	0	0	0	0	0	0	0	0	0	0	0	0	0	0	Bacteria; Proteobacteria; Gammaproteobacteria; Betaproteobacteriales; Burkholderiaceae; Burkholderia-Caballeronia-Paraburkholderia
bee8a6cd4175d55286ec64a2365b8f84	0	0	0	0	0	0	0	0	0	0	0	0	0	0	16	0	0	0	0	0	0	0	0	0	0	0	0	0	0	0	Bacteria; Proteobacteria; Gammaproteobacteria; Betaproteobacteriales; Burkholderiaceae; Parapusillimonas
1fa19a198819b145e52bb266e4e7840b	0	0	0	0	0	0	0	0	0	0	0	0	0	0	0	0	16	0	0	0	0	0	0	0	0	0	0	0	0	0	Bacteria; Proteobacteria; Alphaproteobacteria; Sphingomonadales; Sphingomonadaceae; Sphingomonas
33e56997b83b7a0f6d194042ec9f59bb	0	0	0	0	0	0	0	0	0	0	0	0	0	0	0	0	16	0	0	0	0	0	0	0	0	0	0	0	0	0	Bacteria; Actinobacteria; Actinobacteria; Micrococcales; Jonesiaceae; Jonesia
67087e413fc77443ece322827bdfc925	0	0	0	0	0	0	0	0	0	0	0	0	0	0	0	0	4	12	0	0	0	0	0	0	0	0	0	0	0	0	Bacteria; Bacteroidetes; Bacteroidia; Flavobacteriales; Flavobacteriaceae; Flavobacterium
fee0e23538bc96829f5245869f959322	0	0	0	0	0	0	0	0	0	0	0	0	0	0	0	0	0	0	2	0	0	0	0	14	0	0	0	0	0	0	Bacteria; Bacteroidetes; Bacteroidia; Sphingobacteriales; Sphingobacteriaceae; Mucilaginibacter
e4654946a3277e0a3dfe0ce3650385e7	0	0	0	0	0	0	0	0	0	0	0	0	0	0	0	0	0	0	0	0	0	0	16	0	0	0	0	0	0	0	Bacteria; Firmicutes; Bacilli; Bacillales; Bacillaceae; Bacillus
c1ea953c2eb7594c457462219f535cbf	0	0	0	0	0	0	0	0	0	0	0	0	0	0	0	0	0	0	0	0	0	0	0	16	0	0	0	0	0	0	Bacteria; Bacteroidetes; Bacteroidia; Chitinophagales; Chitinophagaceae; Taibaiella
2d37d467f67e72107225295fb881b752	0	0	0	0	0	0	0	0	0	0	0	0	0	0	0	0	0	0	0	0	0	0	0	0	16	0	0	0	0	0	Bacteria; Firmicutes; Bacilli; Bacillales; Paenibacillaceae; Paenibacillus
09ddd8485d14d28bcd2079555e41db88	0	0	0	0	0	0	0	0	0	0	0	0	0	0	0	0	0	0	0	0	0	0	0	0	16	0	0	0	0	0	Bacteria; Proteobacteria; Alphaproteobacteria; Rhizobiales; Beijerinckiaceae; Unidentified_Beijerinckiaceae
0fff322bebeb7c27fb691b13140fbc43	0	0	0	0	0	0	0	0	0	0	0	0	0	0	0	0	0	0	0	0	0	0	0	0	16	0	0	0	0	0	Bacteria; Firmicutes; Bacilli; Bacillales; Paenibacillaceae; Paenibacillus
9ac3bb1d7dedb08a012692a6f536b5af	0	0	0	0	0	0	0	0	0	0	0	0	0	0	0	0	0	0	0	0	0	0	0	0	16	0	0	0	0	0	Bacteria; Proteobacteria; Alphaproteobacteria; Sphingomonadales; Sphingomonadaceae; Sphingomonas
6ae3b50852b67e86f8cdaa48501623a2	0	0	0	0	0	0	0	0	0	0	0	0	0	0	0	0	0	0	0	0	0	0	0	0	16	0	0	0	0	0	Bacteria; Planctomycetes; Planctomycetacia; Pirellulales; Pirellulaceae; uncultured
19f9abe2138291b1723b7699add483a6	0	0	0	0	0	0	0	0	0	0	0	0	0	0	0	0	0	0	0	0	0	0	0	0	16	0	0	0	0	0	Bacteria; Chlamydiae; Chlamydiae; Chlamydiales; Parachlamydiaceae; Candidatus_Protochlamydia
3f938ae0b6b38a19ff7f2f4a64ada47c	0	0	0	0	0	0	0	0	0	0	0	0	0	0	0	0	0	0	0	0	0	0	0	0	16	0	0	0	0	0	Bacteria; Acidobacteria; Blastocatellia_(Subgroup_4); Blastocatellales; Blastocatellaceae; Aridibacter
08b5639b6e4e237d53a57565c70cdadc	0	0	0	0	0	0	0	0	0	0	0	0	0	0	0	0	0	0	0	0	0	0	0	0	6	0	0	10	0	0	Bacteria; Proteobacteria; Gammaproteobacteria; Legionellales; Legionellaceae; Legionella
2d4a1230e69b390b514809da1a7cc669	0	0	0	0	0	0	0	0	0	0	0	0	0	0	0	0	0	0	0	0	0	0	0	0	6	0	0	0	10	0	Bacteria; Proteobacteria; Gammaproteobacteria; Betaproteobacteriales; Rhodocyclaceae; Azonexus
1c6c565995dbe45a7b0bc69118c45338	0	0	0	0	0	0	0	0	0	0	0	0	0	0	0	0	0	0	0	0	0	0	0	0	0	16	0	0	0	0	Bacteria; Actinobacteria; Acidimicrobiia; Microtrichales; Microtrichaceae; uncultured
0a2912fae0f84ad6f10d19af8d2e23dc	0	0	0	0	0	0	0	0	0	0	0	0	0	0	0	0	0	0	0	0	0	0	0	0	0	16	0	0	0	0	Bacteria; Bacteroidetes; Rhodothermia; Balneolales; Balneolaceae; Unidentified_Balneolaceae
1fce081d5319b0cd256091eddc206f18	0	0	0	0	0	0	0	0	0	0	0	0	0	0	0	0	0	0	0	0	0	0	0	0	0	16	0	0	0	0	Bacteria; Proteobacteria; Alphaproteobacteria; Caulobacterales; Caulobacteraceae; Brevundimonas
31f6d30de4f32932aec2b1bcb5c80584	0	0	0	0	0	0	0	0	0	0	0	0	0	0	0	0	0	0	0	0	0	0	0	0	0	16	0	0	0	0	Bacteria; Bacteroidetes; Bacteroidia; Sphingobacteriales; Sphingobacteriaceae; Parapedobacter
4ae36b1def2a9e7473c812f1e8898b73	0	0	0	0	0	0	0	0	0	0	0	0	0	0	0	0	0	0	0	0	0	0	0	0	0	16	0	0	0	0	Bacteria; Proteobacteria; Deltaproteobacteria; Oligoflexales; 0319-6G20; uncultured_bacterium
702852871061549630b1e7dd572c1fe9	0	0	0	0	0	0	0	0	0	0	0	0	0	0	0	0	0	0	0	0	0	0	0	0	0	10	0	0	6	0	Bacteria; Proteobacteria; Alphaproteobacteria; Tistrellales; Geminicoccaceae; Candidatus_Alysiosphaera
30f03e93f656001f11807b72de5f9124	0	0	0	0	0	0	0	0	0	0	0	0	0	0	0	0	0	0	0	0	0	0	0	0	0	10	0	6	0	0	Bacteria; Chloroflexi; Chloroflexia; Thermomicrobiales; JG30-KF-CM45; uncultured_bacterium
1b94b49f6f572d8c6bd13ce3a26ea8d3	0	0	0	0	0	0	0	0	0	0	0	0	0	0	0	0	0	0	0	0	0	0	0	0	0	8	0	0	8	0	Bacteria; Proteobacteria; Alphaproteobacteria; Azospirillales; Azospirillales_Incertae_Sedis; Stella
40f705857ef1d54fe5a3a36c072a2496	0	0	0	0	0	0	0	0	0	0	0	0	0	0	0	0	0	0	0	0	0	0	0	0	0	0	16	0	0	0	Bacteria; Chloroflexi; OLB14; uncultured_bacterium; uncultured_bacterium; uncultured_bacterium
ef842304c4abd41a0d12022583c3e8be	0	0	0	0	0	0	0	0	0	0	0	0	0	0	0	0	0	0	0	0	0	0	0	0	0	0	12	4	0	0	Bacteria; Proteobacteria; Gammaproteobacteria; Betaproteobacteriales; Burkholderiaceae; Hydrogenophaga
9eab7a1249300ee6e9757c224201f94d	0	0	0	0	0	0	0	0	0	0	0	0	0	0	0	0	0	0	0	0	0	0	0	0	0	0	0	16	0	0	Bacteria; Proteobacteria; Gammaproteobacteria; Xanthomonadales; Xanthomonadaceae; Stenotrophomonas
be7bdef3dcbb3b87c9ef34b4a5d77967	0	0	0	0	0	0	0	0	0	0	0	0	0	0	0	0	0	0	0	0	0	0	0	0	0	0	0	16	0	0	Bacteria; Actinobacteria; Acidimicrobiia; Microtrichales; Unidentified_Microtrichales; Unidentified_Microtrichales
6535e9ba0170aa1887d0426dca67c6ef	0	0	0	0	0	0	0	0	0	0	0	0	0	0	0	0	0	0	0	0	0	0	0	0	0	0	0	16	0	0	Bacteria; Planctomycetes; Planctomycetacia; Pirellulales; Pirellulaceae; Pir4_lineage
52659210b409a8095b8ea02db82b6cd0	0	0	0	0	0	0	0	0	0	0	0	0	0	0	0	0	0	0	0	0	0	0	0	0	0	0	0	16	0	0	Bacteria; Proteobacteria; Alphaproteobacteria; Rhizobiales; Xanthobacteraceae; Unidentified_Xanthobacteraceae
acc68e35f2751b7d6961f83e0a3e6f1f	0	0	0	0	0	0	0	0	0	0	0	0	0	0	0	0	0	0	0	0	0	0	0	0	0	0	0	16	0	0	Bacteria; Proteobacteria; Alphaproteobacteria; Rhizobiales; Xanthobacteraceae; Rhodopseudomonas
9af662ba7eb490ea7a1951a66a9df552	0	0	0	0	0	0	0	0	0	0	0	0	0	0	0	0	0	0	0	0	0	0	0	0	0	0	0	16	0	0	Bacteria; Actinobacteria; Acidimicrobiia; Microtrichales; Iamiaceae; Iamia
df877970020e6887ddc2e536972d03ef	0	0	0	0	0	0	0	0	0	0	0	0	0	0	0	0	0	0	0	0	0	0	0	0	0	0	0	16	0	0	Bacteria; Firmicutes; Bacilli; Bacillales; Paenibacillaceae; Paenibacillus
9193b5df027dcb280ab5681e7f3d1c69	0	0	0	0	0	0	0	0	0	0	0	0	0	0	0	0	0	0	0	0	0	0	0	0	0	0	0	16	0	0	Bacteria; Proteobacteria; Gammaproteobacteria; Betaproteobacteriales; Burkholderiaceae; Unidentified_Burkholderiaceae
9a9608f4b3c157ae50486ad3b74ac08f	0	0	0	0	0	0	0	0	0	0	0	0	0	0	0	0	0	0	0	0	0	0	0	0	0	0	0	16	0	0	Bacteria; Firmicutes; Bacilli; Bacillales; Paenibacillaceae; Paenibacillus
0b97bff3aa2b2822c3636516b513adf4	0	0	0	0	0	0	0	0	0	0	0	0	0	0	0	0	0	0	0	0	0	0	0	0	0	0	0	16	0	0	Bacteria; Proteobacteria; Gammaproteobacteria; Betaproteobacteriales; Nitrosomonadaceae; Ellin6067
f4baaeb6fdcd6b8ebd07250e0311dd57	0	0	0	0	0	0	0	0	0	0	0	0	0	0	0	0	0	0	0	0	0	0	0	0	0	0	0	16	0	0	Bacteria; Actinobacteria; Actinobacteria; Corynebacteriales; Mycobacteriaceae; Mycobacterium
d206f30be7047d0ff33457a194b3fc67	0	0	0	0	0	0	0	0	0	0	0	0	0	0	0	0	0	0	0	0	0	0	0	0	0	0	0	16	0	0	Bacteria; Proteobacteria; Alphaproteobacteria; Rhizobiales; Rhizobiaceae; Mesorhizobium
dd45564fe5d7aba9182611fd31f6e2f3	0	0	0	0	0	0	0	0	0	0	0	0	0	0	0	0	0	0	0	0	0	0	0	0	0	0	0	10	0	6	Bacteria; Bacteroidetes; Bacteroidia; Sphingobacteriales; Sphingobacteriaceae; Sphingobacterium
896b1e56db40986d88f97de20d459d96	0	0	0	0	0	0	0	0	0	0	0	0	0	0	0	0	0	0	0	0	0	0	0	0	0	0	0	0	16	0	Bacteria; Bacteroidetes; Bacteroidia; Sphingobacteriales; Sphingobacteriaceae; Sphingobacterium
213b10c2093a71be0763322f42483995	0	0	0	0	0	0	0	0	0	0	0	0	0	0	0	0	0	0	0	0	0	0	0	0	0	0	0	0	16	0	Bacteria; Proteobacteria; Gammaproteobacteria; Betaproteobacteriales; Nitrosomonadaceae; Ellin6067
9d47f6385d1cf9f86f6fc01efcb551ba	0	0	0	0	0	0	0	0	0	0	0	0	0	0	0	0	0	0	0	0	0	0	0	0	0	0	0	0	16	0	Bacteria; Proteobacteria; Gammaproteobacteria; Betaproteobacteriales; Burkholderiaceae; Comamonas
b455b86a52a4203810adc532ac630d6b	0	0	0	0	0	0	0	0	0	0	0	0	0	0	0	0	0	0	0	0	0	0	0	0	0	0	0	0	16	0	Bacteria; Proteobacteria; Gammaproteobacteria; Betaproteobacteriales; Burkholderiaceae; Pigmentiphaga
d0208a9ff75588d4d7f11a2a1a1d686c	0	0	0	0	0	0	0	0	0	0	0	0	0	0	0	0	0	0	0	0	0	0	0	0	0	0	0	0	16	0	Bacteria; Bacteroidetes; Bacteroidia; Chitinophagales; Chitinophagaceae; Ferruginibacter
b4c0bc42ef93fc56e60b47e3225371d6	0	0	0	0	0	0	0	0	0	0	0	0	0	0	0	0	0	0	0	0	0	0	0	0	0	0	0	0	16	0	Bacteria; Bacteroidetes; Bacteroidia; Flavobacteriales; Flavobacteriaceae; Flavobacterium
4b38382571643b95c9ce6facec521140	0	0	0	0	0	0	0	0	0	0	0	0	0	0	0	0	0	0	0	0	0	0	0	0	0	0	0	0	16	0	Bacteria; Bacteroidetes; Bacteroidia; Chitinophagales; Chitinophagaceae; Unidentified_Chitinophagaceae
25bdeae4cbd6e909a10b5925770a4590	0	0	0	0	0	0	0	0	0	0	0	0	0	0	0	0	0	0	0	0	0	0	0	0	0	0	0	0	16	0	Bacteria; Proteobacteria; Alphaproteobacteria; Acetobacterales; Acetobacteraceae; Unidentified_Acetobacteraceae
8efa3eee78b920a69205175f3a951cb6	0	0	0	0	0	0	0	0	0	0	0	0	0	0	0	0	0	0	0	0	0	0	0	0	0	0	0	0	16	0	Bacteria; Patescibacteria; Parcubacteria; uncultured_bacterium; uncultured_bacterium; uncultured_bacterium
be6180840f34fbd7ec4c25e4eee150a0	0	0	0	0	0	0	0	0	0	0	0	0	0	0	0	0	0	0	0	0	0	0	0	0	0	0	0	0	16	0	Bacteria; Actinobacteria; Actinobacteria; Pseudonocardiales; Pseudonocardiaceae; Prauserella
3d29b9860b8061ff88cefbe705fd296d	0	0	0	0	0	0	0	0	0	0	0	0	0	0	0	0	0	0	0	0	0	0	0	0	0	0	0	0	0	16	Bacteria; Actinobacteria; Acidimicrobiia; Microtrichales; uncultured; uncultured_bacterium
a39ec73f70275cc014a2a9623bee1536	0	0	0	0	0	0	0	0	0	0	0	0	0	0	0	0	0	0	0	0	0	0	0	0	0	0	0	0	0	16	Bacteria; Proteobacteria; Deltaproteobacteria; Myxococcales; BIrii41; Unidentified
92f51bd21e65afc4e780e871d071a02a	0	0	0	0	0	0	0	0	0	0	0	0	0	0	0	0	0	0	0	0	0	0	0	0	0	0	0	0	0	16	Bacteria; Firmicutes; Bacilli; Bacillales; Paenibacillaceae; Paenibacillus
d1f8f47c77a4d87660b941316b819e4b	0	0	0	0	0	0	0	0	0	0	0	0	0	0	0	0	0	0	0	0	0	0	0	0	0	0	0	0	0	16	Bacteria; Proteobacteria; Alphaproteobacteria; Rhodospirillales; Magnetospirillaceae; Magnetospirillum
7121ff350275fe76101f75519ab31226	0	0	0	0	0	0	0	0	0	0	0	0	0	0	0	0	0	0	0	0	0	0	0	0	0	0	0	0	0	16	Bacteria; Firmicutes; Bacilli; Bacillales; Paenibacillaceae; Paenibacillus
7486ac52732ea6351b269ffc40a9966d	0	0	0	0	0	0	0	0	0	0	0	0	0	0	0	0	0	0	0	0	0	0	0	0	0	0	0	0	0	16	Bacteria; Chloroflexi; TK10; Unidentified; Unidentified; Unidentified
b34081d155fb14a8baebb834029c8ee5	0	0	0	0	0	0	0	0	0	0	0	0	0	0	0	0	0	0	0	0	0	0	0	0	0	0	0	0	0	16	Bacteria; Firmicutes; Clostridia; Clostridiales; Lachnospiraceae; Unidentified_Lachnospiraceae
c23d9c4626abe211214430dea60e8505	0	0	0	0	0	0	0	0	0	0	0	0	0	0	0	0	0	0	0	0	0	0	0	0	0	0	0	0	0	16	Bacteria; Proteobacteria; Gammaproteobacteria; Enterobacteriales; Enterobacteriaceae; Pectobacterium
27d4c5fe168f89c00d884d900be36a8b	0	0	0	0	0	0	0	0	0	0	0	0	0	0	0	0	0	0	0	0	0	0	0	0	0	0	0	0	0	16	Bacteria; Actinobacteria; Actinobacteria; Streptosporangiales; Streptosporangiaceae; Nonomuraea
655b8885d9fe27468b32d96228ef1383	0	0	0	0	0	0	0	0	0	0	0	0	0	0	0	0	0	0	0	0	0	0	0	0	0	0	0	0	0	16	Bacteria; Bacteroidetes; Rhodothermia; Balneolales; Balneolaceae; Unidentified_Balneolaceae
5ce092433a795bec9de3caacc3ffd305	0	0	0	0	0	0	0	0	0	0	0	0	0	0	0	0	0	0	0	0	0	0	0	0	0	0	0	0	0	16	Bacteria; Actinobacteria; Actinobacteria; Corynebacteriales; Mycobacteriaceae; Mycobacterium
4b6417c4c3beeeb0260fb8dc648b0c5e	0	0	0	0	0	0	0	0	0	0	0	0	0	0	0	0	0	0	0	0	0	0	0	0	0	0	0	0	0	16	Bacteria; Proteobacteria; Alphaproteobacteria; uncultured; uncultured_bacterium; uncultured_bacterium
c1bc3e6b0324007ac542b6c7fdd37803	0	0	0	0	0	0	0	0	0	0	0	0	0	0	0	0	0	0	0	0	0	0	0	0	0	0	0	0	0	16	Bacteria; Firmicutes; Clostridia; Clostridiales; Christensenellaceae; Christensenellaceae_R-7_group
0c4c19d74fbe28b5a0168e0f0b10213e	0	0	0	0	0	0	0	0	0	0	2	0	0	0	0	0	0	0	0	0	0	0	0	0	0	0	0	0	12	0	Bacteria; Planctomycetes; Planctomycetacia; Planctomycetales; Rubinisphaeraceae; Planctomicrobium
cc6ad9209015fa4225dbdd2b3584362b	0	0	0	0	0	0	0	0	0	0	0	14	0	0	0	0	0	0	0	0	0	0	0	0	0	0	0	0	0	0	Bacteria; Proteobacteria; Gammaproteobacteria; Betaproteobacteriales; Burkholderiaceae; Burkholderia-Caballeronia-Paraburkholderia
2fb93575a6f78e0e2a126d764de367ed	0	0	0	0	0	0	0	0	0	0	0	0	6	0	0	0	6	0	0	0	0	0	2	0	0	0	0	0	0	0	Bacteria; Bacteroidetes; Bacteroidia; Bacteroidales; Dysgonomonadaceae; Dysgonomonas
06bb3fa895e072e060638ec1131d0d3c	0	0	0	0	0	0	0	0	0	0	0	0	4	0	0	0	0	0	0	0	0	0	10	0	0	0	0	0	0	0	Bacteria; Proteobacteria; Alphaproteobacteria; Rhizobiales; Rhizobiaceae; Allorhizobium-Neorhizobium-Pararhizobium-Rhizobium
49efabe6256937d5bd2d18e4df5bb9f2	0	0	0	0	0	0	0	0	0	0	0	0	0	14	0	0	0	0	0	0	0	0	0	0	0	0	0	0	0	0	Bacteria; Proteobacteria; Alphaproteobacteria; Rhodobacterales; Rhodobacteraceae; Paracoccus
8e6a266485b0f8484c74604463795353	0	0	0	0	0	0	0	0	0	0	0	0	0	0	8	0	0	0	0	0	0	0	6	0	0	0	0	0	0	0	Bacteria; Firmicutes; Bacilli; Bacillales; Paenibacillaceae; Saccharibacillus
1c58e786550cf680371ff55bedc557f5	0	0	0	0	0	0	0	0	0	0	0	0	0	0	0	14	0	0	0	0	0	0	0	0	0	0	0	0	0	0	Bacteria; Bacteroidetes; Bacteroidia; Flavobacteriales; Weeksellaceae; Chryseobacterium
698e143fc947027adcdf75dafa58d5f9	0	0	0	0	0	0	0	0	0	0	0	0	0	0	0	2	0	0	0	0	0	0	0	0	0	0	0	0	0	12	Bacteria; Chloroflexi; Anaerolineae; Caldilineales; Caldilineaceae; uncultured
7e5196ed9fbdb5246e52bdf90a5c7730	0	0	0	0	0	0	0	0	0	0	0	0	0	0	0	0	14	0	0	0	0	0	0	0	0	0	0	0	0	0	Bacteria; Proteobacteria; Gammaproteobacteria; Betaproteobacteriales; Burkholderiaceae; Parapusillimonas
5ea0ebb8e76db3d6891a4ac0a46eba7b	0	0	0	0	0	0	0	0	0	0	0	0	0	0	0	0	14	0	0	0	0	0	0	0	0	0	0	0	0	0	Bacteria; Bacteroidetes; Bacteroidia; Sphingobacteriales; Sphingobacteriaceae; Sphingobacterium
f2d5456f0e7f888b1b5ac7405ea05def	0	0	0	0	0	0	0	0	0	0	0	0	0	0	0	0	0	14	0	0	0	0	0	0	0	0	0	0	0	0	Bacteria; Actinobacteria; Actinobacteria; Micrococcales; Micrococcaceae; Nesterenkonia
9598ca0d674fabb50dd0d5cc2cac3f93	0	0	0	0	0	0	0	0	0	0	0	0	0	0	0	0	0	0	0	0	0	14	0	0	0	0	0	0	0	0	Bacteria; Bacteroidetes; Bacteroidia; Flavobacteriales; Flavobacteriaceae; Flavobacterium
408b59504d8b29943e744dccc2982894	0	0	0	0	0	0	0	0	0	0	0	0	0	0	0	0	0	0	0	0	0	4	10	0	0	0	0	0	0	0	Bacteria; Actinobacteria; Actinobacteria; Micrococcales; Microbacteriaceae; Leucobacter
ebda799aa506168b0a3f1464e1aab9d2	0	0	0	0	0	0	0	0	0	0	0	0	0	0	0	0	0	0	0	0	0	0	14	0	0	0	0	0	0	0	Bacteria; Bacteroidetes; Bacteroidia; Chitinophagales; Chitinophagaceae; Sediminibacterium
d91f5eb2c46d0bef694c44540aa61e57	0	0	0	0	0	0	0	0	0	0	0	0	0	0	0	0	0	0	0	0	0	0	14	0	0	0	0	0	0	0	Bacteria; Proteobacteria; Gammaproteobacteria; Xanthomonadales; Xanthomonadaceae; Pseudoxanthomonas
0f1227c774a738acba462b1bb5f9367b	0	0	0	0	0	0	0	0	0	0	0	0	0	0	0	0	0	0	0	0	0	0	0	14	0	0	0	0	0	0	Bacteria; Bacteroidetes; Bacteroidia; Sphingobacteriales; Sphingobacteriaceae; Pedobacter
c0b69d6fa8f1e93beb3d9c0056a3183a	0	0	0	0	0	0	0	0	0	0	0	0	0	0	0	0	0	0	0	0	0	0	0	14	0	0	0	0	0	0	Bacteria; Bacteroidetes; Bacteroidia; Sphingobacteriales; Sphingobacteriaceae; Mucilaginibacter
db71e335bc263a02d10d6331d567e4ba	0	0	0	0	0	0	0	0	0	0	0	0	0	0	0	0	0	0	0	0	0	0	0	14	0	0	0	0	0	0	Bacteria; Proteobacteria; Gammaproteobacteria; Xanthomonadales; Xanthomonadaceae; Stenotrophomonas
80c07f958e17a26d4fd907881022e8d2	0	0	0	0	0	0	0	0	0	0	0	0	0	0	0	0	0	0	0	0	0	0	0	14	0	0	0	0	0	0	Bacteria; Proteobacteria; Gammaproteobacteria; Xanthomonadales; Xanthomonadaceae; Unidentified_Xanthomonadaceae
36a03bbb5a60179853105d94fc44054c	0	0	0	0	0	0	0	0	0	0	0	0	0	0	0	0	0	0	0	0	0	0	0	14	0	0	0	0	0	0	Bacteria; Proteobacteria; Alphaproteobacteria; Reyranellales; Reyranellaceae; Reyranella
70623748c214d1ffac061ca855c00025	0	0	0	0	0	0	0	0	0	0	0	0	0	0	0	0	0	0	0	0	0	0	0	0	14	0	0	0	0	0	Bacteria; Bacteroidetes; Bacteroidia; Cytophagales; Cyclobacteriaceae; Unidentified_Cyclobacteriaceae
92d55e5b7d735804b2827f1e4971935b	0	0	0	0	0	0	0	0	0	0	0	0	0	0	0	0	0	0	0	0	0	0	0	0	14	0	0	0	0	0	Bacteria; Proteobacteria; Alphaproteobacteria; Rhizobiales; Devosiaceae; Pelagibacterium
d135666a92a0ced6776334a8dd88fd64	0	0	0	0	0	0	0	0	0	0	0	0	0	0	0	0	0	0	0	0	0	0	0	0	14	0	0	0	0	0	Bacteria; Chloroflexi; Anaerolineae; SBR1031; A4b; uncultured_bacterium
5dc15b8cc61ce345883631092f7e6db9	0	0	0	0	0	0	0	0	0	0	0	0	0	0	0	0	0	0	0	0	0	0	0	0	14	0	0	0	0	0	Bacteria; Proteobacteria; Alphaproteobacteria; Rhizobiales; Rhizobiaceae; Unidentified_Rhizobiaceae
70fbc4150a7b24e8746bb06e208d943c	0	0	0	0	0	0	0	0	0	0	0	0	0	0	0	0	0	0	0	0	0	0	0	0	14	0	0	0	0	0	Bacteria; Chloroflexi; Anaerolineae; SBR1031; A4b; Unidentified
96d13fc2bd5d10544cc02d8ffd2ce245	0	0	0	0	0	0	0	0	0	0	0	0	0	0	0	0	0	0	0	0	0	0	0	0	14	0	0	0	0	0	Bacteria; Proteobacteria; Alphaproteobacteria; Azospirillales; Azospirillaceae; Azospirillum
33b4f653d869676c0b36fdb32132de82	0	0	0	0	0	0	0	0	0	0	0	0	0	0	0	0	0	0	0	0	0	0	0	0	14	0	0	0	0	0	Bacteria; Proteobacteria; Deltaproteobacteria; Myxococcales; Polyangiaceae; Polyangium
a39b4e2e2aaf9973b5cf123bf615773b	0	0	0	0	0	0	0	0	0	0	0	0	0	0	0	0	0	0	0	0	0	0	0	0	14	0	0	0	0	0	Bacteria; Gemmatimonadetes; Longimicrobia; Longimicrobiales; Longimicrobiaceae; uncultured_bacterium
1017f234ec9b01657e3cb8644a9ed7be	0	0	0	0	0	0	0	0	0	0	0	0	0	0	0	0	0	0	0	0	0	0	0	0	14	0	0	0	0	0	Bacteria; Firmicutes; Bacilli; Bacillales; Bacillaceae; Gracilibacillus
145fec68aa2f40970061e39ac5995ce5	0	0	0	0	0	0	0	0	0	0	0	0	0	0	0	0	0	0	0	0	0	0	0	0	14	0	0	0	0	0	Bacteria; Bacteroidetes; Bacteroidia; Sphingobacteriales; Sphingobacteriaceae; Sphingobacterium
9d92b9e9dcba375ef9f03a10be377049	0	0	0	0	0	0	0	0	0	0	0	0	0	0	0	0	0	0	0	0	0	0	0	0	14	0	0	0	0	0	Bacteria; Chloroflexi; Chloroflexia; Thermomicrobiales; JG30-KF-CM45; uncultured_bacterium
bff32df8edaa2d71fe4ecc043f6a0066	0	0	0	0	0	0	0	0	0	0	0	0	0	0	0	0	0	0	0	0	0	0	0	0	6	0	0	8	0	0	Bacteria; Actinobacteria; Acidimicrobiia; Microtrichales; Ilumatobacteraceae; Unidentified_Ilumatobacteraceae
ec131ece1a5ff56b749ecd955ebc475a	0	0	0	0	0	0	0	0	0	0	0	0	0	0	0	0	0	0	0	0	0	0	0	0	0	14	0	0	0	0	Bacteria; Chloroflexi; Anaerolineae; Caldilineales; Caldilineaceae; uncultured
0b4de4d23b3f57e232ee1917d12514bd	0	0	0	0	0	0	0	0	0	0	0	0	0	0	0	0	0	0	0	0	0	0	0	0	0	14	0	0	0	0	Bacteria; Proteobacteria; Gammaproteobacteria; Xanthomonadales; Xanthomonadaceae; Arenimonas
f0eea8fb4e68abd2a8970d8f0298ade1	0	0	0	0	0	0	0	0	0	0	0	0	0	0	0	0	0	0	0	0	0	0	0	0	0	14	0	0	0	0	Bacteria; Bacteroidetes; Bacteroidia; Sphingobacteriales; Sphingobacteriaceae; Sphingobacterium
dd463f035aecf88fef43a7d58ae59293	0	0	0	0	0	0	0	0	0	0	0	0	0	0	0	0	0	0	0	0	0	0	0	0	0	14	0	0	0	0	Bacteria; Chloroflexi; Dehalococcoidia; S085; Unidentified; Unidentified
e1785c34485ddb9013d94b0b56667a4e	0	0	0	0	0	0	0	0	0	0	0	0	0	0	0	0	0	0	0	0	0	0	0	0	0	14	0	0	0	0	Bacteria; Actinobacteria; Acidimicrobiia; Microtrichales; Ilumatobacteraceae; Ilumatobacter
989895825915fcdaaac691d497abe31e	0	0	0	0	0	0	0	0	0	0	0	0	0	0	0	0	0	0	0	0	0	0	0	0	0	14	0	0	0	0	Bacteria; Bacteroidetes; Bacteroidia; Sphingobacteriales; Sphingobacteriaceae; Pedobacter
e081c291cafb64199045a45f1896ea1a	0	0	0	0	0	0	0	0	0	0	0	0	0	0	0	0	0	0	0	0	0	0	0	0	0	14	0	0	0	0	Bacteria; Bacteroidetes; Bacteroidia; Flavobacteriales; NS9_marine_group; Unidentified
e921e545e3e42c795f12a215f520b1e2	0	0	0	0	0	0	0	0	0	0	0	0	0	0	0	0	0	0	0	0	0	0	0	0	0	8	0	6	0	0	Bacteria; Acidobacteria; Blastocatellia_(Subgroup_4); Blastocatellales; Blastocatellaceae; Aridibacter
9179c396e58edf24c18dca38a3e86779	0	0	0	0	0	0	0	0	0	0	0	0	0	0	0	0	0	0	0	0	0	0	0	0	0	8	0	0	0	6	Bacteria; Firmicutes; Clostridia; Clostridiales; Ruminococcaceae; Ruminiclostridium_1
c8dc212a2ab93377b0945a3d42b283a1	0	0	0	0	0	0	0	0	0	0	0	0	0	0	0	0	0	0	0	0	0	0	0	0	0	6	0	8	0	0	Bacteria; Chloroflexi; Chloroflexia; Thermomicrobiales; AKYG1722; Unidentified
8fdcdbdca3a8f3b5c6b7630203f77e1f	0	0	0	0	0	0	0	0	0	0	0	0	0	0	0	0	0	0	0	0	0	0	0	0	0	2	0	12	0	0	Bacteria; Firmicutes; Clostridia; Clostridiales; Lachnospiraceae; Unidentified_Lachnospiraceae
000ada501122ff6c83799b3565d1d9e7	0	0	0	0	0	0	0	0	0	0	0	0	0	0	0	0	0	0	0	0	0	0	0	0	0	0	14	0	0	0	Bacteria; Proteobacteria; Alphaproteobacteria; Rhizobiales; Devosiaceae; Pelagibacterium
9228069883dd01a9941d9ca3cf246a89	0	0	0	0	0	0	0	0	0	0	0	0	0	0	0	0	0	0	0	0	0	0	0	0	0	0	14	0	0	0	Bacteria; Firmicutes; Bacilli; Bacillales; Paenibacillaceae; Thermobacillus
b4ce604226cdee602bfb9b1cf2ec4afd	0	0	0	0	0	0	0	0	0	0	0	0	0	0	0	0	0	0	0	0	0	0	0	0	0	0	0	14	0	0	Bacteria; Proteobacteria; Gammaproteobacteria; Pseudomonadales; Pseudomonadaceae; Pseudomonas
c45c8bca9a6dc79701a47901919cd9fa	0	0	0	0	0	0	0	0	0	0	0	0	0	0	0	0	0	0	0	0	0	0	0	0	0	0	0	14	0	0	Bacteria; Proteobacteria; Gammaproteobacteria; Oceanospirillales; Pseudohongiellaceae; Unidentified_Pseudohongiellaceae
ca5b18d6ddf4338ef62898fb0dfaf72b	0	0	0	0	0	0	0	0	0	0	0	0	0	0	0	0	0	0	0	0	0	0	0	0	0	0	0	14	0	0	Bacteria; Proteobacteria; Alphaproteobacteria; Rhizobiales; Rhizobiaceae; Chelativorans
26eaa588db4f7229f58f0a615319d2aa	0	0	0	0	0	0	0	0	0	0	0	0	0	0	0	0	0	0	0	0	0	0	0	0	0	0	0	14	0	0	Bacteria; Bacteroidetes; Rhodothermia; Balneolales; Balneolaceae; uncultured
dc73497eff7d72c7bc8bb92c5a8e893e	0	0	0	0	0	0	0	0	0	0	0	0	0	0	0	0	0	0	0	0	0	0	0	0	0	0	0	14	0	0	Bacteria; Proteobacteria; Gammaproteobacteria; Betaproteobacteriales; Burkholderiaceae; Lautropia
ae3f7a2d00710327292f6bdade202271	0	0	0	0	0	0	0	0	0	0	0	0	0	0	0	0	0	0	0	0	0	0	0	0	0	0	0	14	0	0	Bacteria; Chloroflexi; TK10; Unidentified; Unidentified; Unidentified
26f37ba4825e7107bcb9d3fda4519f49	0	0	0	0	0	0	0	0	0	0	0	0	0	0	0	0	0	0	0	0	0	0	0	0	0	0	0	14	0	0	Bacteria; Firmicutes; Bacilli; Bacillales; Paenibacillaceae; Thermobacillus
3986f48f466b0700d851a08d43712d6b	0	0	0	0	0	0	0	0	0	0	0	0	0	0	0	0	0	0	0	0	0	0	0	0	0	0	0	14	0	0	Bacteria; Firmicutes; Clostridia; Clostridiales; Clostridiaceae_1; Clostridium_sensu_stricto_12
9852476da69d3746dfff40cff2743708	0	0	0	0	0	0	0	0	0	0	0	0	0	0	0	0	0	0	0	0	0	0	0	0	0	0	0	14	0	0	Bacteria; Proteobacteria; Alphaproteobacteria; Rhizobiales; Rhizobiaceae; Unidentified_Rhizobiaceae
521a735b4c6cd9bfc2fe5c913043ee8f	0	0	0	0	0	0	0	0	0	0	0	0	0	0	0	0	0	0	0	0	0	0	0	0	0	0	0	14	0	0	Bacteria; Actinobacteria; Actinobacteria; Propionibacteriales; Nocardioidaceae; Aeromicrobium
d9bb18e63babb8c2debc1241dd875bea	0	0	0	0	0	0	0	0	0	0	0	0	0	0	0	0	0	0	0	0	0	0	0	0	0	0	0	14	0	0	Bacteria; Chloroflexi; JG30-KF-CM66; uncultured_bacterium; uncultured_bacterium; uncultured_bacterium
1d3d7e870612a03d8ff66fe4705c6beb	0	0	0	0	0	0	0	0	0	0	0	0	0	0	0	0	0	0	0	0	0	0	0	0	0	0	0	14	0	0	Bacteria; Proteobacteria; Alphaproteobacteria; Sneathiellales; Sneathiellaceae; Ferrovibrio
b30317c9deca881e6ef127068bd6de99	0	0	0	0	0	0	0	0	0	0	0	0	0	0	0	0	0	0	0	0	0	0	0	0	0	0	0	14	0	0	Bacteria; Actinobacteria; Thermoleophilia; Solirubrobacterales; 67-14; uncultured_bacterium
44b9f7adee6624b87544c4c9b79c1778	0	0	0	0	0	0	0	0	0	0	0	0	0	0	0	0	0	0	0	0	0	0	0	0	0	0	0	14	0	0	Bacteria; Proteobacteria; Alphaproteobacteria; Rhizobiales; Unidentified_Rhizobiales; Unidentified_Rhizobiales
4529d9b1cfce7e4a103a0ff358b2f355	0	0	0	0	0	0	0	0	0	0	0	0	0	0	0	0	0	0	0	0	0	0	0	0	0	0	0	14	0	0	Bacteria; Actinobacteria; Actinobacteria; Micromonosporales; Micromonosporaceae; Stackebrandtia
7199770f7f8dd84f0be92fc3156bb6f9	0	0	0	0	0	0	0	0	0	0	0	0	0	0	0	0	0	0	0	0	0	0	0	0	0	0	0	6	0	8	Bacteria; Firmicutes; Clostridia; Clostridiales; Family_XI; Sedimentibacter
58737889e63cf71eb20756d02900888d	0	0	0	0	0	0	0	0	0	0	0	0	0	0	0	0	0	0	0	0	0	0	0	0	0	0	0	4	10	0	Bacteria; Proteobacteria; Gammaproteobacteria; Betaproteobacteriales; Burkholderiaceae; Alicycliphilus
09656ff941ef4411a0bf788e71405823	0	0	0	0	0	0	0	0	0	0	0	0	0	0	0	0	0	0	0	0	0	0	0	0	0	0	0	0	14	0	Bacteria; Firmicutes; Clostridia; Clostridiales; Clostridiaceae_1; Clostridium_sensu_stricto_1
8aa4268800ed78109f9a6629e7848b4a	0	0	0	0	0	0	0	0	0	0	0	0	0	0	0	0	0	0	0	0	0	0	0	0	0	0	0	0	14	0	Bacteria; Proteobacteria; Alphaproteobacteria; Elsterales; Uncultured_Elsterales; Uncultured_Elsterales
e39f89be8b1168d8d26169fcc2b1966f	0	0	0	0	0	0	0	0	0	0	0	0	0	0	0	0	0	0	0	0	0	0	0	0	0	0	0	0	14	0	Bacteria; Chloroflexi; OLB14; uncultured_bacterium; uncultured_bacterium; uncultured_bacterium
cb39744f509bde013dfadd835b86e52a	0	0	0	0	0	0	0	0	0	0	0	0	0	0	0	0	0	0	0	0	0	0	0	0	0	0	0	0	14	0	Bacteria; Bacteroidetes; Ignavibacteria; OPB56; uncultured_bacterium; uncultured_bacterium
0768aac95baf4cf04909a5e9ab9be4f6	0	0	0	0	0	0	0	0	0	0	0	0	0	0	0	0	0	0	0	0	0	0	0	0	0	0	0	0	14	0	Bacteria; Bacteroidetes; Bacteroidia; Flavobacteriales; Flavobacteriaceae; Unidentified_Flavobacteriaceae
6ca690da82486484da38eecac53ca1b4	0	0	0	0	0	0	0	0	0	0	0	0	0	0	0	0	0	0	0	0	0	0	0	0	0	0	0	0	14	0	Bacteria; Proteobacteria; Alphaproteobacteria; Thalassobaculales; Uncultured_Thalassobaculales; Uncultured_Thalassobaculales
2b788af388dfc0f915591b5f839aae16	0	0	0	0	0	0	0	0	0	0	0	0	0	0	0	0	0	0	0	0	0	0	0	0	0	0	0	0	14	0	Bacteria; Proteobacteria; Gammaproteobacteria; Xanthomonadales; Xanthomonadaceae; Pseudoxanthomonas
5830e9177001d3ec14de5a2ba157fb76	0	0	0	0	0	0	0	0	0	0	0	0	0	0	0	0	0	0	0	0	0	0	0	0	0	0	0	0	14	0	Bacteria; Planctomycetes; Planctomycetacia; Pirellulales; Pirellulaceae; uncultured
07ba1911af959b8ac74ecaa2611bacf1	0	0	0	0	0	0	0	0	0	0	0	0	0	0	0	0	0	0	0	0	0	0	0	0	0	0	0	0	14	0	Bacteria; Firmicutes; Bacilli; Bacillales; Bacillaceae; Bacillus
b8c8867f9990899159aaa654374ebc61	0	0	0	0	0	0	0	0	0	0	0	0	0	0	0	0	0	0	0	0	0	0	0	0	0	0	0	0	14	0	Bacteria; Proteobacteria; Alphaproteobacteria; Acetobacterales; Acetobacteraceae; Unidentified_Acetobacteraceae
71c8fc4c7b178f8abb0d2dd121d88b67	0	0	0	0	0	0	0	0	0	0	0	0	0	0	0	0	0	0	0	0	0	0	0	0	0	0	0	0	14	0	Bacteria; Proteobacteria; Alphaproteobacteria; Acetobacterales; Acetobacteraceae; Unidentified_Acetobacteraceae
e6e399018a5216dcfe1ea7349cc798f6	0	0	0	0	0	0	0	0	0	0	0	0	0	0	0	0	0	0	0	0	0	0	0	0	0	0	0	0	14	0	Bacteria; Gemmatimonadetes; Gemmatimonadetes; Gemmatimonadales; Gemmatimonadaceae; uncultured
3344801693165eda87c0c9c1121f0d0d	0	0	0	0	0	0	0	0	0	0	0	0	0	0	0	0	0	0	0	0	0	0	0	0	0	0	0	0	0	14	Bacteria; Proteobacteria; Deltaproteobacteria; Myxococcales; Nannocystaceae; Nannocystis
858603b5b6c7332924623a52faa10212	0	0	0	0	0	0	0	0	0	0	0	0	0	0	0	0	0	0	0	0	0	0	0	0	0	0	0	0	0	14	Bacteria; Firmicutes; Clostridia; Clostridiales; Clostridiaceae_1; Clostridium_sensu_stricto_1
5183d97b2862d0ab4cacfd081ab5d0fe	0	0	0	0	0	0	0	0	0	0	0	0	0	0	0	0	0	0	0	0	0	0	0	0	0	0	0	0	0	14	Bacteria; Proteobacteria; Alphaproteobacteria; Rickettsiales; Rickettsiaceae; Candidatus_Megaira
79adb133c6ea5cc78c4a844872c6a8f0	0	0	0	0	0	0	0	0	0	0	0	0	0	0	0	0	0	0	0	0	0	0	0	0	0	0	0	0	0	14	Bacteria; Firmicutes; Clostridia; Clostridiales; Clostridiaceae_2; Alkaliphilus
68389f4722456ce457cf52d7d4f503ff	0	0	0	0	0	0	0	0	0	0	0	0	0	0	0	0	0	0	0	0	0	0	0	0	0	0	0	0	0	14	Bacteria; Actinobacteria; Actinobacteria; Corynebacteriales; Nocardiaceae; Rhodococcus
d9dab04e61a946bb7bdad9c4a04dcdb5	0	0	0	0	0	0	0	0	0	0	0	0	0	0	0	0	0	0	0	0	0	0	0	0	0	0	0	0	0	14	Bacteria; Proteobacteria; Alphaproteobacteria; Rhizobiales; Rhizobiaceae; Unidentified_Rhizobiaceae
5c06be3aecefb78c5fe4571ed258ecea	0	0	0	0	0	0	0	0	0	0	0	0	0	0	0	0	0	0	0	0	0	0	0	0	0	0	0	0	0	14	Bacteria; Firmicutes; Bacilli; Bacillales; Bacillaceae; Bacillus
fa60503d92fe995fdc475b3fc48118d9	0	0	0	0	0	0	0	0	0	0	0	0	0	0	0	0	0	0	0	0	0	0	0	0	0	0	0	0	0	14	Bacteria; Proteobacteria; Deltaproteobacteria; Myxococcales; Unidentified_Myxococcales; Unidentified_Myxococcales
706190d9c020140300810d405ba3dd3b	0	0	0	0	0	0	0	0	0	0	0	0	0	0	0	0	0	0	0	0	0	0	0	0	0	0	0	0	0	14	Bacteria; Chloroflexi; JG30-KF-CM66; uncultured_bacterium; uncultured_bacterium; uncultured_bacterium
600d7d633ad6b9f94b9df2b17a04f329	0	0	0	0	0	0	0	0	0	0	0	0	0	0	0	0	0	0	0	0	0	0	0	0	0	0	0	0	0	14	Bacteria; BRC1; uncultured_bacterium; uncultured_bacterium; uncultured_bacterium; uncultured_bacterium
361860c1a9e53c16f13d5d69d5fe0f22	0	0	0	0	0	0	0	0	0	0	0	0	0	0	0	0	0	0	0	0	0	0	0	0	0	0	0	0	0	14	Bacteria; Planctomycetes; Planctomycetacia; Pirellulales; Pirellulaceae; Pir4_lineage
6dbcbf96a959490029cb521b0b3c3644	0	0	0	0	0	0	0	0	0	0	0	0	0	0	0	0	0	0	0	0	0	0	0	0	0	0	0	0	0	14	Bacteria; Proteobacteria; Alphaproteobacteria; Acetobacterales; Acetobacteraceae; uncultured
0c66e92d502157c2bc26227f0f30a8c8	0	0	0	0	0	2	0	0	0	0	0	0	0	10	0	0	0	0	0	0	0	0	0	0	0	0	0	0	0	0	Bacteria; Bacteroidetes; Bacteroidia; Cytophagales; Cyclobacteriaceae; uncultured
9ac7fef8e8a3492d396d96b310b713b3	0	0	0	0	0	0	0	2	0	0	0	0	0	0	0	0	0	0	0	0	0	0	0	0	0	0	0	0	10	0	Bacteria; Bacteroidetes; Bacteroidia; Chitinophagales; Chitinophagaceae; Taibaiella
7434459f38b84929411ab79f013f0123	0	0	0	0	0	0	0	0	0	12	0	0	0	0	0	0	0	0	0	0	0	0	0	0	0	0	0	0	0	0	Bacteria; Proteobacteria; Gammaproteobacteria; Pseudomonadales; Moraxellaceae; Acinetobacter
8b9ce5d63321e8cbc4516380a4ecbca9	0	0	0	0	0	0	0	0	0	0	0	0	12	0	0	0	0	0	0	0	0	0	0	0	0	0	0	0	0	0	Bacteria; Firmicutes; Bacilli; Bacillales; Planococcaceae; Kurthia
ae604b34ede2e8ff89a5d0aa7114545c	0	0	0	0	0	0	0	0	0	0	0	0	12	0	0	0	0	0	0	0	0	0	0	0	0	0	0	0	0	0	Bacteria; Bacteroidetes; Bacteroidia; Sphingobacteriales; Sphingobacteriaceae; Sphingobacterium
fe76cba4fce637ac080f2fa7db5caba4	0	0	0	0	0	0	0	0	0	0	0	0	0	0	2	0	0	0	0	0	0	0	0	0	0	0	0	0	0	10	Bacteria; Acidobacteria; Blastocatellia_(Subgroup_4); Blastocatellales; Blastocatellaceae; Unidentified_Blastocatellaceae
e2310f167f1b4676a9b98b01779fd310	0	0	0	0	0	0	0	0	0	0	0	0	0	0	0	12	0	0	0	0	0	0	0	0	0	0	0	0	0	0	Bacteria; Actinobacteria; Actinobacteria; Micrococcales; Microbacteriaceae; Leucobacter
81bfd6d44fa45f9194cb14a6dd4c04c1	0	0	0	0	0	0	0	0	0	0	0	0	0	0	0	12	0	0	0	0	0	0	0	0	0	0	0	0	0	0	Bacteria; Actinobacteria; Actinobacteria; Micrococcales; Microbacteriaceae; Microbacterium
d8efd89e2260f905f5e1b5f8432a373f	0	0	0	0	0	0	0	0	0	0	0	0	0	0	0	6	6	0	0	0	0	0	0	0	0	0	0	0	0	0	Bacteria; Firmicutes; Bacilli; Bacillales; Unidentified_Bacillales; Unidentified_Bacillales
51f7462a083e1466c8f479588c129e8e	0	0	0	0	0	0	0	0	0	0	0	0	0	0	0	4	0	6	0	0	2	0	0	0	0	0	0	0	0	0	Bacteria; Bacteroidetes; Bacteroidia; Bacteroidales; Bacteroidaceae; Bacteroides
8f737567a197057c3451c9372329bb72	0	0	0	0	0	0	0	0	0	0	0	0	0	0	0	0	12	0	0	0	0	0	0	0	0	0	0	0	0	0	Bacteria; Proteobacteria; Gammaproteobacteria; Betaproteobacteriales; Burkholderiaceae; Cupriavidus
99e433a3ce4d5290445f668df2c9147e	0	0	0	0	0	0	0	0	0	0	0	0	0	0	0	0	12	0	0	0	0	0	0	0	0	0	0	0	0	0	Bacteria; Proteobacteria; Gammaproteobacteria; Pseudomonadales; Pseudomonadaceae; Pseudomonas
84b928a0202b6d5dcf47c78491ed8257	0	0	0	0	0	0	0	0	0	0	0	0	0	0	0	0	12	0	0	0	0	0	0	0	0	0	0	0	0	0	Bacteria; Firmicutes; Clostridia; Clostridiales; Ruminococcaceae; Unidentified_Ruminococcaceae
3a7bcfd3dd1c23c2efae4b6b3fcd36a3	0	0	0	0	0	0	0	0	0	0	0	0	0	0	0	0	8	0	0	0	4	0	0	0	0	0	0	0	0	0	Bacteria; Proteobacteria; Alphaproteobacteria; Rhizobiales; Xanthobacteraceae; Bradyrhizobium
c48cf6dbbf6c88376191b1e5d2a29e3d	0	0	0	0	0	0	0	0	0	0	0	0	0	0	0	0	0	12	0	0	0	0	0	0	0	0	0	0	0	0	Bacteria; Bacteroidetes; Bacteroidia; Flavobacteriales; Flavobacteriaceae; Flavobacterium
f930f579004e0b8941a8ccd6c5eb22e1	0	0	0	0	0	0	0	0	0	0	0	0	0	0	0	0	0	12	0	0	0	0	0	0	0	0	0	0	0	0	Bacteria; Proteobacteria; Gammaproteobacteria; Oceanospirillales; Alcanivoracaceae; Alcanivorax
8232f84529b2b8a661cc36816d1107f7	0	0	0	0	0	0	0	0	0	0	0	0	0	0	0	0	0	12	0	0	0	0	0	0	0	0	0	0	0	0	Bacteria; Firmicutes; Bacilli; Bacillales; Bacillaceae; Bacillus
47e2c3da0a96bdad7710a7660a6fae3d	0	0	0	0	0	0	0	0	0	0	0	0	0	0	0	0	0	12	0	0	0	0	0	0	0	0	0	0	0	0	Bacteria; Bacteroidetes; Bacteroidia; Cytophagales; Amoebophilaceae; Candidatus_Cardinium
72ba4f783ee84ef64e7dd4627e9d89f0	0	0	0	0	0	0	0	0	0	0	0	0	0	0	0	0	0	0	12	0	0	0	0	0	0	0	0	0	0	0	Bacteria; Firmicutes; Bacilli; Lactobacillales; Leuconostocaceae; Weissella
d829bee4984f82ffc2453212157caf96	0	0	0	0	0	0	0	0	0	0	0	0	0	0	0	0	0	0	0	12	0	0	0	0	0	0	0	0	0	0	Bacteria; Proteobacteria; Alphaproteobacteria; Rhizobiales; Xanthobacteraceae; Bradyrhizobium
26f4b92a993858270a50c8295febd5ce	0	0	0	0	0	0	0	0	0	0	0	0	0	0	0	0	0	0	0	0	12	0	0	0	0	0	0	0	0	0	Bacteria; Proteobacteria; Gammaproteobacteria; Betaproteobacteriales; Burkholderiaceae; Burkholderia-Caballeronia-Paraburkholderia
9ca074f8d919e1dbc8e64ad4c08aad96	0	0	0	0	0	0	0	0	0	0	0	0	0	0	0	0	0	0	0	0	0	12	0	0	0	0	0	0	0	0	Bacteria; Bacteroidetes; Bacteroidia; Chitinophagales; Chitinophagaceae; Filimonas
926fa427065fc53733c1ecfb2b81e4df	0	0	0	0	0	0	0	0	0	0	0	0	0	0	0	0	0	0	0	0	0	12	0	0	0	0	0	0	0	0	Bacteria; Firmicutes; Bacilli; Bacillales; Bacillaceae; Bacillus
c31c558f05303783c0f2df098c47f871	0	0	0	0	0	0	0	0	0	0	0	0	0	0	0	0	0	0	0	0	0	0	0	12	0	0	0	0	0	0	Bacteria; Patescibacteria; Saccharimonadia; Saccharimonadales; uncultured_bacterium; uncultured_bacterium
6472eb8b1e09f892aca2f23182962903	0	0	0	0	0	0	0	0	0	0	0	0	0	0	0	0	0	0	0	0	0	0	0	12	0	0	0	0	0	0	Bacteria; Proteobacteria; Alphaproteobacteria; Rhizobiales; Xanthobacteraceae; Bradyrhizobium
afc9946b7c28e2e6500fd5f3e51c8f64	0	0	0	0	0	0	0	0	0	0	0	0	0	0	0	0	0	0	0	0	0	0	0	12	0	0	0	0	0	0	Bacteria; Proteobacteria; Gammaproteobacteria; Xanthomonadales; Rhodanobacteraceae; Rhodanobacter
d1297f011223450629d0dfdf968e08c1	0	0	0	0	0	0	0	0	0	0	0	0	0	0	0	0	0	0	0	0	0	0	0	0	12	0	0	0	0	0	Bacteria; Bacteroidetes; Bacteroidia; Chitinophagales; Chitinophagaceae; Pseudoflavitalea
f01be90ce896513e85c68691bd643d73	0	0	0	0	0	0	0	0	0	0	0	0	0	0	0	0	0	0	0	0	0	0	0	0	12	0	0	0	0	0	Bacteria; Proteobacteria; Alphaproteobacteria; Rhizobiales; Unidentified_Rhizobiales; Unidentified_Rhizobiales
bd0fd39142018d560b6bf9194f57dc90	0	0	0	0	0	0	0	0	0	0	0	0	0	0	0	0	0	0	0	0	0	0	0	0	12	0	0	0	0	0	Bacteria; Proteobacteria; Deltaproteobacteria; Bdellovibrionales; Bdellovibrionaceae; Bdellovibrio
ab82b9256d8f3f0454bb05aa75cc398b	0	0	0	0	0	0	0	0	0	0	0	0	0	0	0	0	0	0	0	0	0	0	0	0	12	0	0	0	0	0	Bacteria; Firmicutes; Bacilli; Bacillales; Paenibacillaceae; Paenibacillus
e235c520231c43c5b066de4e651db53b	0	0	0	0	0	0	0	0	0	0	0	0	0	0	0	0	0	0	0	0	0	0	0	0	12	0	0	0	0	0	Bacteria; Firmicutes; Bacilli; Bacillales; Paenibacillaceae; Cohnella
8184af9f02267e7778b3c5ba4973c58b	0	0	0	0	0	0	0	0	0	0	0	0	0	0	0	0	0	0	0	0	0	0	0	0	12	0	0	0	0	0	Bacteria; Firmicutes; Bacilli; Bacillales; Unidentified_Bacillales; Unidentified_Bacillales
0023c934eea9e11de330d96663f60daf	0	0	0	0	0	0	0	0	0	0	0	0	0	0	0	0	0	0	0	0	0	0	0	0	12	0	0	0	0	0	Bacteria; Chloroflexi; Chloroflexia; Thermomicrobiales; JG30-KF-CM45; Unidentified
638c1e4afa97067e71d629beaa59e96a	0	0	0	0	0	0	0	0	0	0	0	0	0	0	0	0	0	0	0	0	0	0	0	0	12	0	0	0	0	0	Bacteria; Actinobacteria; Actinobacteria; Frankiales; Sporichthyaceae; uncultured
f1ff1ff3c0949d2b0d70bd322b57399e	0	0	0	0	0	0	0	0	0	0	0	0	0	0	0	0	0	0	0	0	0	0	0	0	12	0	0	0	0	0	Bacteria; Firmicutes; Bacilli; Bacillales; Paenibacillaceae; Desulfuribacillus
fa1d2d66844660862fb9bd8acc0a59be	0	0	0	0	0	0	0	0	0	0	0	0	0	0	0	0	0	0	0	0	0	0	0	0	12	0	0	0	0	0	Bacteria; Actinobacteria; Actinobacteria; Streptosporangiales; Nocardiopsaceae; Nocardiopsis
18258c785a5f4e203749d2fe3c0aaa6d	0	0	0	0	0	0	0	0	0	0	0	0	0	0	0	0	0	0	0	0	0	0	0	0	8	0	4	0	0	0	Bacteria; Bacteroidetes; Bacteroidia; Chitinophagales; Chitinophagaceae; Flavitalea
467e2d53be4911aa1aab4338ccf43bbd	0	0	0	0	0	0	0	0	0	0	0	0	0	0	0	0	0	0	0	0	0	0	0	0	0	12	0	0	0	0	Bacteria; Proteobacteria; Gammaproteobacteria; Betaproteobacteriales; SC-I-84; uncultured_bacterium
ee86434c6cac6a9f5aa4a4f87ac6cb47	0	0	0	0	0	0	0	0	0	0	0	0	0	0	0	0	0	0	0	0	0	0	0	0	0	12	0	0	0	0	Bacteria; Proteobacteria; Deltaproteobacteria; Myxococcales; Polyangiaceae; Pajaroellobacter
4afc79a16f0e6f1d466be61354a25c31	0	0	0	0	0	0	0	0	0	0	0	0	0	0	0	0	0	0	0	0	0	0	0	0	0	12	0	0	0	0	Bacteria; Proteobacteria; Alphaproteobacteria; Rhizobiales; Devosiaceae; Devosia
cd45e3d799a9ed4e979bb21ad420a834	0	0	0	0	0	0	0	0	0	0	0	0	0	0	0	0	0	0	0	0	0	0	0	0	0	12	0	0	0	0	Bacteria; Proteobacteria; Alphaproteobacteria; Dongiales; Dongiaceae; Dongia
5cad75d6e288f9250e739d8998b129ff	0	0	0	0	0	0	0	0	0	0	0	0	0	0	0	0	0	0	0	0	0	0	0	0	0	12	0	0	0	0	Bacteria; Bacteroidetes; Bacteroidia; Sphingobacteriales; Sphingobacteriaceae; Sphingobacterium
55d294613e5145693b358304624e61ab	0	0	0	0	0	0	0	0	0	0	0	0	0	0	0	0	0	0	0	0	0	0	0	0	0	12	0	0	0	0	Bacteria; Proteobacteria; Alphaproteobacteria; Rhizobiales; Beijerinckiaceae; Microvirga
c91b39652c49c68e8a9a3ab242b78be7	0	0	0	0	0	0	0	0	0	0	0	0	0	0	0	0	0	0	0	0	0	0	0	0	0	12	0	0	0	0	Bacteria; Chloroflexi; Chloroflexia; Chloroflexales; Roseiflexaceae; uncultured
ef04c5aa7a8efb9fb8c959ad93b8c3d1	0	0	0	0	0	0	0	0	0	0	0	0	0	0	0	0	0	0	0	0	0	0	0	0	0	12	0	0	0	0	Bacteria; Chloroflexi; Anaerolineae; Caldilineales; Caldilineaceae; uncultured
ed1652e1cd3730e23897c8178e9600b3	0	0	0	0	0	0	0	0	0	0	0	0	0	0	0	0	0	0	0	0	0	0	0	0	0	6	0	0	6	0	Bacteria; Proteobacteria; Alphaproteobacteria; Rhizobiales; Hyphomicrobiaceae; Hyphomicrobium
e22268fe9f381a7cc61082ac119ba5ac	0	0	0	0	0	0	0	0	0	0	0	0	0	0	0	0	0	0	0	0	0	0	0	0	0	0	12	0	0	0	Bacteria; Proteobacteria; Gammaproteobacteria; Betaproteobacteriales; Burkholderiaceae; Pigmentiphaga
2a927fc15315741027731cc6802e7f15	0	0	0	0	0	0	0	0	0	0	0	0	0	0	0	0	0	0	0	0	0	0	0	0	0	0	12	0	0	0	Bacteria; Proteobacteria; Alphaproteobacteria; Rhizobiales; Devosiaceae; Pelagibacterium
444271aa1a95824d936172d55e023280	0	0	0	0	0	0	0	0	0	0	0	0	0	0	0	0	0	0	0	0	0	0	0	0	0	0	0	12	0	0	Bacteria; Verrucomicrobia; Verrucomicrobiae; Opitutales; Opitutaceae; IMCC26134
40fe13b0995173f8633991774170ef60	0	0	0	0	0	0	0	0	0	0	0	0	0	0	0	0	0	0	0	0	0	0	0	0	0	0	0	12	0	0	Bacteria; Proteobacteria; Gammaproteobacteria; Pseudomonadales; Moraxellaceae; Unidentified_Moraxellaceae
708cd1b6fcb1951f606aa017459d3688	0	0	0	0	0	0	0	0	0	0	0	0	0	0	0	0	0	0	0	0	0	0	0	0	0	0	0	12	0	0	Bacteria; Proteobacteria; Alphaproteobacteria; Rhizobiales; Hyphomicrobiaceae; Unidentified_Hyphomicrobiaceae
5d1c9a78e3cea0d52ff7acc1aa12453e	0	0	0	0	0	0	0	0	0	0	0	0	0	0	0	0	0	0	0	0	0	0	0	0	0	0	0	12	0	0	Bacteria; Proteobacteria; Gammaproteobacteria; Enterobacteriales; Enterobacteriaceae; Pectobacterium
fa25c272427685931d0c64975a1362e1	0	0	0	0	0	0	0	0	0	0	0	0	0	0	0	0	0	0	0	0	0	0	0	0	0	0	0	12	0	0	Bacteria; Proteobacteria; Gammaproteobacteria; Pseudomonadales; Pseudomonadaceae; Pseudomonas
212dd1cd4875a6836be4bf0923cc90a0	0	0	0	0	0	0	0	0	0	0	0	0	0	0	0	0	0	0	0	0	0	0	0	0	0	0	0	12	0	0	Bacteria; Proteobacteria; Alphaproteobacteria; Micropepsales; Micropepsaceae; Unidentified_Micropepsaceae
28ada436f59134d485d4085d7f52c85a	0	0	0	0	0	0	0	0	0	0	0	0	0	0	0	0	0	0	0	0	0	0	0	0	0	0	0	12	0	0	Bacteria; Bacteroidetes; Bacteroidia; Chitinophagales; Saprospiraceae; Membranicola
d9fd17fcb6aa8aafdfe9344e216f978d	0	0	0	0	0	0	0	0	0	0	0	0	0	0	0	0	0	0	0	0	0	0	0	0	0	0	0	12	0	0	Bacteria; Actinobacteria; Thermoleophilia; Solirubrobacterales; Solirubrobacteraceae; Conexibacter
3b6dd17fb060c5e62e3b8f47b58a950a	0	0	0	0	0	0	0	0	0	0	0	0	0	0	0	0	0	0	0	0	0	0	0	0	0	0	0	12	0	0	Bacteria; Actinobacteria; Actinobacteria; Propionibacteriales; Nocardioidaceae; Nocardioides
bed1083fdbcb5f61a629907677a9b92a	0	0	0	0	0	0	0	0	0	0	0	0	0	0	0	0	0	0	0	0	0	0	0	0	0	0	0	12	0	0	Bacteria; Planctomycetes; Planctomycetacia; Pirellulales; Pirellulaceae; Unidentified_Pirellulaceae
cd9714faa9e54ec7e4e3daf0287c2a8b	0	0	0	0	0	0	0	0	0	0	0	0	0	0	0	0	0	0	0	0	0	0	0	0	0	0	0	12	0	0	Bacteria; Chloroflexi; Anaerolineae; SBR1031; A4b; uncultured_bacterium
03f66784b5500e0caa769b8b9502a84c	0	0	0	0	0	0	0	0	0	0	0	0	0	0	0	0	0	0	0	0	0	0	0	0	0	0	0	0	12	0	Bacteria; Bacteroidetes; Bacteroidia; Sphingobacteriales; Sphingobacteriaceae; Pseudopedobacter
8be9838e704d6442e45e1a9c4574f01a	0	0	0	0	0	0	0	0	0	0	0	0	0	0	0	0	0	0	0	0	0	0	0	0	0	0	0	0	12	0	Bacteria; Proteobacteria; Alphaproteobacteria; Rhizobiales; Rhizobiaceae; Mesorhizobium
c04295d6759b03155135870acf247aaa	0	0	0	0	0	0	0	0	0	0	0	0	0	0	0	0	0	0	0	0	0	0	0	0	0	0	0	0	12	0	Bacteria; Actinobacteria; Thermoleophilia; Solirubrobacterales; Solirubrobacteraceae; Conexibacter
7a99dd79002f223a003bf315b9e15c3f	0	0	0	0	0	0	0	0	0	0	0	0	0	0	0	0	0	0	0	0	0	0	0	0	0	0	0	0	12	0	Bacteria; Proteobacteria; Gammaproteobacteria; Unidentified_Gammaproteobacteria; Unidentified_Gammaproteobacteria; Unidentified_Gammaproteobacteria
c6ccca86cfd198d7b35796658332b181	0	0	0	0	0	0	0	0	0	0	0	0	0	0	0	0	0	0	0	0	0	0	0	0	0	0	0	0	12	0	Bacteria; Verrucomicrobia; Verrucomicrobiae; Opitutales; Opitutaceae; Unidentified_Opitutaceae
7b0154560bc8099f52fc9e129b02e701	0	0	0	0	0	0	0	0	0	0	0	0	0	0	0	0	0	0	0	0	0	0	0	0	0	0	0	0	12	0	Bacteria; Proteobacteria; Deltaproteobacteria; Myxococcales; Sandaracinaceae; uncultured
e8a499c569880b49145fc0bb9a2f71c5	0	0	0	0	0	0	0	0	0	0	0	0	0	0	0	0	0	0	0	0	0	0	0	0	0	0	0	0	12	0	Bacteria; Proteobacteria; Deltaproteobacteria; Myxococcales; Myxococcaceae; Myxococcus
5d85f84eb07a0e03cac5fece5448ccfa	0	0	0	0	0	0	0	0	0	0	0	0	0	0	0	0	0	0	0	0	0	0	0	0	0	0	0	0	6	6	Bacteria; Chloroflexi; Anaerolineae; SBR1031; A4b; uncultured_bacterium
6180b619e9bcb2e4f6120ba05175c23f	0	0	0	0	0	0	0	0	0	0	0	0	0	0	0	0	0	0	0	0	0	0	0	0	0	0	0	0	0	12	Bacteria; Proteobacteria; Alphaproteobacteria; Unidentified_Alphaproteobacteria; Unidentified_Alphaproteobacteria; Unidentified_Alphaproteobacteria
3c2507dce218e7afc2c3dd508f95d2f2	0	0	0	0	0	0	0	0	0	0	0	0	0	0	0	0	0	0	0	0	0	0	0	0	0	0	0	0	0	12	Bacteria; Proteobacteria; Alphaproteobacteria; Thalassobaculales; Uncultured_Thalassobaculales; Uncultured_Thalassobaculales
240a30949d8516a7daf4fcc9ae9409a3	0	0	0	0	0	0	0	0	0	0	0	0	0	0	0	0	0	0	0	0	0	0	0	0	0	0	0	0	0	12	Bacteria; Firmicutes; Bacilli; Bacillales; Planococcaceae; Lysinibacillus
cf82084cd61bea7afe8f0eab0279229e	0	0	0	0	0	0	0	0	0	0	0	0	0	0	0	0	0	0	0	0	0	0	0	0	0	0	0	0	0	12	Bacteria; Proteobacteria; Alphaproteobacteria; Rhizobiales; A0839; Unidentified
63924e420daac479d8705132bedb6ee0	0	0	0	0	0	0	0	0	0	0	0	0	0	0	0	0	0	0	0	0	0	0	0	0	0	0	0	0	0	12	Bacteria; Firmicutes; Bacilli; Bacillales; Paenibacillaceae; Brevibacillus
4d8ad5556ced02dff15e0248897d3cf4	0	0	0	0	0	0	0	0	0	0	0	0	0	0	0	0	0	0	0	0	0	0	0	0	0	0	0	0	0	12	Bacteria; Firmicutes; Clostridia; Clostridiales; Clostridiales_vadinBB60_group; uncultured_bacterium
46e6d0ad4437e5511c92b9b1f10fcd78	0	0	0	0	0	0	0	0	0	0	0	0	0	0	0	0	0	0	0	0	0	0	0	0	0	0	0	0	0	12	Bacteria; Chloroflexi; Anaerolineae; SBR1031; A4b; uncultured_bacterium
a42d874c5471f3efcc60ee9eec90e2fc	0	0	0	0	0	0	0	0	0	0	0	0	0	0	0	0	0	0	0	0	0	0	0	0	0	0	0	0	0	12	Bacteria; Planctomycetes; Planctomycetacia; Pirellulales; Pirellulaceae; uncultured
26bd732f73005e8b7453ffb0dc361274	0	0	0	0	0	0	0	0	0	0	0	0	0	0	0	0	0	0	0	0	0	0	0	0	0	0	0	0	0	12	Bacteria; Firmicutes; Clostridia; Clostridiales; Clostridiaceae_1; Clostridium_sensu_stricto_1
886c70e21dc09bf21326c65003a3fff4	0	10	0	0	0	0	0	0	0	0	0	0	0	0	0	0	0	0	0	0	0	0	0	0	0	0	0	0	0	0	Bacteria; Proteobacteria; Gammaproteobacteria; Xanthomonadales; Xanthomonadaceae; Pseudoxanthomonas
64c6a585f1c5fb80f95021a57db4b34c	0	0	10	0	0	0	0	0	0	0	0	0	0	0	0	0	0	0	0	0	0	0	0	0	0	0	0	0	0	0	Bacteria; Proteobacteria; Gammaproteobacteria; Betaproteobacteriales; Burkholderiaceae; Ralstonia
d5761a200e526705c06a8453f49519a6	0	0	0	0	0	0	0	0	0	0	0	2	8	0	0	0	0	0	0	0	0	0	0	0	0	0	0	0	0	0	Bacteria; Proteobacteria; Alphaproteobacteria; Reyranellales; Reyranellaceae; Reyranella
90e8634473297ab1a6a1964ea807a1ad	0	0	0	0	0	0	0	0	0	0	0	0	10	0	0	0	0	0	0	0	0	0	0	0	0	0	0	0	0	0	Bacteria; Bacteroidetes; Bacteroidia; Cytophagales; Cyclobacteriaceae; uncultured
149b3c17c1daf0de5c0d721a29222f88	0	0	0	0	0	0	0	0	0	0	0	0	10	0	0	0	0	0	0	0	0	0	0	0	0	0	0	0	0	0	Bacteria; Firmicutes; Bacilli; Bacillales; Bacillaceae; Geobacillus
c5c298de00d5dfb6ef88fce9e74f1a64	0	0	0	0	0	0	0	0	0	0	0	0	10	0	0	0	0	0	0	0	0	0	0	0	0	0	0	0	0	0	Bacteria; Firmicutes; Bacilli; Bacillales; Paenibacillaceae; Paenibacillus
8c3cf375f0251f54ea407e3b83b3c183	0	0	0	0	0	0	0	0	0	0	0	0	0	10	0	0	0	0	0	0	0	0	0	0	0	0	0	0	0	0	Bacteria; Firmicutes; Bacilli; Bacillales; Paenibacillaceae; Paenibacillus
142d242560014624b1ae33d7c99cea85	0	0	0	0	0	0	0	0	0	0	0	0	0	0	10	0	0	0	0	0	0	0	0	0	0	0	0	0	0	0	Bacteria; Proteobacteria; Alphaproteobacteria; Rhizobiales; Xanthobacteraceae; Bradyrhizobium
9852af64c30bb7343f7868e5ea04e6bd	0	0	0	0	0	0	0	0	0	0	0	0	0	0	8	0	0	0	0	0	2	0	0	0	0	0	0	0	0	0	Bacteria; Bacteroidetes; Bacteroidia; Cytophagales; Cyclobacteriaceae; uncultured
9477d14f8c109bae38f32af89c4c42ee	0	0	0	0	0	0	0	0	0	0	0	0	0	0	0	10	0	0	0	0	0	0	0	0	0	0	0	0	0	0	Bacteria; Actinobacteria; Actinobacteria; Corynebacteriales; Corynebacteriaceae; Corynebacterium_1
1368aca6d12ec4a9bbf16a2ff67104e1	0	0	0	0	0	0	0	0	0	0	0	0	0	0	0	10	0	0	0	0	0	0	0	0	0	0	0	0	0	0	Bacteria; Actinobacteria; Actinobacteria; Micrococcales; Micrococcaceae; Kocuria
cf3194ce350d6de63bef613ee6d1709b	0	0	0	0	0	0	0	0	0	0	0	0	0	0	0	10	0	0	0	0	0	0	0	0	0	0	0	0	0	0	Bacteria; Firmicutes; Bacilli; Bacillales; Bacillaceae; Unidentified_Bacillaceae
af614fdc266b1b321a557bbce3611a3a	0	0	0	0	0	0	0	0	0	0	0	0	0	0	0	10	0	0	0	0	0	0	0	0	0	0	0	0	0	0	Bacteria; Firmicutes; Clostridia; Clostridiales; Clostridiaceae_1; Clostridium_sensu_stricto_12
853bd1aee3999f405b0b295a2f9318d9	0	0	0	0	0	0	0	0	0	0	0	0	0	0	0	0	10	0	0	0	0	0	0	0	0	0	0	0	0	0	Bacteria; Firmicutes; Bacilli; Lactobacillales; Carnobacteriaceae; Desemzia
c959242321749237c9361696a94b439f	0	0	0	0	0	0	0	0	0	0	0	0	0	0	0	0	10	0	0	0	0	0	0	0	0	0	0	0	0	0	Bacteria; Actinobacteria; Actinobacteria; Kineosporiales; Kineosporiaceae; Kineococcus
392807149dd6b2ddc5a33b220b32ed27	0	0	0	0	0	0	0	0	0	0	0	0	0	0	0	0	10	0	0	0	0	0	0	0	0	0	0	0	0	0	Bacteria; Proteobacteria; Alphaproteobacteria; Acetobacterales; Acetobacteraceae; Roseomonas
e9b70570f6e642a8721db4312e0b2763	0	0	0	0	0	0	0	0	0	0	0	0	0	0	0	0	10	0	0	0	0	0	0	0	0	0	0	0	0	0	Bacteria; Firmicutes; Bacilli; Bacillales; Bacillaceae; Bacillus
146195f72933e590d98b89c38d6eda33	0	0	0	0	0	0	0	0	0	0	0	0	0	0	0	0	10	0	0	0	0	0	0	0	0	0	0	0	0	0	Bacteria; Actinobacteria; Actinobacteria; Frankiales; Geodermatophilaceae; Geodermatophilus
10ac7d2c58b4eee61b32687478cde360	0	0	0	0	0	0	0	0	0	0	0	0	0	0	0	0	0	10	0	0	0	0	0	0	0	0	0	0	0	0	Bacteria; Proteobacteria; Alphaproteobacteria; Acetobacterales; Acetobacteraceae; Roseomonas
f6588bf8bd277d6cfa4566a60151ac4d	0	0	0	0	0	0	0	0	0	0	0	0	0	0	0	0	0	10	0	0	0	0	0	0	0	0	0	0	0	0	Bacteria; Firmicutes; Clostridia; Clostridiales; Lachnospiraceae; Lachnoclostridium_5
f531f238b4574ed14e92e760f0a06ac7	0	0	0	0	0	0	0	0	0	0	0	0	0	0	0	0	0	10	0	0	0	0	0	0	0	0	0	0	0	0	Bacteria; Proteobacteria; Alphaproteobacteria; Sphingomonadales; Sphingomonadaceae; Altererythrobacter
b5c8ed4496d79b916859402cdf11f0a7	0	0	0	0	0	0	0	0	0	0	0	0	0	0	0	0	0	0	0	10	0	0	0	0	0	0	0	0	0	0	Bacteria; Proteobacteria; Alphaproteobacteria; Sphingomonadales; Sphingomonadaceae; Sphingomonas
9908065ff5f708c5973c03ae2f66749b	0	0	0	0	0	0	0	0	0	0	0	0	0	0	0	0	0	0	0	0	10	0	0	0	0	0	0	0	0	0	Bacteria; Patescibacteria; Saccharimonadia; Saccharimonadales; uncultured_bacterium; uncultured_bacterium
7876a5906e5be58d068237cd0b6ebb3c	0	0	0	0	0	0	0	0	0	0	0	0	0	0	0	0	0	0	0	0	0	10	0	0	0	0	0	0	0	0	Bacteria; Proteobacteria; Gammaproteobacteria; Gammaproteobacteria_Incertae_Sedis; Unknown_Family; Acidibacter
aada310faf262824edc6adc33abc7790	0	0	0	0	0	0	0	0	0	0	0	0	0	0	0	0	0	0	0	0	0	0	0	10	0	0	0	0	0	0	Bacteria; Firmicutes; Clostridia; Clostridiales; Clostridiaceae_1; Clostridium_sensu_stricto_1
a3784949efda5e224e96be75cd8dfe02	0	0	0	0	0	0	0	0	0	0	0	0	0	0	0	0	0	0	0	0	0	0	0	10	0	0	0	0	0	0	Bacteria; Actinobacteria; Thermoleophilia; Gaiellales; uncultured; uncultured_bacterium
3abc2222630388fa222eaddc6ba4dbfd	0	0	0	0	0	0	0	0	0	0	0	0	0	0	0	0	0	0	0	0	0	0	0	10	0	0	0	0	0	0	Bacteria; Proteobacteria; Alphaproteobacteria; Micropepsales; Micropepsaceae; uncultured
1fc7c86c62cc5310104d4c5f6ed92205	0	0	0	0	0	0	0	0	0	0	0	0	0	0	0	0	0	0	0	0	0	0	0	0	10	0	0	0	0	0	Bacteria; Proteobacteria; Alphaproteobacteria; Rhizobiales; Xanthobacteraceae; Unidentified_Xanthobacteraceae
7b9afcac22274868b937a56e590c4d24	0	0	0	0	0	0	0	0	0	0	0	0	0	0	0	0	0	0	0	0	0	0	0	0	10	0	0	0	0	0	Bacteria; Gemmatimonadetes; _terrestrial_group; uncultured_bacterium; uncultured_bacterium; uncultured_bacterium
7c9583fb6d6dd1855ceedec0cffb4c6a	0	0	0	0	0	0	0	0	0	0	0	0	0	0	0	0	0	0	0	0	0	0	0	0	10	0	0	0	0	0	Bacteria; Verrucomicrobia; Verrucomicrobiae; Verrucomicrobiales; Rubritaleaceae; Luteolibacter
238bbe1ec9e03062067ca6c5fe2590c6	0	0	0	0	0	0	0	0	0	0	0	0	0	0	0	0	0	0	0	0	0	0	0	0	10	0	0	0	0	0	Bacteria; Planctomycetes; Phycisphaerae; Phycisphaerales; Phycisphaeraceae; uncultured
ddf8f214fc68a2143f8b0b0013ea7e69	0	0	0	0	0	0	0	0	0	0	0	0	0	0	0	0	0	0	0	0	0	0	0	0	10	0	0	0	0	0	Bacteria; Firmicutes; Bacilli; Bacillales; Paenibacillaceae; Paenibacillus
e5c19d7800b18015f3a917fc015fc42f	0	0	0	0	0	0	0	0	0	0	0	0	0	0	0	0	0	0	0	0	0	0	0	0	10	0	0	0	0	0	Bacteria; Proteobacteria; Gammaproteobacteria; Pseudomonadales; Moraxellaceae; Enhydrobacter
6ff49d280b6c8dc08836f30c60cf205e	0	0	0	0	0	0	0	0	0	0	0	0	0	0	0	0	0	0	0	0	0	0	0	0	10	0	0	0	0	0	Bacteria; Planctomycetes; Phycisphaerae; mle1-8; Unidentified; Unidentified
8902838c39e8e8e0a4342682964a6116	0	0	0	0	0	0	0	0	0	0	0	0	0	0	0	0	0	0	0	0	0	0	0	0	10	0	0	0	0	0	Bacteria; Firmicutes; Negativicutes; Selenomonadales; Veillonellaceae; Unidentified_Veillonellaceae
d52131f9768eb4fd3f596e1d6e657fea	0	0	0	0	0	0	0	0	0	0	0	0	0	0	0	0	0	0	0	0	0	0	0	0	10	0	0	0	0	0	Bacteria; Actinobacteria; Thermoleophilia; Solirubrobacterales; Solirubrobacteraceae; Unidentified_Solirubrobacteraceae
7e75a6664fb46d72bd8766f25c35f048	0	0	0	0	0	0	0	0	0	0	0	0	0	0	0	0	0	0	0	0	0	0	0	0	10	0	0	0	0	0	Bacteria; Bacteroidetes; Rhodothermia; Rhodothermales; Rhodothermaceae; uncultured
a4eaef57dda36a0eb5b46a2b41f8aea5	0	0	0	0	0	0	0	0	0	0	0	0	0	0	0	0	0	0	0	0	0	0	0	0	10	0	0	0	0	0	Bacteria; Firmicutes; Bacilli; Bacillales; Paenibacillaceae; Paenibacillus
5fd7da417077c235965aeb6a6a1b9ff6	0	0	0	0	0	0	0	0	0	0	0	0	0	0	0	0	0	0	0	0	0	0	0	0	10	0	0	0	0	0	Bacteria; Chloroflexi; Chloroflexia; Thermomicrobiales; JG30-KF-CM45; uncultured_bacterium
beb96b70a6211c6d4c0c9fb5e92d571e	0	0	0	0	0	0	0	0	0	0	0	0	0	0	0	0	0	0	0	0	0	0	0	0	10	0	0	0	0	0	Bacteria; BRC1; uncultured_bacterium; uncultured_bacterium; uncultured_bacterium; uncultured_bacterium
812f17caa5d0ccc7e572c925c952e862	0	0	0	0	0	0	0	0	0	0	0	0	0	0	0	0	0	0	0	0	0	0	0	0	10	0	0	0	0	0	Bacteria; Proteobacteria; Gammaproteobacteria; Salinisphaerales; Solimonadaceae; Unidentified_Solimonadaceae
21d416230537ae54fdee7e5d5ea2dccc	0	0	0	0	0	0	0	0	0	0	0	0	0	0	0	0	0	0	0	0	0	0	0	0	10	0	0	0	0	0	Bacteria; Actinobacteria; Acidimicrobiia; Microtrichales; Iamiaceae; Iamia
a6f2ec664a5ecf64138122de01ffd912	0	0	0	0	0	0	0	0	0	0	0	0	0	0	0	0	0	0	0	0	0	0	0	0	10	0	0	0	0	0	Bacteria; Firmicutes; Bacilli; Bacillales; Paenibacillaceae; Paenibacillus
c46e641f1832d6810122047e39ece08e	0	0	0	0	0	0	0	0	0	0	0	0	0	0	0	0	0	0	0	0	0	0	0	0	10	0	0	0	0	0	Bacteria; Proteobacteria; Alphaproteobacteria; Tistrellales; Geminicoccaceae; Unidentified_Geminicoccaceae
aa8a80bdb463f09e9505398631de2f27	0	0	0	0	0	0	0	0	0	0	0	0	0	0	0	0	0	0	0	0	0	0	0	0	10	0	0	0	0	0	Bacteria; Firmicutes; Clostridia; Clostridiales; Ruminococcaceae; Ruminiclostridium_6
b5cc2326669d3016ca9998e001347163	0	0	0	0	0	0	0	0	0	0	0	0	0	0	0	0	0	0	0	0	0	0	0	0	10	0	0	0	0	0	Bacteria; Proteobacteria; Deltaproteobacteria; Myxococcales; Sandaracinaceae; Unidentified_Sandaracinaceae
d8af22d5d0a62e9882f06b6fcd454996	0	0	0	0	0	0	0	0	0	0	0	0	0	0	0	0	0	0	0	0	0	0	0	0	0	10	0	0	0	0	Bacteria; Chloroflexi; Chloroflexia; Thermomicrobiales; JG30-KF-CM45; uncultured_bacterium
3f24a460047f731d663bc375f934f857	0	0	0	0	0	0	0	0	0	0	0	0	0	0	0	0	0	0	0	0	0	0	0	0	0	10	0	0	0	0	Bacteria; Verrucomicrobia; Verrucomicrobiae; Opitutales; Opitutaceae; Lacunisphaera
1fdc849508d1305aea51d75c05138ed7	0	0	0	0	0	0	0	0	0	0	0	0	0	0	0	0	0	0	0	0	0	0	0	0	0	10	0	0	0	0	Bacteria; Proteobacteria; Alphaproteobacteria; Rhizobiales; Hyphomicrobiaceae; Filomicrobium
1ca308c7bd4973bf7a8639c7b4b5b846	0	0	0	0	0	0	0	0	0	0	0	0	0	0	0	0	0	0	0	0	0	0	0	0	0	10	0	0	0	0	Bacteria; Proteobacteria; Alphaproteobacteria; Rhizobiales; D05-2; Unidentified
26bc2aea7d5e9d3f6d294c0c9a9f6643	0	0	0	0	0	0	0	0	0	0	0	0	0	0	0	0	0	0	0	0	0	0	0	0	0	10	0	0	0	0	Bacteria; Chloroflexi; Chloroflexia; Thermomicrobiales; JG30-KF-CM45; uncultured_bacterium
9023eea100eb848bedf3f886f9ec08f5	0	0	0	0	0	0	0	0	0	0	0	0	0	0	0	0	0	0	0	0	0	0	0	0	0	10	0	0	0	0	Bacteria; Proteobacteria; Alphaproteobacteria; Rhizobiales; Rhizobiaceae; Unidentified_Rhizobiaceae
28beea2d38d039bd2c6cb553c2a62f37	0	0	0	0	0	0	0	0	0	0	0	0	0	0	0	0	0	0	0	0	0	0	0	0	0	10	0	0	0	0	Bacteria; Proteobacteria; Alphaproteobacteria; Sphingomonadales; Sphingomonadaceae; Porphyrobacter
7ee3315780a6f6041e97aee6740fa220	0	0	0	0	0	0	0	0	0	0	0	0	0	0	0	0	0	0	0	0	0	0	0	0	0	10	0	0	0	0	Bacteria; Proteobacteria; Alphaproteobacteria; Reyranellales; Reyranellaceae; Reyranella
f0fa8d7b560d2bdabf33a1e7f863026a	0	0	0	0	0	0	0	0	0	0	0	0	0	0	0	0	0	0	0	0	0	0	0	0	0	10	0	0	0	0	Bacteria; Firmicutes; Bacilli; Bacillales; Paenibacillaceae; Saccharibacillus
079fa13329af9ab0c70b33ade972aed5	0	0	0	0	0	0	0	0	0	0	0	0	0	0	0	0	0	0	0	0	0	0	0	0	0	10	0	0	0	0	Bacteria; Proteobacteria; Deltaproteobacteria; Myxococcales; BIrii41; uncultured_bacterium
c4ff1afad8c5d9819af371d915bf9ca4	0	0	0	0	0	0	0	0	0	0	0	0	0	0	0	0	0	0	0	0	0	0	0	0	0	10	0	0	0	0	Bacteria; Proteobacteria; Alphaproteobacteria; Rhizobiales; Hyphomicrobiaceae; Hyphomicrobium
7fb5aa1044ece41dffffc3b6ec9bc068	0	0	0	0	0	0	0	0	0	0	0	0	0	0	0	0	0	0	0	0	0	0	0	0	0	10	0	0	0	0	Bacteria; Proteobacteria; Deltaproteobacteria; Myxococcales; Sandaracinaceae; uncultured
0fc7bf91b54ca4b8380f9370365977f5	0	0	0	0	0	0	0	0	0	0	0	0	0	0	0	0	0	0	0	0	0	0	0	0	0	0	10	0	0	0	Bacteria; Proteobacteria; Gammaproteobacteria; Xanthomonadales; Xanthomonadaceae; Stenotrophomonas
171972b080255260c9263c8ea1265bd2	0	0	0	0	0	0	0	0	0	0	0	0	0	0	0	0	0	0	0	0	0	0	0	0	0	0	10	0	0	0	Bacteria; Actinobacteria; Actinobacteria; Propionibacteriales; Nocardioidaceae; Nocardioides
9707d62727e58fd3f6f4735956d8f1f1	0	0	0	0	0	0	0	0	0	0	0	0	0	0	0	0	0	0	0	0	0	0	0	0	0	0	10	0	0	0	Bacteria; Gemmatimonadetes; Longimicrobia; Longimicrobiales; Longimicrobiaceae; uncultured_bacterium
d3356d590c5fcb3793a41946473a921f	0	0	0	0	0	0	0	0	0	0	0	0	0	0	0	0	0	0	0	0	0	0	0	0	0	0	10	0	0	0	Bacteria; Firmicutes; Bacilli; Bacillales; Unidentified_Bacillales; Unidentified_Bacillales
2186115a1e6838780379ffcb4939651a	0	0	0	0	0	0	0	0	0	0	0	0	0	0	0	0	0	0	0	0	0	0	0	0	0	0	10	0	0	0	Bacteria; Actinobacteria; Actinobacteria; Micrococcales; Cellulomonadaceae; Unidentified_Cellulomonadaceae
d39893505c1b5896ee3cebdc890bdee2	0	0	0	0	0	0	0	0	0	0	0	0	0	0	0	0	0	0	0	0	0	0	0	0	0	0	10	0	0	0	Bacteria; Actinobacteria; Actinobacteria; Micromonosporales; Micromonosporaceae; Actinoplanes
0076d72bedbdcf540c377cc66bd0096b	0	0	0	0	0	0	0	0	0	0	0	0	0	0	0	0	0	0	0	0	0	0	0	0	0	0	0	10	0	0	Bacteria; Actinobacteria; Actinobacteria; Propionibacteriales; Nocardioidaceae; Nocardioides
8330225b5289da7496e940ad03efa30b	0	0	0	0	0	0	0	0	0	0	0	0	0	0	0	0	0	0	0	0	0	0	0	0	0	0	0	10	0	0	Bacteria; Proteobacteria; Deltaproteobacteria; Myxococcales; Sandaracinaceae; Unidentified_Sandaracinaceae
586f2a23736b00b0d8636f61c4c85910	0	0	0	0	0	0	0	0	0	0	0	0	0	0	0	0	0	0	0	0	0	0	0	0	0	0	0	10	0	0	Bacteria; Firmicutes; Clostridia; Clostridiales; Peptostreptococcaceae; Unidentified_Peptostreptococcaceae
1bad595114b3a69d7d9916437da27fe8	0	0	0	0	0	0	0	0	0	0	0	0	0	0	0	0	0	0	0	0	0	0	0	0	0	0	0	10	0	0	Bacteria; Armatimonadetes; Fimbriimonadia; Fimbriimonadales; Fimbriimonadaceae; Unidentified_Fimbriimonadaceae
a105046a5af1f36b3e84f514f95c0484	0	0	0	0	0	0	0	0	0	0	0	0	0	0	0	0	0	0	0	0	0	0	0	0	0	0	0	10	0	0	Bacteria; Firmicutes; Clostridia; Clostridiales; Ruminococcaceae; Ruminiclostridium
7dc8b66c2fb7a837a5c3d42e8c77ea70	0	0	0	0	0	0	0	0	0	0	0	0	0	0	0	0	0	0	0	0	0	0	0	0	0	0	0	10	0	0	Bacteria; Bacteroidetes; Bacteroidia; Cytophagales; Spirosomaceae; Persicitalea
f42efcac681f4cab77c677d0bf35ca7e	0	0	0	0	0	0	0	0	0	0	0	0	0	0	0	0	0	0	0	0	0	0	0	0	0	0	0	10	0	0	Bacteria; Proteobacteria; Gammaproteobacteria; Legionellales; Legionellaceae; Legionella
75f55e7646aab974e0e5f7c723e67c73	0	0	0	0	0	0	0	0	0	0	0	0	0	0	0	0	0	0	0	0	0	0	0	0	0	0	0	10	0	0	Bacteria; Proteobacteria; Deltaproteobacteria; Myxococcales; Haliangiaceae; Haliangium
9ffd4b86dd144658f0d0572b21d3e2ec	0	0	0	0	0	0	0	0	0	0	0	0	0	0	0	0	0	0	0	0	0	0	0	0	0	0	0	10	0	0	Bacteria; Verrucomicrobia; Verrucomicrobiae; Pedosphaerales; Pedosphaeraceae; uncultured_bacterium
fabaf3f6b6d24fe8ffbced056d06e5e0	0	0	0	0	0	0	0	0	0	0	0	0	0	0	0	0	0	0	0	0	0	0	0	0	0	0	0	10	0	0	Bacteria; Verrucomicrobia; Verrucomicrobiae; Verrucomicrobiales; DEV007; Unidentified
cb5ae9054ee37ae7a24075231c64eb8b	0	0	0	0	0	0	0	0	0	0	0	0	0	0	0	0	0	0	0	0	0	0	0	0	0	0	0	10	0	0	Bacteria; Proteobacteria; Deltaproteobacteria; Myxococcales; Sandaracinaceae; Sandaracinus
b2ce1ac5586ee1814bbd4ac0562974fb	0	0	0	0	0	0	0	0	0	0	0	0	0	0	0	0	0	0	0	0	0	0	0	0	0	0	0	10	0	0	Bacteria; Bacteroidetes; Bacteroidia; Chitinophagales; Chitinophagaceae; Unidentified_Chitinophagaceae
9271a174597a2912dfcc9d224ee9039f	0	0	0	0	0	0	0	0	0	0	0	0	0	0	0	0	0	0	0	0	0	0	0	0	0	0	0	10	0	0	Bacteria; Proteobacteria; Alphaproteobacteria; Unidentified_Alphaproteobacteria; Unidentified_Alphaproteobacteria; Unidentified_Alphaproteobacteria
6c138accccd4c84e20dde4d549f5ac44	0	0	0	0	0	0	0	0	0	0	0	0	0	0	0	0	0	0	0	0	0	0	0	0	0	0	0	10	0	0	Bacteria; Firmicutes; Bacilli; Bacillales; Bacillaceae; Bacillus
58432320b495f0924349145da112e903	0	0	0	0	0	0	0	0	0	0	0	0	0	0	0	0	0	0	0	0	0	0	0	0	0	0	0	0	10	0	Bacteria; Bacteroidetes; Bacteroidia; Chitinophagales; Chitinophagaceae; Niastella
f79f019ed1c827b687bbd4f425ae7613	0	0	0	0	0	0	0	0	0	0	0	0	0	0	0	0	0	0	0	0	0	0	0	0	0	0	0	0	10	0	Bacteria; Proteobacteria; Alphaproteobacteria; Rhizobiales; Devosiaceae; Devosia
4e73795134e6adbdfbfaa126fe20aea5	0	0	0	0	0	0	0	0	0	0	0	0	0	0	0	0	0	0	0	0	0	0	0	0	0	0	0	0	10	0	Bacteria; Proteobacteria; Alphaproteobacteria; Sphingomonadales; Sphingomonadaceae; Altererythrobacter
9a865673611b95f18b8b7594fe98601a	0	0	0	0	0	0	0	0	0	0	0	0	0	0	0	0	0	0	0	0	0	0	0	0	0	0	0	0	10	0	Bacteria; Bacteroidetes; Bacteroidia; Chitinophagales; Saprospiraceae; OLB8
c58a2959e3768e54afc2fd3e5b7666e2	0	0	0	0	0	0	0	0	0	0	0	0	0	0	0	0	0	0	0	0	0	0	0	0	0	0	0	0	10	0	Bacteria; Dependentiae; Babeliae; Babeliales; Vermiphilaceae; uncultured_bacterium
9a3893129f899f75db125e3feae68b16	0	0	0	0	0	0	0	0	0	0	0	0	0	0	0	0	0	0	0	0	0	0	0	0	0	0	0	0	10	0	Bacteria; Chloroflexi; Anaerolineae; SBR1031; A4b; uncultured_bacterium
e94e0484cdeedfab7a05c08cd7bbe40b	0	0	0	0	0	0	0	0	0	0	0	0	0	0	0	0	0	0	0	0	0	0	0	0	0	0	0	0	10	0	Bacteria; Proteobacteria; Gammaproteobacteria; Betaproteobacteriales; Burkholderiaceae; Pusillimonas
70184529bf78072b1262a8414c7dffb0	0	0	0	0	0	0	0	0	0	0	0	0	0	0	0	0	0	0	0	0	0	0	0	0	0	0	0	0	10	0	Bacteria; Firmicutes; Bacilli; Bacillales; Paenibacillaceae; Paenibacillus
14a061487d2ac48b035942322f5ed642	0	0	0	0	0	0	0	0	0	0	0	0	0	0	0	0	0	0	0	0	0	0	0	0	0	0	0	0	10	0	Bacteria; Bacteroidetes; Bacteroidia; Sphingobacteriales; Sphingobacteriaceae; Parapedobacter
a1429d5b6762aee13e0f0da181a871a0	0	0	0	0	0	0	0	0	0	0	0	0	0	0	0	0	0	0	0	0	0	0	0	0	0	0	0	0	10	0	Bacteria; Actinobacteria; Actinobacteria; Propionibacteriales; Nocardioidaceae; Nocardioides
04285cfbf1077a028418c3032e45ce7b	0	0	0	0	0	0	0	0	0	0	0	0	0	0	0	0	0	0	0	0	0	0	0	0	0	0	0	0	10	0	Bacteria; Firmicutes; Clostridia; Clostridiales; Clostridiaceae_1; Clostridium_sensu_stricto_11
ac0d2c5abb9adad25b807afc0d684003	0	0	0	0	0	0	0	0	0	0	0	0	0	0	0	0	0	0	0	0	0	0	0	0	0	0	0	0	10	0	Bacteria; Actinobacteria; Actinobacteria; Corynebacteriales; Mycobacteriaceae; Mycobacterium
4af07345dfa8e0bb4da291f89450e0ba	0	0	0	0	0	0	0	0	0	0	0	0	0	0	0	0	0	0	0	0	0	0	0	0	0	0	0	0	10	0	Bacteria; Proteobacteria; Alphaproteobacteria; Sneathiellales; Sneathiellaceae; Sneathiella
8b9a87fe7b3622567164abb3b9ddc9d8	0	0	0	0	0	0	0	0	0	0	0	0	0	0	0	0	0	0	0	0	0	0	0	0	0	0	0	0	10	0	Bacteria; Chloroflexi; JG30-KF-CM66; uncultured_bacterium; uncultured_bacterium; uncultured_bacterium
22092c1c3526cf618b7c66f21af61812	0	0	0	0	0	0	0	0	0	0	0	0	0	0	0	0	0	0	0	0	0	0	0	0	0	0	0	0	10	0	Bacteria; Verrucomicrobia; Verrucomicrobiae; Opitutales; Opitutaceae; Lacunisphaera
d6aa917bb7e51ad821b55bc62db45be7	0	0	0	0	0	0	0	0	0	0	0	0	0	0	0	0	0	0	0	0	0	0	0	0	0	0	0	0	10	0	Bacteria; Chloroflexi; Chloroflexia; Thermomicrobiales; JG30-KF-CM45; uncultured_bacterium
111272b613870e3a7d61c3950ad3d970	0	0	0	0	0	0	0	0	0	0	0	0	0	0	0	0	0	0	0	0	0	0	0	0	0	0	0	0	10	0	Bacteria; Proteobacteria; Deltaproteobacteria; Desulfovibrionales; Desulfovibrionaceae; Desulfovibrio
5c9a2850054526ba63d6da19c24b96a7	0	0	0	0	0	0	0	0	0	0	0	0	0	0	0	0	0	0	0	0	0	0	0	0	0	0	0	0	10	0	Bacteria; Chloroflexi; Chloroflexia; Thermomicrobiales; JG30-KF-CM45; uncultured_bacterium
9977722b69b29a7df0ee2f00532d3856	0	0	0	0	0	0	0	0	0	0	0	0	0	0	0	0	0	0	0	0	0	0	0	0	0	0	0	0	10	0	Bacteria; Bacteroidetes; Bacteroidia; Flavobacteriales; Flavobacteriaceae; Flavobacterium
adde2d0d83606ece64c6b26ce80ae2f7	0	0	0	0	0	0	0	0	0	0	0	0	0	0	0	0	0	0	0	0	0	0	0	0	0	0	0	0	10	0	Bacteria; Proteobacteria; Gammaproteobacteria; Betaproteobacteriales; Nitrosomonadaceae; Nitrosomonas
2d68fe60bfba9823f6db9a580e3435cd	0	0	0	0	0	0	0	0	0	0	0	0	0	0	0	0	0	0	0	0	0	0	0	0	0	0	0	0	0	10	Bacteria; Proteobacteria; Alphaproteobacteria; Rhizobiales; Devosiaceae; Devosia
8c80ee945a3c61e8e342c9a0f8462dc4	0	0	0	0	0	0	0	0	0	0	0	0	0	0	0	0	0	0	0	0	0	0	0	0	0	0	0	0	0	10	Bacteria; Bacteroidetes; Bacteroidia; Sphingobacteriales; Sphingobacteriaceae; Pedobacter
b59aa52973560bf9cbe86c3e57508cab	0	0	0	0	0	0	0	0	0	0	0	0	0	0	0	0	0	0	0	0	0	0	0	0	0	0	0	0	0	10	Bacteria; Firmicutes; Bacilli; Bacillales; Paenibacillaceae; Paenibacillus
e67b78aab8cb557736519f911b315dd3	0	0	0	0	0	0	0	0	0	0	0	0	0	0	0	0	0	0	0	0	0	0	0	0	0	0	0	0	0	10	Bacteria; Firmicutes; Negativicutes; Selenomonadales; Veillonellaceae; Pelosinus
9865391fb251c2bf25f78d13dfe6c40b	0	0	0	0	0	0	0	0	0	0	0	0	0	0	0	0	0	0	0	0	0	0	0	0	0	0	0	0	0	10	Bacteria; Firmicutes; Bacilli; Bacillales; Bacillaceae; Bacillus
687b45451ab796f9f5b330f3722f18d4	0	0	0	0	0	0	0	0	0	0	0	0	0	0	0	0	0	0	0	0	0	0	0	0	0	0	0	0	0	10	Bacteria; Chloroflexi; Anaerolineae; Caldilineales; Caldilineaceae; uncultured
5af95efe83e4bbbaaeba25dd81b59965	0	0	0	0	0	0	0	0	0	0	0	0	0	0	0	0	0	0	0	0	0	0	0	0	0	0	0	0	0	10	Bacteria; Actinobacteria; Thermoleophilia; Solirubrobacterales; 67-14; uncultured_bacterium
165fcd46e6aca8d995d3c5014197895d	0	0	0	0	0	0	0	0	0	0	0	0	0	0	0	0	0	0	0	0	0	0	0	0	0	0	0	0	0	10	Bacteria; Bacteroidetes; Bacteroidia; Chitinophagales; Chitinophagaceae; Cnuella
a7da31d7ee88dccb47a64cde5006db14	0	0	0	0	0	0	0	0	0	0	0	0	0	0	0	0	0	0	0	0	0	0	0	0	0	0	0	0	0	10	Bacteria; Planctomycetes; Planctomycetacia; Pirellulales; Pirellulaceae; Unidentified_Pirellulaceae
1508907feec2c3dea77d10edf12a533f	0	0	0	0	0	0	0	0	0	0	0	0	0	0	0	0	0	0	0	0	0	0	0	0	0	0	0	0	0	10	Bacteria; Firmicutes; Bacilli; Bacillales; Paenibacillaceae; Paenibacillus
67b339c8b380092f1047e791bfd70d84	0	0	0	0	0	0	0	0	0	0	0	0	0	0	0	0	0	0	0	0	0	0	0	0	0	0	0	0	0	10	Bacteria; Proteobacteria; Alphaproteobacteria; uncultured; uncultured_bacterium; uncultured_bacterium
630b535bf6693f4acc9601f47046e570	0	0	0	0	0	0	0	0	0	0	0	0	0	0	0	0	0	0	0	0	0	0	0	0	0	0	0	0	0	10	Bacteria; Chloroflexi; Anaerolineae; SBR1031; A4b; uncultured_bacterium
1bc14b7a0febeb970d0584a038d1ece8	0	0	0	0	0	0	0	0	0	0	0	0	0	0	0	0	0	0	0	0	0	0	0	0	0	0	0	0	0	10	Bacteria; Firmicutes; Negativicutes; Selenomonadales; Veillonellaceae; Sporomusa
a0a65026f52947710e665d6f6b6131dd	8	0	0	0	0	0	0	0	0	0	0	0	0	0	0	0	0	0	0	0	0	0	0	0	0	0	0	0	0	0	Bacteria; Proteobacteria; Gammaproteobacteria; Betaproteobacteriales; Burkholderiaceae; Massilia
9f8ed46ebc3dd4a742ce42d9ee3dd511	8	0	0	0	0	0	0	0	0	0	0	0	0	0	0	0	0	0	0	0	0	0	0	0	0	0	0	0	0	0	Bacteria; Actinobacteria; Actinobacteria; Micrococcales; Microbacteriaceae; Curtobacterium
190a049caad3a0453339204032c4e5e4	6	0	0	2	0	0	0	0	0	0	0	0	0	0	0	0	0	0	0	0	0	0	0	0	0	0	0	0	0	0	Bacteria; Proteobacteria; Alphaproteobacteria; Rickettsiales; Anaplasmataceae; Wolbachia
73083913b80c0efdafcf16d3a8f76ef7	0	0	8	0	0	0	0	0	0	0	0	0	0	0	0	0	0	0	0	0	0	0	0	0	0	0	0	0	0	0	Bacteria; Actinobacteria; Actinobacteria; Micrococcales; Micrococcaceae; Rothia
5de8d7a51182ead1e6b4fd5bd7617f41	0	0	0	8	0	0	0	0	0	0	0	0	0	0	0	0	0	0	0	0	0	0	0	0	0	0	0	0	0	0	Bacteria; Firmicutes; Bacilli; Bacillales; Staphylococcaceae; Staphylococcus
1d94677fcbe073ae0effafad5d174408	0	0	0	0	8	0	0	0	0	0	0	0	0	0	0	0	0	0	0	0	0	0	0	0	0	0	0	0	0	0	Bacteria; Proteobacteria; Alphaproteobacteria; Rhizobiales; Beijerinckiaceae; Methylobacterium
90049339fa1863fc439c61019f75449f	0	0	0	0	2	0	0	0	0	0	0	0	0	0	2	0	0	0	0	0	0	0	2	2	0	0	0	0	0	0	Bacteria; Acidobacteria; Acidobacteriia; Subgroup_2; uncultured_bacterium; uncultured_bacterium
837fcfaa55cbc5e8c793d0be6c1f5776	0	0	0	0	0	0	0	0	0	8	0	0	0	0	0	0	0	0	0	0	0	0	0	0	0	0	0	0	0	0	Bacteria; Proteobacteria; Gammaproteobacteria; Unidentified_Gammaproteobacteria; Unidentified_Gammaproteobacteria; Unidentified_Gammaproteobacteria
7069ec3f005469a15d84e819789d7a17	0	0	0	0	0	0	0	0	0	0	8	0	0	0	0	0	0	0	0	0	0	0	0	0	0	0	0	0	0	0	Bacteria; Firmicutes; Bacilli; Bacillales; Paenibacillaceae; Saccharibacillus
06f825b512d903b9230e1a55d87359ee	0	0	0	0	0	0	0	0	0	0	0	8	0	0	0	0	0	0	0	0	0	0	0	0	0	0	0	0	0	0	Bacteria; Firmicutes; Bacilli; Lactobacillales; Streptococcaceae; Streptococcus
300231f1064d86a78b22d66297f96be8	0	0	0	0	0	0	0	0	0	0	0	0	8	0	0	0	0	0	0	0	0	0	0	0	0	0	0	0	0	0	Bacteria; Proteobacteria; Gammaproteobacteria; Pseudomonadales; Pseudomonadaceae; Pseudomonas
45329515078d2526675438e502fda04d	0	0	0	0	0	0	0	0	0	0	0	0	4	0	0	0	0	4	0	0	0	0	0	0	0	0	0	0	0	0	Bacteria; Firmicutes; Clostridia; Clostridiales; Clostridiaceae_1; Clostridium_sensu_stricto_12
43d3a5751155b41c08ca7c4761c43072	0	0	0	0	0	0	0	0	0	0	0	0	2	0	0	0	0	0	0	0	0	0	0	0	0	0	0	0	6	0	Bacteria; Patescibacteria; Saccharimonadia; Saccharimonadales; uncultured_bacterium; uncultured_bacterium
583304cbfd25632a6eda6492e07a2214	0	0	0	0	0	0	0	0	0	0	0	0	0	8	0	0	0	0	0	0	0	0	0	0	0	0	0	0	0	0	Bacteria; Actinobacteria; Thermoleophilia; Gaiellales; uncultured; uncultured_bacterium
47059f5cb243ddfdbe1f38a2795b9cfa	0	0	0	0	0	0	0	0	0	0	0	0	0	8	0	0	0	0	0	0	0	0	0	0	0	0	0	0	0	0	Bacteria; Firmicutes; Erysipelotrichia; Erysipelotrichales; Erysipelotrichaceae; Erysipelothrix
cf81ed8bf5b179e4b938ba31de7cd143	0	0	0	0	0	0	0	0	0	0	0	0	0	8	0	0	0	0	0	0	0	0	0	0	0	0	0	0	0	0	Bacteria; Firmicutes; Bacilli; Bacillales; Bacillaceae; Oceanobacillus
72695af40c9a2070d3200221407a62c7	0	0	0	0	0	0	0	0	0	0	0	0	0	8	0	0	0	0	0	0	0	0	0	0	0	0	0	0	0	0	Bacteria; Actinobacteria; Actinobacteria; Bifidobacteriales; Bifidobacteriaceae; Bifidobacterium
01904758f105c3a19065311c8051fbaa	0	0	0	0	0	0	0	0	0	0	0	0	0	0	4	0	4	0	0	0	0	0	0	0	0	0	0	0	0	0	Bacteria; Proteobacteria; Alphaproteobacteria; Rickettsiales; Anaplasmataceae; Wolbachia
b2359854adf13ce342f4128f3cf731f5	0	0	0	0	0	0	0	0	0	0	0	0	0	0	0	8	0	0	0	0	0	0	0	0	0	0	0	0	0	0	Bacteria; Bacteroidetes; Bacteroidia; Sphingobacteriales; Sphingobacteriaceae; Sphingobacterium
d0e16b95d69d8e5747f0f07c2fdea553	0	0	0	0	0	0	0	0	0	0	0	0	0	0	0	8	0	0	0	0	0	0	0	0	0	0	0	0	0	0	Bacteria; Proteobacteria; Gammaproteobacteria; Betaproteobacteriales; Methylophilaceae; Methylobacillus
2a34f35a5d3618d05a8fb605154f2063	0	0	0	0	0	0	0	0	0	0	0	0	0	0	0	0	8	0	0	0	0	0	0	0	0	0	0	0	0	0	Bacteria; Firmicutes; Negativicutes; Selenomonadales; Veillonellaceae; Anaerosinus
239adb80215ebb78c7d0c864cda1d6dc	0	0	0	0	0	0	0	0	0	0	0	0	0	0	0	0	8	0	0	0	0	0	0	0	0	0	0	0	0	0	Bacteria; Firmicutes; Negativicutes; Selenomonadales; Veillonellaceae; Selenomonas
bb1c72abb63a2cec8ac70d5c16df40c7	0	0	0	0	0	0	0	0	0	0	0	0	0	0	0	0	8	0	0	0	0	0	0	0	0	0	0	0	0	0	Bacteria; Proteobacteria; Gammaproteobacteria; Xanthomonadales; Xanthomonadaceae; Luteimonas
df031cac71bcde495c611bd4fac2b75a	0	0	0	0	0	0	0	0	0	0	0	0	0	0	0	0	8	0	0	0	0	0	0	0	0	0	0	0	0	0	Bacteria; Actinobacteria; Actinobacteria; Micrococcales; Brevibacteriaceae; Brevibacterium
cc43b10523ae8b293fd581fb4c780e2d	0	0	0	0	0	0	0	0	0	0	0	0	0	0	0	0	8	0	0	0	0	0	0	0	0	0	0	0	0	0	Bacteria; Bacteroidetes; Bacteroidia; Bacteroidales; Dysgonomonadaceae; Dysgonomonas
a5216de54d035084de9f6044fa3c52ac	0	0	0	0	0	0	0	0	0	0	0	0	0	0	0	0	8	0	0	0	0	0	0	0	0	0	0	0	0	0	Bacteria; Firmicutes; Bacilli; Bacillales; Bacillaceae; Unidentified_Bacillaceae
6f61a199c47fab5bdbfdc305c505d4e2	0	0	0	0	0	0	0	0	0	0	0	0	0	0	0	0	8	0	0	0	0	0	0	0	0	0	0	0	0	0	Bacteria; Actinobacteria; Actinobacteria; Micrococcales; Sanguibacteraceae; Sanguibacter
50fb93dad525b440dc193bc631872eba	0	0	0	0	0	0	0	0	0	0	0	0	0	0	0	0	0	8	0	0	0	0	0	0	0	0	0	0	0	0	Bacteria; Actinobacteria; Actinobacteria; Propionibacteriales; Nocardioidaceae; Nocardioides
c37963c412fa22be08cd903c32655507	0	0	0	0	0	0	0	0	0	0	0	0	0	0	0	0	0	8	0	0	0	0	0	0	0	0	0	0	0	0	Bacteria; Proteobacteria; Alphaproteobacteria; Rhizobiales; Devosiaceae; Devosia
3bfa4de9b0c5f3a87013c20ce38eeb16	0	0	0	0	0	0	0	0	0	0	0	0	0	0	0	0	0	8	0	0	0	0	0	0	0	0	0	0	0	0	Bacteria; Proteobacteria; Alphaproteobacteria; Acetobacterales; Acetobacteraceae; Acetobacter
ecbe2f0236c15f750c8bc68f60c78b2a	0	0	0	0	0	0	0	0	0	0	0	0	0	0	0	0	0	8	0	0	0	0	0	0	0	0	0	0	0	0	Bacteria; Proteobacteria; Gammaproteobacteria; Xanthomonadales; Xanthomonadaceae; Luteimonas
d989e7b35ee2deb2b4e575200416ef18	0	0	0	0	0	0	0	0	0	0	0	0	0	0	0	0	0	8	0	0	0	0	0	0	0	0	0	0	0	0	Bacteria; Firmicutes; Negativicutes; Selenomonadales; Veillonellaceae; Anaerosinus
1766b1bf3ada94ef811b88665f915398	0	0	0	0	0	0	0	0	0	0	0	0	0	0	0	0	0	8	0	0	0	0	0	0	0	0	0	0	0	0	Bacteria; Bacteroidetes; Bacteroidia; Cytophagales; Cyclobacteriaceae; uncultured
039e4f539b6ec85097bf6eb1d2e4b0ee	0	0	0	0	0	0	0	0	0	0	0	0	0	0	0	0	0	8	0	0	0	0	0	0	0	0	0	0	0	0	Bacteria; Gemmatimonadetes; Gemmatimonadetes; Gemmatimonadales; Gemmatimonadaceae; uncultured
05ebdbcaf01cdc51a71710c16653537d	0	0	0	0	0	0	0	0	0	0	0	0	0	0	0	0	0	8	0	0	0	0	0	0	0	0	0	0	0	0	Bacteria; Firmicutes; Bacilli; Unidentified_Bacilli; Unidentified_Bacilli; Unidentified_Bacilli
e4699c6f65ebe9ef54a33830a253dc4a	0	0	0	0	0	0	0	0	0	0	0	0	0	0	0	0	0	8	0	0	0	0	0	0	0	0	0	0	0	0	Bacteria; Firmicutes; Bacilli; Bacillales; Bacillaceae; Unidentified_Bacillaceae
945ee17380e4d3e0329d3cb4191a7f1f	0	0	0	0	0	0	0	0	0	0	0	0	0	0	0	0	0	8	0	0	0	0	0	0	0	0	0	0	0	0	Bacteria; Bacteroidetes; Bacteroidia; Flavobacteriales; Flavobacteriaceae; Flavobacterium
14b9fc007acaa54b5eb3609ee7a211c2	0	0	0	0	0	0	0	0	0	0	0	0	0	0	0	0	0	0	8	0	0	0	0	0	0	0	0	0	0	0	Bacteria; Firmicutes; Bacilli; Lactobacillales; Enterococcaceae; Enterococcus
22b03f921e375354d26db0ed6c3600b6	0	0	0	0	0	0	0	0	0	0	0	0	0	0	0	0	0	0	0	8	0	0	0	0	0	0	0	0	0	0	Bacteria; Actinobacteria; Actinobacteria; Micrococcales; Promicromonosporaceae; Promicromonospora
03ad73297cdda574a9a28a75a1ddec42	0	0	0	0	0	0	0	0	0	0	0	0	0	0	0	0	0	0	0	8	0	0	0	0	0	0	0	0	0	0	Bacteria; Actinobacteria; Actinobacteria; Frankiales; Geodermatophilaceae; Blastococcus
8777a1b738e3785d9e0d578a499ec6ba	0	0	0	0	0	0	0	0	0	0	0	0	0	0	0	0	0	0	0	0	8	0	0	0	0	0	0	0	0	0	Bacteria; Bacteroidetes; Bacteroidia; Cytophagales; Microscillaceae; Chryseolinea
fa96cbd7b2df953f48e159b78c51527d	0	0	0	0	0	0	0	0	0	0	0	0	0	0	0	0	0	0	0	0	8	0	0	0	0	0	0	0	0	0	Bacteria; Proteobacteria; Alphaproteobacteria; Caulobacterales; Caulobacteraceae; Brevundimonas
0252348fc35dd0a06b57d8b79e908367	0	0	0	0	0	0	0	0	0	0	0	0	0	0	0	0	0	0	0	0	0	8	0	0	0	0	0	0	0	0	Bacteria; Proteobacteria; Gammaproteobacteria; Xanthomonadales; Rhodanobacteraceae; Dyella
f4a2a9a4ce0a27e48a6d82a29a7b664a	0	0	0	0	0	0	0	0	0	0	0	0	0	0	0	0	0	0	0	0	0	8	0	0	0	0	0	0	0	0	Bacteria; Actinobacteria; Actinobacteria; Glycomycetales; Glycomycetaceae; Glycomyces
4d559df22a6a0a0e606674f22d98e273	0	0	0	0	0	0	0	0	0	0	0	0	0	0	0	0	0	0	0	0	0	8	0	0	0	0	0	0	0	0	Bacteria; Firmicutes; Bacilli; Bacillales; Paenibacillaceae; Paenibacillus
2d16d001e21717f960cf771ae879b1dd	0	0	0	0	0	0	0	0	0	0	0	0	0	0	0	0	0	0	0	0	0	0	0	8	0	0	0	0	0	0	Bacteria; Proteobacteria; Alphaproteobacteria; Sphingomonadales; Sphingomonadaceae; Sphingomonas
f03364f57ce7c1394bdddc52fbe9ec09	0	0	0	0	0	0	0	0	0	0	0	0	0	0	0	0	0	0	0	0	0	0	0	8	0	0	0	0	0	0	Bacteria; Bacteroidetes; Bacteroidia; Sphingobacteriales; Sphingobacteriaceae; Mucilaginibacter
c9f511185616a2c8d3cafee7f3409898	0	0	0	0	0	0	0	0	0	0	0	0	0	0	0	0	0	0	0	0	0	0	0	8	0	0	0	0	0	0	Bacteria; Proteobacteria; Alphaproteobacteria; Caulobacterales; Caulobacteraceae; Caulobacter
dc8a1ae9fbc1d646d818a65416f52072	0	0	0	0	0	0	0	0	0	0	0	0	0	0	0	0	0	0	0	0	0	0	0	8	0	0	0	0	0	0	Bacteria; Acidobacteria; Acidobacteriia; Solibacterales; Solibacteraceae_(Subgroup_3); Bryobacter
3f41586199ed234435b907567b815d28	0	0	0	0	0	0	0	0	0	0	0	0	0	0	0	0	0	0	0	0	0	0	0	8	0	0	0	0	0	0	Bacteria; Bacteroidetes; Bacteroidia; Sphingobacteriales; Sphingobacteriaceae; Olivibacter
fccbdff8fac6bb4a77fa3e3d96e7ec2a	0	0	0	0	0	0	0	0	0	0	0	0	0	0	0	0	0	0	0	0	0	0	0	8	0	0	0	0	0	0	Bacteria; Bacteroidetes; Bacteroidia; Flavobacteriales; Weeksellaceae; Chryseobacterium
995304f3a8b2ee77564cea9527f1a3c3	0	0	0	0	0	0	0	0	0	0	0	0	0	0	0	0	0	0	0	0	0	0	0	8	0	0	0	0	0	0	Bacteria; Patescibacteria; Saccharimonadia; Saccharimonadales; Unidentified_Saccharimonadales; Unidentified_Saccharimonadales
8ab2aed1cd60d64ea5cda24a0ed7c994	0	0	0	0	0	0	0	0	0	0	0	0	0	0	0	0	0	0	0	0	0	0	0	8	0	0	0	0	0	0	Bacteria; Patescibacteria; Saccharimonadia; Saccharimonadales; Saccharimonadaceae; uncultured_bacterium
8e03cd4c13f145f626cbd55bbb9ec439	0	0	0	0	0	0	0	0	0	0	0	0	0	0	0	0	0	0	0	0	0	0	0	0	8	0	0	0	0	0	Bacteria; Actinobacteria; Thermoleophilia; Solirubrobacterales; 67-14; uncultured_bacterium
c0b8d211b708bd87ac57e50ed0284129	0	0	0	0	0	0	0	0	0	0	0	0	0	0	0	0	0	0	0	0	0	0	0	0	8	0	0	0	0	0	Bacteria; Proteobacteria; Deltaproteobacteria; PB19; Unidentified; Unidentified
b3c82978ba73b36fb375a987eb4b5615	0	0	0	0	0	0	0	0	0	0	0	0	0	0	0	0	0	0	0	0	0	0	0	0	8	0	0	0	0	0	Bacteria; Firmicutes; Clostridia; Clostridiales; Family_XI; Tepidimicrobium
8d7d7c69cf309c387ed3ef6dc01fbee3	0	0	0	0	0	0	0	0	0	0	0	0	0	0	0	0	0	0	0	0	0	0	0	0	8	0	0	0	0	0	Bacteria; Bacteroidetes; Bacteroidia; Flavobacteriales; Flavobacteriaceae; Flavobacterium
1203947006bf3fc7b2c3c4cf35b7b0ad	0	0	0	0	0	0	0	0	0	0	0	0	0	0	0	0	0	0	0	0	0	0	0	0	8	0	0	0	0	0	Bacteria; Proteobacteria; Alphaproteobacteria; Rhizobiales; Xanthobacteraceae; Unidentified_Xanthobacteraceae
513547c4fe8ca11685519996ba8efd4c	0	0	0	0	0	0	0	0	0	0	0	0	0	0	0	0	0	0	0	0	0	0	0	0	8	0	0	0	0	0	Bacteria; Planctomycetes; Phycisphaerae; Pla1_lineage; uncultured_bacterium; uncultured_bacterium
41235f78280d0304e45c61651f6237db	0	0	0	0	0	0	0	0	0	0	0	0	0	0	0	0	0	0	0	0	0	0	0	0	8	0	0	0	0	0	Bacteria; Verrucomicrobia; Verrucomicrobiae; Opitutales; Opitutaceae; Lacunisphaera
e498db1daab96e8c1a25b59ffd4fa0be	0	0	0	0	0	0	0	0	0	0	0	0	0	0	0	0	0	0	0	0	0	0	0	0	8	0	0	0	0	0	Bacteria; Proteobacteria; Gammaproteobacteria; Pseudomonadales; Pseudomonadaceae; Pseudomonas
e1390f114c691ab5987c1334cbcea749	0	0	0	0	0	0	0	0	0	0	0	0	0	0	0	0	0	0	0	0	0	0	0	0	8	0	0	0	0	0	Bacteria; Proteobacteria; Gammaproteobacteria; Gammaproteobacteria_Incertae_Sedis; Unknown_Family; Unidentified
3cb21e71de5bda8fe45bd9104a9884cb	0	0	0	0	0	0	0	0	0	0	0	0	0	0	0	0	0	0	0	0	0	0	0	0	8	0	0	0	0	0	Bacteria; Firmicutes; Bacilli; Bacillales; Paenibacillaceae; Cohnella
50d448d821d0f08272df20486698d399	0	0	0	0	0	0	0	0	0	0	0	0	0	0	0	0	0	0	0	0	0	0	0	0	8	0	0	0	0	0	Bacteria; Proteobacteria; Alphaproteobacteria; Rhizobiales; Rhizobiaceae; Allorhizobium-Neorhizobium-Pararhizobium-Rhizobium
ff218dad591d64a00d7a076d435d8318	0	0	0	0	0	0	0	0	0	0	0	0	0	0	0	0	0	0	0	0	0	0	0	0	8	0	0	0	0	0	Bacteria; Chloroflexi; Anaerolineae; Caldilineales; Caldilineaceae; uncultured
5bdb66092eb4dda45d04840c24b6a7d7	0	0	0	0	0	0	0	0	0	0	0	0	0	0	0	0	0	0	0	0	0	0	0	0	8	0	0	0	0	0	Bacteria; Firmicutes; Bacilli; Bacillales; Paenibacillaceae; Paenibacillus
8fd684efe7ec073476ae0b03521f118f	0	0	0	0	0	0	0	0	0	0	0	0	0	0	0	0	0	0	0	0	0	0	0	0	0	8	0	0	0	0	Bacteria; Proteobacteria; Gammaproteobacteria; Xanthomonadales; Rhodanobacteraceae; Dokdonella
a05bc2c7acf78276aae2a4a6d785f2ed	0	0	0	0	0	0	0	0	0	0	0	0	0	0	0	0	0	0	0	0	0	0	0	0	0	8	0	0	0	0	Bacteria; Proteobacteria; Gammaproteobacteria; Betaproteobacteriales; Nitrosomonadaceae; Nitrosomonas
995dbe5af52cdc52f805bbe796ec6277	0	0	0	0	0	0	0	0	0	0	0	0	0	0	0	0	0	0	0	0	0	0	0	0	0	8	0	0	0	0	Bacteria; Actinobacteria; Actinobacteria; Pseudonocardiales; Pseudonocardiaceae; Actinophytocola
5e56f7126d62585dfee331acf447920a	0	0	0	0	0	0	0	0	0	0	0	0	0	0	0	0	0	0	0	0	0	0	0	0	0	8	0	0	0	0	Bacteria; Proteobacteria; Gammaproteobacteria; Cellvibrionales; Cellvibrionaceae; Cellvibrio
950dde76fc02f1552d8c9b08e6c883b2	0	0	0	0	0	0	0	0	0	0	0	0	0	0	0	0	0	0	0	0	0	0	0	0	0	8	0	0	0	0	Bacteria; Bacteroidetes; Bacteroidia; Flavobacteriales; Flavobacteriaceae; Flavobacterium
2b5d7b2bfa3b26f3e56e2b12a57913e6	0	0	0	0	0	0	0	0	0	0	0	0	0	0	0	0	0	0	0	0	0	0	0	0	0	8	0	0	0	0	Bacteria; Proteobacteria; Deltaproteobacteria; Myxococcales; Sandaracinaceae; uncultured
b7c7ce3f297806fc8cc5fa2743cb3adc	0	0	0	0	0	0	0	0	0	0	0	0	0	0	0	0	0	0	0	0	0	0	0	0	0	8	0	0	0	0	Bacteria; Firmicutes; Clostridia; Clostridiales; Ruminococcaceae; uncultured
056d44fbce755915ff342fc09778901e	0	0	0	0	0	0	0	0	0	0	0	0	0	0	0	0	0	0	0	0	0	0	0	0	0	8	0	0	0	0	Bacteria; Firmicutes; Clostridia; Clostridiales; Ruminococcaceae; Ruminiclostridium
9fbb253fe2b799033380e1ca52566f74	0	0	0	0	0	0	0	0	0	0	0	0	0	0	0	0	0	0	0	0	0	0	0	0	0	8	0	0	0	0	Bacteria; Bacteroidetes; Bacteroidia; Sphingobacteriales; Sphingobacteriaceae; Pedobacter
bc662ec6203ea86d5e933ef140def3d3	0	0	0	0	0	0	0	0	0	0	0	0	0	0	0	0	0	0	0	0	0	0	0	0	0	8	0	0	0	0	Bacteria; Actinobacteria; Thermoleophilia; Solirubrobacterales; Solirubrobacteraceae; uncultured
9f3b5608ce59260e191e784db15e858a	0	0	0	0	0	0	0	0	0	0	0	0	0	0	0	0	0	0	0	0	0	0	0	0	0	8	0	0	0	0	Bacteria; Bacteroidetes; Bacteroidia; Chitinophagales; Chitinophagaceae; Taibaiella
a6f72040e73fceb23279ccc44dc9ede6	0	0	0	0	0	0	0	0	0	0	0	0	0	0	0	0	0	0	0	0	0	0	0	0	0	8	0	0	0	0	Bacteria; Actinobacteria; Actinobacteria; Propionibacteriales; Nocardioidaceae; Nocardioides
1541f90bbc8e0df354e23e761f0f853d	0	0	0	0	0	0	0	0	0	0	0	0	0	0	0	0	0	0	0	0	0	0	0	0	0	8	0	0	0	0	Bacteria; Firmicutes; Bacilli; Bacillales; Paenibacillaceae; Unidentified_Paenibacillaceae
bf8adae3fb7c0e9895fa35a73e5848d0	0	0	0	0	0	0	0	0	0	0	0	0	0	0	0	0	0	0	0	0	0	0	0	0	0	8	0	0	0	0	Bacteria; Planctomycetes; Planctomycetacia; Pirellulales; Pirellulaceae; uncultured
732cd1256da78ce4e68bcfa2e59a985b	0	0	0	0	0	0	0	0	0	0	0	0	0	0	0	0	0	0	0	0	0	0	0	0	0	8	0	0	0	0	Bacteria; Acidobacteria; Subgroup_6; Unidentified_Acidobacteria; Unidentified_Acidobacteria; Unidentified_Acidobacteria
3159aca5aa8889447ab4e194a410b6bd	0	0	0	0	0	0	0	0	0	0	0	0	0	0	0	0	0	0	0	0	0	0	0	0	0	8	0	0	0	0	Bacteria; Bacteroidetes; Bacteroidia; Chitinophagales; Chitinophagaceae; Dinghuibacter
26795621bff9f9f2f7b7cc08be7f3cf3	0	0	0	0	0	0	0	0	0	0	0	0	0	0	0	0	0	0	0	0	0	0	0	0	0	8	0	0	0	0	Bacteria; Bacteroidetes; Bacteroidia; Flavobacteriales; Flavobacteriaceae; Planktosalinus
e235d0421b86cf9ec7bd0eafd4edb43a	0	0	0	0	0	0	0	0	0	0	0	0	0	0	0	0	0	0	0	0	0	0	0	0	0	8	0	0	0	0	Bacteria; Proteobacteria; Gammaproteobacteria; Alteromonadales; Alteromonadaceae; Alishewanella
6d9405a666dee9da6daaa58f764dec4f	0	0	0	0	0	0	0	0	0	0	0	0	0	0	0	0	0	0	0	0	0	0	0	0	0	8	0	0	0	0	Bacteria; Actinobacteria; Thermoleophilia; Solirubrobacterales; 67-14; uncultured_bacterium
49506b6afc24a89a990301a8cd9dda70	0	0	0	0	0	0	0	0	0	0	0	0	0	0	0	0	0	0	0	0	0	0	0	0	0	8	0	0	0	0	Bacteria; Bacteroidetes; Bacteroidia; Chitinophagales; Chitinophagaceae; uncultured
31f93604a20859a0edc6be547ff1590e	0	0	0	0	0	0	0	0	0	0	0	0	0	0	0	0	0	0	0	0	0	0	0	0	0	8	0	0	0	0	Bacteria; Proteobacteria; Alphaproteobacteria; Rhizobiales; Beijerinckiaceae; Chelatococcus
35e1d0f54a39057c02a2363dcc0f1ee9	0	0	0	0	0	0	0	0	0	0	0	0	0	0	0	0	0	0	0	0	0	0	0	0	0	8	0	0	0	0	Bacteria; Chloroflexi; Anaerolineae; SBR1031; A4b; uncultured_bacterium
5a984eb2d8dfdc9d6cc0e33133401cdf	0	0	0	0	0	0	0	0	0	0	0	0	0	0	0	0	0	0	0	0	0	0	0	0	0	8	0	0	0	0	Bacteria; Bacteroidetes; Bacteroidia; Flavobacteriales; Weeksellaceae; Chryseobacterium
4db5e36c9fed067d4aac0210add3c5f5	0	0	0	0	0	0	0	0	0	0	0	0	0	0	0	0	0	0	0	0	0	0	0	0	0	8	0	0	0	0	Bacteria; Chloroflexi; Anaerolineae; SBR1031; A4b; uncultured_bacterium
f3c5de4b9ea5539a8e62b23161218040	0	0	0	0	0	0	0	0	0	0	0	0	0	0	0	0	0	0	0	0	0	0	0	0	0	8	0	0	0	0	Bacteria; Gemmatimonadetes; _terrestrial_group; uncultured_bacterium; uncultured_bacterium; uncultured_bacterium
43ef5237004d4c4358fd7997fab872a5	0	0	0	0	0	0	0	0	0	0	0	0	0	0	0	0	0	0	0	0	0	0	0	0	0	8	0	0	0	0	Bacteria; Proteobacteria; Alphaproteobacteria; Micropepsales; Micropepsaceae; Unidentified_Micropepsaceae
61f258a6c9a6a27b3bbcd15a81bd7eaf	0	0	0	0	0	0	0	0	0	0	0	0	0	0	0	0	0	0	0	0	0	0	0	0	0	0	8	0	0	0	Bacteria; Actinobacteria; Thermoleophilia; Solirubrobacterales; 67-14; uncultured_bacterium
b95594efc9b18277a78747dd69ce7a43	0	0	0	0	0	0	0	0	0	0	0	0	0	0	0	0	0	0	0	0	0	0	0	0	0	0	0	8	0	0	Bacteria; Bacteroidetes; Bacteroidia; Chitinophagales; Chitinophagaceae; Unidentified_Chitinophagaceae
c163b5ef8ca55b40382e7492168145ce	0	0	0	0	0	0	0	0	0	0	0	0	0	0	0	0	0	0	0	0	0	0	0	0	0	0	0	8	0	0	Bacteria; Verrucomicrobia; Verrucomicrobiae; Opitutales; Opitutaceae; Opitutus
cd487efcc79d37cd68042392ca9f4c19	0	0	0	0	0	0	0	0	0	0	0	0	0	0	0	0	0	0	0	0	0	0	0	0	0	0	0	8	0	0	Bacteria; Bacteroidetes; Bacteroidia; Chitinophagales; Chitinophagaceae; Unidentified_Chitinophagaceae
9e529a7a5e3746644a211fff186d015d	0	0	0	0	0	0	0	0	0	0	0	0	0	0	0	0	0	0	0	0	0	0	0	0	0	0	0	8	0	0	Bacteria; Proteobacteria; Alphaproteobacteria; Unidentified_Alphaproteobacteria; Unidentified_Alphaproteobacteria; Unidentified_Alphaproteobacteria
2945d5dc9c216e34e70d91041e035606	0	0	0	0	0	0	0	0	0	0	0	0	0	0	0	0	0	0	0	0	0	0	0	0	0	0	0	8	0	0	Bacteria; Firmicutes; Bacilli; Bacillales; Paenibacillaceae; Paenibacillus
ee8a58aaaecf0b8665620e2da36aeeaa	0	0	0	0	0	0	0	0	0	0	0	0	0	0	0	0	0	0	0	0	0	0	0	0	0	0	0	8	0	0	Bacteria; Proteobacteria; Gammaproteobacteria; Gammaproteobacteria_Incertae_Sedis; Unknown_Family; Acidibacter
45a4b6de2bcf9dc6d5cdd1c8deaa5c08	0	0	0	0	0	0	0	0	0	0	0	0	0	0	0	0	0	0	0	0	0	0	0	0	0	0	0	8	0	0	Bacteria; Proteobacteria; Alphaproteobacteria; Caulobacterales; Caulobacteraceae; Caulobacter
9e96a0e89fbba7b7974ef1eb767827bd	0	0	0	0	0	0	0	0	0	0	0	0	0	0	0	0	0	0	0	0	0	0	0	0	0	0	0	8	0	0	Bacteria; Firmicutes; Bacilli; Bacillales; Unidentified_Bacillales; Unidentified_Bacillales
bc49b2a1bb2314fd354a251265e98a9f	0	0	0	0	0	0	0	0	0	0	0	0	0	0	0	0	0	0	0	0	0	0	0	0	0	0	0	8	0	0	Bacteria; Bacteroidetes; Bacteroidia; Flavobacteriales; NS9_marine_group; uncultured_bacterium
fe9d9546d5072130533d28c332f94007	0	0	0	0	0	0	0	0	0	0	0	0	0	0	0	0	0	0	0	0	0	0	0	0	0	0	0	8	0	0	Bacteria; Actinobacteria; Actinobacteria; Streptosporangiales; Nocardiopsaceae; Unidentified_Nocardiopsaceae
ea5f651c5f2a4ecc376c203ed9e175a0	0	0	0	0	0	0	0	0	0	0	0	0	0	0	0	0	0	0	0	0	0	0	0	0	0	0	0	8	0	0	Bacteria; Chloroflexi; Anaerolineae; SBR1031; A4b; uncultured_bacterium
c9cbee4802ea6d01b4c11de84262e7ce	0	0	0	0	0	0	0	0	0	0	0	0	0	0	0	0	0	0	0	0	0	0	0	0	0	0	0	8	0	0	Bacteria; Chloroflexi; Chloroflexia; Thermomicrobiales; JG30-KF-CM45; uncultured_bacterium
e69cc2bdbe1877ec8e166b31e94f99be	0	0	0	0	0	0	0	0	0	0	0	0	0	0	0	0	0	0	0	0	0	0	0	0	0	0	0	8	0	0	Bacteria; Proteobacteria; Alphaproteobacteria; Rhizobiales; uncultured; uncultured_bacterium
bee58d64e77e7af861fad6875fca4ba4	0	0	0	0	0	0	0	0	0	0	0	0	0	0	0	0	0	0	0	0	0	0	0	0	0	0	0	8	0	0	Bacteria; Verrucomicrobia; Verrucomicrobiae; Chthoniobacterales; Chthoniobacteraceae; LD29
d4816999dbff80e5f11e863dbb9b93a0	0	0	0	0	0	0	0	0	0	0	0	0	0	0	0	0	0	0	0	0	0	0	0	0	0	0	0	8	0	0	Bacteria; Firmicutes; Clostridia; Clostridiales; Gracilibacteraceae; Unidentified_Gracilibacteraceae
aaf669eea303971de5656805ceafe4c9	0	0	0	0	0	0	0	0	0	0	0	0	0	0	0	0	0	0	0	0	0	0	0	0	0	0	0	8	0	0	Bacteria; Bacteroidetes; Bacteroidia; Flavobacteriales; Flavobacteriaceae; Flavobacterium
e266ebb217d02ebe2019a8d39b30047a	0	0	0	0	0	0	0	0	0	0	0	0	0	0	0	0	0	0	0	0	0	0	0	0	0	0	0	8	0	0	Bacteria; Bacteroidetes; Bacteroidia; Flavobacteriales; Flavobacteriaceae; Flavobacterium
33d37c10aa1b3df59bfc298bb17aed6d	0	0	0	0	0	0	0	0	0	0	0	0	0	0	0	0	0	0	0	0	0	0	0	0	0	0	0	8	0	0	Bacteria; Proteobacteria; Deltaproteobacteria; Myxococcales; Polyangiaceae; Pajaroellobacter
5b1a01443a51d98b7cc83e5ce9857711	0	0	0	0	0	0	0	0	0	0	0	0	0	0	0	0	0	0	0	0	0	0	0	0	0	0	0	0	8	0	Bacteria; Proteobacteria; Alphaproteobacteria; Rhizobiales; Devosiaceae; Devosia
7c53a2eb626947b3a662f56356d272c5	0	0	0	0	0	0	0	0	0	0	0	0	0	0	0	0	0	0	0	0	0	0	0	0	0	0	0	0	8	0	Bacteria; Firmicutes; Bacilli; Bacillales; Unidentified_Bacillales; Unidentified_Bacillales
c93b5add958d7643da822961b1686f50	0	0	0	0	0	0	0	0	0	0	0	0	0	0	0	0	0	0	0	0	0	0	0	0	0	0	0	0	8	0	Bacteria; Proteobacteria; Deltaproteobacteria; Myxococcales; P3OB-42; Unidentified
52284c6a591b8aa2e41f58ea4fa6aec1	0	0	0	0	0	0	0	0	0	0	0	0	0	0	0	0	0	0	0	0	0	0	0	0	0	0	0	0	8	0	Bacteria; Proteobacteria; Gammaproteobacteria; Xanthomonadales; Rhodanobacteraceae; Dokdonella
1c0c5e973f01557f0d18794dbb730c85	0	0	0	0	0	0	0	0	0	0	0	0	0	0	0	0	0	0	0	0	0	0	0	0	0	0	0	0	8	0	Bacteria; Proteobacteria; Alphaproteobacteria; Rhodospirillales; Rhodospirillaceae; Caenispirillum
1f39f730f0cdcd1d917d0002d7f8e1ce	0	0	0	0	0	0	0	0	0	0	0	0	0	0	0	0	0	0	0	0	0	0	0	0	0	0	0	0	8	0	Bacteria; Proteobacteria; Alphaproteobacteria; Rickettsiales; SM2D12; Unidentified
5312d71736ff94a71382ba49dd54db29	0	0	0	0	0	0	0	0	0	0	0	0	0	0	0	0	0	0	0	0	0	0	0	0	0	0	0	0	8	0	Bacteria; Actinobacteria; Thermoleophilia; Solirubrobacterales; 67-14; uncultured_bacterium
a0b84d1e743c5c63fa472ebb0e5f920e	0	0	0	0	0	0	0	0	0	0	0	0	0	0	0	0	0	0	0	0	0	0	0	0	0	0	0	0	8	0	Bacteria; Proteobacteria; Deltaproteobacteria; Myxococcales; Archangiaceae; Unidentified_Archangiaceae
d112991218eeba829012d786702c651d	0	0	0	0	0	0	0	0	0	0	0	0	0	0	0	0	0	0	0	0	0	0	0	0	0	0	0	0	8	0	Bacteria; Gemmatimonadetes; _terrestrial_group; uncultured_bacterium; uncultured_bacterium; uncultured_bacterium
3641179da7afd7b5ed154b7dc33e3fe5	0	0	0	0	0	0	0	0	0	0	0	0	0	0	0	0	0	0	0	0	0	0	0	0	0	0	0	0	8	0	Bacteria; Actinobacteria; Actinobacteria; Micrococcales; Microbacteriaceae; Unidentified_Microbacteriaceae
946118dd0e774e3236f4e48b9bb2db43	0	0	0	0	0	0	0	0	0	0	0	0	0	0	0	0	0	0	0	0	0	0	0	0	0	0	0	0	8	0	Bacteria; Firmicutes; Bacilli; Bacillales; Paenibacillaceae; Paenibacillus
76f047fd50eef38f03c5a86e4ba4153e	0	0	0	0	0	0	0	0	0	0	0	0	0	0	0	0	0	0	0	0	0	0	0	0	0	0	0	0	8	0	Bacteria; Actinobacteria; Thermoleophilia; Solirubrobacterales; Solirubrobacteraceae; Solirubrobacter
5d3bd2ed1a3c3331a5fdbd5419a6985f	0	0	0	0	0	0	0	0	0	0	0	0	0	0	0	0	0	0	0	0	0	0	0	0	0	0	0	0	8	0	Bacteria; Proteobacteria; Alphaproteobacteria; Micropepsales; Micropepsaceae; Unidentified_Micropepsaceae
33e958b1798079535f77633bdd66262b	0	0	0	0	0	0	0	0	0	0	0	0	0	0	0	0	0	0	0	0	0	0	0	0	0	0	0	0	8	0	Bacteria; Actinobacteria; Acidimicrobiia; IMCC26256; uncultured_bacterium; uncultured_bacterium
d17bd33879cc5842df962c8b9074b008	0	0	0	0	0	0	0	0	0	0	0	0	0	0	0	0	0	0	0	0	0	0	0	0	0	0	0	0	8	0	Bacteria; Verrucomicrobia; Verrucomicrobiae; Pedosphaerales; Pedosphaeraceae; uncultured_bacterium
bd8eac56b9f0dceaf43364df5d410635	0	0	0	0	0	0	0	0	0	0	0	0	0	0	0	0	0	0	0	0	0	0	0	0	0	0	0	0	8	0	Bacteria; Planctomycetes; Planctomycetacia; Planctomycetales; Rubinisphaeraceae; SH-PL14
1fd6bc25da83cd0fb75d720b1011c0ba	0	0	0	0	0	0	0	0	0	0	0	0	0	0	0	0	0	0	0	0	0	0	0	0	0	0	0	0	8	0	Bacteria; Proteobacteria; Gammaproteobacteria; Pseudomonadales; Pseudomonadaceae; Pseudomonas
c2f1aeff154dcd256ed1e31dc8794aa4	0	0	0	0	0	0	0	0	0	0	0	0	0	0	0	0	0	0	0	0	0	0	0	0	0	0	0	0	0	8	Bacteria; Proteobacteria; Gammaproteobacteria; Unidentified_Gammaproteobacteria; Unidenfied_Gammaproteobacteria; Unidenfied_Gammaproteobacteria
d47328d202fcddee5f1e7cb13f3f5533	0	0	0	0	0	0	0	0	0	0	0	0	0	0	0	0	0	0	0	0	0	0	0	0	0	0	0	0	0	8	Bacteria; Chloroflexi; Anaerolineae; SBR1031; A4b; uncultured_bacterium
856ed832ac9e1363021d5f4b391a6d42	0	0	0	0	0	0	0	0	0	0	0	0	0	0	0	0	0	0	0	0	0	0	0	0	0	0	0	0	0	8	Bacteria; Chlamydiae; Chlamydiae; Chlamydiales; Chlamydiaceae; Unidentified_Chlamydiaceae
fcd5e9883d687addc9384b071e8b5da1	0	0	0	0	0	0	0	0	0	0	0	0	0	0	0	0	0	0	0	0	0	0	0	0	0	0	0	0	0	8	Bacteria; Actinobacteria; Thermoleophilia; Solirubrobacterales; 67-14; uncultured_bacterium
b919b63e2d7e3e6cfd6b145cdc1a0dd4	0	0	0	0	0	0	0	0	0	0	0	0	0	0	0	0	0	0	0	0	0	0	0	0	0	0	0	0	0	8	Bacteria; Proteobacteria; Gammaproteobacteria; Pseudomonadales; Pseudomonadaceae; Pseudomonas
58312f5df3c12c116bf68ee2db77ee59	0	0	0	0	0	0	0	0	0	0	0	0	0	0	0	0	0	0	0	0	0	0	0	0	0	0	0	0	0	8	Bacteria; Firmicutes; Clostridia; Clostridiales; Peptococcaceae; Unidentified_Peptococcaceae
3c76496de2c06c9a4dcc9c174b773a59	0	0	0	0	0	0	0	0	0	0	0	0	0	0	0	0	0	0	0	0	0	0	0	0	0	0	0	0	0	8	Bacteria; Proteobacteria; Alphaproteobacteria; Parvibaculales; Parvibaculaceae; Parvibaculum
fa037d9de5f66c2328913e1bec76f5f1	0	0	0	0	0	0	0	0	0	0	0	0	0	0	0	0	0	0	0	0	0	0	0	0	0	0	0	0	0	8	Bacteria; Chloroflexi; Anaerolineae; Anaerolineales; Anaerolineaceae; uncultured
cb5b9907447a49154182dee3ea78d16e	0	0	0	0	0	0	0	0	0	0	0	0	0	0	0	0	0	0	0	0	0	0	0	0	0	0	0	0	0	8	Bacteria; Proteobacteria; Gammaproteobacteria; Gammaproteobacteria_Incertae_Sedis; Unknown_Family; Acidibacter
a5dfcf47e030b6a7932ab41de1fde3cb	0	0	0	0	0	0	0	0	0	0	0	0	0	0	0	0	0	0	0	0	0	0	0	0	0	0	0	0	0	8	Bacteria; Proteobacteria; Deltaproteobacteria; Myxococcales; Polyangiaceae; Pajaroellobacter
50df36f42a3d983c9f332d220e99b591	0	0	0	0	0	0	0	0	0	0	0	0	0	0	0	0	0	0	0	0	0	0	0	0	0	0	0	0	0	8	Bacteria; Actinobacteria; Actinobacteria; Micrococcales; Microbacteriaceae; Agromyces
2a80fed95715b5b969d753798658e1c3	0	0	0	0	0	0	0	0	0	0	0	0	0	0	0	0	0	0	0	0	0	0	0	0	0	0	0	0	0	8	Bacteria; Proteobacteria; Deltaproteobacteria; Myxococcales; BIrii41; Unidentified
e9bd91df6db0dbb6979305555768dd4b	0	0	0	0	0	0	0	0	0	0	0	0	0	0	0	0	0	0	0	0	0	0	0	0	0	0	0	0	0	8	Bacteria; Actinobacteria; Actinobacteria; Propionibacteriales; Nocardioidaceae; Nocardioides
2c16b96382c9521ed5d60a87e291c2e2	0	0	0	0	0	0	0	0	0	0	0	0	0	0	0	0	0	0	0	0	0	0	0	0	0	0	0	0	0	8	Bacteria; Deinococcus-Thermus; Deinococci; Deinococcales; Trueperaceae; Truepera
2e14b1acab75a0e7502bf6b78d629888	0	0	0	0	0	0	0	0	0	0	0	0	0	0	0	0	0	0	0	0	0	0	0	0	0	0	0	0	0	8	Bacteria; Chloroflexi; Dehalococcoidia; S085; uncultured_bacterium; uncultured_bacterium
285252e2f7b914b9ffa5498ff3ca3dcc	0	0	0	0	0	0	0	0	0	0	0	0	0	0	0	0	0	0	0	0	0	0	0	0	0	0	0	0	0	8	Bacteria; Bacteroidetes; Bacteroidia; Sphingobacteriales; Sphingobacteriaceae; Sphingobacterium
d003369c634039251545c3c42c6d15d7	0	6	0	0	0	0	0	0	0	0	0	0	0	0	0	0	0	0	0	0	0	0	0	0	0	0	0	0	0	0	Bacteria; Actinobacteria; Actinobacteria; Micrococcales; Promicromonosporaceae; Promicromonospora
8e67ec43c4abac4d1b3bf343d840f693	0	0	6	0	0	0	0	0	0	0	0	0	0	0	0	0	0	0	0	0	0	0	0	0	0	0	0	0	0	0	Bacteria; Proteobacteria; Gammaproteobacteria; Enterobacteriales; Enterobacteriaceae; Unidentified_Enterobacteriaceae
3e68a9ea43417609a5e9e7709d5771b4	0	0	0	6	0	0	0	0	0	0	0	0	0	0	0	0	0	0	0	0	0	0	0	0	0	0	0	0	0	0	Bacteria; Acidobacteria; Acidobacteriia; Subgroup_2; uncultured_bacterium; uncultured_bacterium
cc1aa43d42a6f9e48144fe1edca802cc	0	0	0	0	6	0	0	0	0	0	0	0	0	0	0	0	0	0	0	0	0	0	0	0	0	0	0	0	0	0	Bacteria; Proteobacteria; Alphaproteobacteria; Rhizobiales; Rhizobiaceae; Allorhizobium-Neorhizobium-Pararhizobium-Rhizobium
d67a3387e6e38fdccaf51ec54aa47aba	0	0	0	0	0	6	0	0	0	0	0	0	0	0	0	0	0	0	0	0	0	0	0	0	0	0	0	0	0	0	Bacteria; Actinobacteria; Actinobacteria; Streptomycetales; Streptomycetaceae; Streptomyces
4948071b950610518e0a5e944d4388a8	0	0	0	0	0	6	0	0	0	0	0	0	0	0	0	0	0	0	0	0	0	0	0	0	0	0	0	0	0	0	Bacteria; Actinobacteria; Actinobacteria; Streptosporangiales; Thermomonosporaceae; Actinomadura
340bf2b4316b84e3ddd46d17a029b418	0	0	0	0	0	0	6	0	0	0	0	0	0	0	0	0	0	0	0	0	0	0	0	0	0	0	0	0	0	0	Bacteria; Proteobacteria; Gammaproteobacteria; Betaproteobacteriales; Burkholderiaceae; Burkholderia-Caballeronia-Paraburkholderia
c2fcbc190cd4b16afa2e1259fa94ea24	0	0	0	0	0	0	0	0	0	6	0	0	0	0	0	0	0	0	0	0	0	0	0	0	0	0	0	0	0	0	Bacteria; Firmicutes; Clostridia; Clostridiales; Lachnospiraceae; Unidentified_Lachnospiraceae
f2858d20d53f0130630cafc7b85cd53b	0	0	0	0	0	0	0	0	0	6	0	0	0	0	0	0	0	0	0	0	0	0	0	0	0	0	0	0	0	0	Bacteria; Firmicutes; Clostridia; Clostridiales; Clostridiaceae_1; Unidentified_Clostridiaceae_2
16d94d462030ad32f8f0cf03196f5c12	0	0	0	0	0	0	0	0	0	0	6	0	0	0	0	0	0	0	0	0	0	0	0	0	0	0	0	0	0	0	Bacteria; Firmicutes; Clostridia; Clostridiales; Ruminococcaceae; Ruminococcus_2
e684d5e1b1392acfe86947dbc4d1db34	0	0	0	0	0	0	0	0	0	0	6	0	0	0	0	0	0	0	0	0	0	0	0	0	0	0	0	0	0	0	Bacteria; Kiritimatiellaeota; Kiritimatiellae; WCHB1-41; Unidentified; Unidentified
bae13cffdbc5b6167a3bdcd40e4c617f	0	0	0	0	0	0	0	0	0	0	6	0	0	0	0	0	0	0	0	0	0	0	0	0	0	0	0	0	0	0	Bacteria; Tenericutes; Mollicutes; Acholeplasmatales; Acholeplasmataceae; Acholeplasma
28cdf93f8cc8c88155b2b96c45c14ca6	0	0	0	0	0	0	0	0	0	0	6	0	0	0	0	0	0	0	0	0	0	0	0	0	0	0	0	0	0	0	Bacteria; Firmicutes; Clostridia; Clostridiales; Christensenellaceae; Unidentified_Christensenellaceae
bf97a3d070096a1ac965743652904411	0	0	0	0	0	0	0	0	0	0	6	0	0	0	0	0	0	0	0	0	0	0	0	0	0	0	0	0	0	0	Bacteria; Proteobacteria; Gammaproteobacteria; Xanthomonadales; Rhodanobacteraceae; Dyella
2f8cdfb44e6714076af43ad83c9fc05b	0	0	0	0	0	0	0	0	0	0	4	0	0	0	0	0	0	0	2	0	0	0	0	0	0	0	0	0	0	0	Bacteria; Bacteroidetes; Bacteroidia; Chitinophagales; Chitinophagaceae; Unidentified_Chitinophagaceae
c91829f036114c33ac6a161fa3e8716f	0	0	0	0	0	0	0	0	0	0	0	6	0	0	0	0	0	0	0	0	0	0	0	0	0	0	0	0	0	0	Bacteria; Proteobacteria; Alphaproteobacteria; Rhizobiales; Beijerinckiaceae; Methylobacterium
600c3fc62ddc2606cd9e7725711bc21d	0	0	0	0	0	0	0	0	0	0	0	0	6	0	0	0	0	0	0	0	0	0	0	0	0	0	0	0	0	0	Bacteria; Bacteroidetes; Bacteroidia; Flavobacteriales; Flavobacteriaceae; Flavobacterium
465d677687443f0072401b5bd6e66531	0	0	0	0	0	0	0	0	0	0	0	0	6	0	0	0	0	0	0	0	0	0	0	0	0	0	0	0	0	0	Bacteria; Firmicutes; Bacilli; Lactobacillales; Aerococcaceae; Aerococcus
c130baecd35f08a8f79bdfbdc0abb6c0	0	0	0	0	0	0	0	0	0	0	0	0	0	6	0	0	0	0	0	0	0	0	0	0	0	0	0	0	0	0	Bacteria; Proteobacteria; Alphaproteobacteria; Rhizobiales; Rhizobiaceae; Allorhizobium-Neorhizobium-Pararhizobium-Rhizobium
ae86f695fba3b7a5a5882a655b6e028e	0	0	0	0	0	0	0	0	0	0	0	0	0	0	6	0	0	0	0	0	0	0	0	0	0	0	0	0	0	0	Bacteria; Actinobacteria; Actinobacteria; Micrococcales; Brevibacteriaceae; Brevibacterium
b4b841c1bbc04345cde9fe48dba7c0d8	0	0	0	0	0	0	0	0	0	0	0	0	0	0	0	6	0	0	0	0	0	0	0	0	0	0	0	0	0	0	Bacteria; Proteobacteria; Gammaproteobacteria; Enterobacteriales; Enterobacteriaceae; Enterobacter
2e4c00977817e0832a1188525ca6d7f8	0	0	0	0	0	0	0	0	0	0	0	0	0	0	0	6	0	0	0	0	0	0	0	0	0	0	0	0	0	0	Bacteria; Proteobacteria; Alphaproteobacteria; Rhizobiales; Rhizobiaceae; Aureimonas
9e269c63c05611e97725f3d4ee076100	0	0	0	0	0	0	0	0	0	0	0	0	0	0	0	6	0	0	0	0	0	0	0	0	0	0	0	0	0	0	Bacteria; Actinobacteria; Actinobacteria; Micrococcales; Brevibacteriaceae; Brevibacterium
a1806efeaa139237cd55d6922c57ead0	0	0	0	0	0	0	0	0	0	0	0	0	0	0	0	6	0	0	0	0	0	0	0	0	0	0	0	0	0	0	Bacteria; Firmicutes; Bacilli; Bacillales; Bacillaceae; Unidentified_Bacillaceae
f8b73513e6a7d228f5797afcf216a505	0	0	0	0	0	0	0	0	0	0	0	0	0	0	0	6	0	0	0	0	0	0	0	0	0	0	0	0	0	0	Bacteria; Proteobacteria; Gammaproteobacteria; Xanthomonadales; Rhodanobacteraceae; Dyella
2af34c4b52708e427d944e2e9c5ff92f	0	0	0	0	0	0	0	0	0	0	0	0	0	0	0	0	6	0	0	0	0	0	0	0	0	0	0	0	0	0	Bacteria; Proteobacteria; Gammaproteobacteria; Xanthomonadales; Unidentified_Xanthomonadales; Unidentified_Xanthomonadales
850a9889db49ee557c4a6196c0b5fba5	0	0	0	0	0	0	0	0	0	0	0	0	0	0	0	0	6	0	0	0	0	0	0	0	0	0	0	0	0	0	Bacteria; Firmicutes; Bacilli; Bacillales; Bacillaceae; Bacillus
a4e69cff200c7700f013d50940aa262f	0	0	0	0	0	0	0	0	0	0	0	0	0	0	0	0	6	0	0	0	0	0	0	0	0	0	0	0	0	0	Bacteria; Proteobacteria; Alphaproteobacteria; Sphingomonadales; Sphingomonadaceae; Sphingobium
d9b23082985e1674fadf7650b58a5011	0	0	0	0	0	0	0	0	0	0	0	0	0	0	0	0	6	0	0	0	0	0	0	0	0	0	0	0	0	0	Bacteria; Proteobacteria; Gammaproteobacteria; Cellvibrionales; Cellvibrionaceae; Cellvibrio
d6a689fe8de9a862a0e39a70a0f82896	0	0	0	0	0	0	0	0	0	0	0	0	0	0	0	0	6	0	0	0	0	0	0	0	0	0	0	0	0	0	Bacteria; Proteobacteria; Alphaproteobacteria; Acetobacterales; Acetobacteraceae; Roseomonas
27d2ec71699e9cd03afaab154ec00432	0	0	0	0	0	0	0	0	0	0	0	0	0	0	0	0	6	0	0	0	0	0	0	0	0	0	0	0	0	0	Bacteria; Proteobacteria; Gammaproteobacteria; Pseudomonadales; Moraxellaceae; Acinetobacter
159e72fe3d2169d734b27b0fc297f715	0	0	0	0	0	0	0	0	0	0	0	0	0	0	0	0	6	0	0	0	0	0	0	0	0	0	0	0	0	0	Bacteria; Firmicutes; Clostridia; Clostridiales; Clostridiaceae_1; Unidentified_Clostridiaceae_2
9baa25b33cb956945b275f2eb28ead30	0	0	0	0	0	0	0	0	0	0	0	0	0	0	0	0	6	0	0	0	0	0	0	0	0	0	0	0	0	0	Bacteria; Bacteroidetes; Bacteroidia; Flavobacteriales; Weeksellaceae; Empedobacter
725e8c1411b00db4c74252ef68d42c12	0	0	0	0	0	0	0	0	0	0	0	0	0	0	0	0	0	6	0	0	0	0	0	0	0	0	0	0	0	0	Bacteria; Proteobacteria; Gammaproteobacteria; Unidentified_Gammaproteobacteria; Unidentified_Gammaproteobacteria; Unidentified_Gammaproteobacteria
a258201099d018210a272293b51d4958	0	0	0	0	0	0	0	0	0	0	0	0	0	0	0	0	0	6	0	0	0	0	0	0	0	0	0	0	0	0	Bacteria; Proteobacteria; Alphaproteobacteria; Rhodobacterales; Rhodobacteraceae; Paracoccus
ed7eb6b6d64a91652ce1b0f1b2fd29a4	0	0	0	0	0	0	0	0	0	0	0	0	0	0	0	0	0	6	0	0	0	0	0	0	0	0	0	0	0	0	Bacteria; Bacteroidetes; Bacteroidia; Sphingobacteriales; env.OPS_17; Unidentified
724a9739c7d81ccbc129b4aa68a9d96e	0	0	0	0	0	0	0	0	0	0	0	0	0	0	0	0	0	6	0	0	0	0	0	0	0	0	0	0	0	0	Bacteria; Bacteroidetes; Bacteroidia; Sphingobacteriales; Sphingobacteriaceae; Sphingobacterium
7ff6fa3c22359e7a17bca37aef0e2f80	0	0	0	0	0	0	0	0	0	0	0	0	0	0	0	0	0	6	0	0	0	0	0	0	0	0	0	0	0	0	Bacteria; Proteobacteria; Alphaproteobacteria; Sphingomonadales; Sphingomonadaceae; Unidentified_Sphingomonadaceae
08b917dbfa3e140ffb166263d6fa321c	0	0	0	0	0	0	0	0	0	0	0	0	0	0	0	0	0	6	0	0	0	0	0	0	0	0	0	0	0	0	Bacteria; Bacteroidetes; Bacteroidia; Bacteroidales; Dysgonomonadaceae; Dysgonomonas
15c31c17b22435c0da293b9cd2dc7186	0	0	0	0	0	0	0	0	0	0	0	0	0	0	0	0	0	0	0	6	0	0	0	0	0	0	0	0	0	0	Bacteria; Firmicutes; Bacilli; Bacillales; Alicyclobacillaceae; Tumebacillus
d6febab2c54f169b10dc2f50a71be076	0	0	0	0	0	0	0	0	0	0	0	0	0	0	0	0	0	0	0	6	0	0	0	0	0	0	0	0	0	0	Bacteria; Firmicutes; Bacilli; Bacillales; Bacillaceae; Bacillus
c2080d147e447a754a6c38dda8eca8e7	0	0	0	0	0	0	0	0	0	0	0	0	0	0	0	0	0	0	0	0	6	0	0	0	0	0	0	0	0	0	Bacteria; Actinobacteria; Actinobacteria; Micrococcales; Promicromonosporaceae; Promicromonospora
b8fa5931f20b41d29aa4e922b92698cd	0	0	0	0	0	0	0	0	0	0	0	0	0	0	0	0	0	0	0	0	6	0	0	0	0	0	0	0	0	0	Bacteria; Bacteroidetes; Bacteroidia; Bacteroidales; Bacteroidaceae; Bacteroides
df0e3d38eec730326754d8c17a8b8efe	0	0	0	0	0	0	0	0	0	0	0	0	0	0	0	0	0	0	0	0	6	0	0	0	0	0	0	0	0	0	Bacteria; Firmicutes; Erysipelotrichia; Erysipelotrichales; Erysipelotrichaceae; Turicibacter
384dc64f0ab44fe495485d0b0356b152	0	0	0	0	0	0	0	0	0	0	0	0	0	0	0	0	0	0	0	0	6	0	0	0	0	0	0	0	0	0	Bacteria; Proteobacteria; Gammaproteobacteria; Xanthomonadales; Xanthomonadaceae; Unidentified_Xanthomonadaceae
30bb156ba45cbd3f48ee86933ee2187e	0	0	0	0	0	0	0	0	0	0	0	0	0	0	0	0	0	0	0	0	6	0	0	0	0	0	0	0	0	0	Bacteria; Bacteroidetes; Bacteroidia; Sphingobacteriales; Sphingobacteriaceae; Sphingobacterium
431add7da20321d6e15dace7524ba3b2	0	0	0	0	0	0	0	0	0	0	0	0	0	0	0	0	0	0	0	0	6	0	0	0	0	0	0	0	0	0	Bacteria; Firmicutes; Clostridia; Clostridiales; Family_XI; Anaerococcus
67cad97459ede8f354ff202ed4773127	0	0	0	0	0	0	0	0	0	0	0	0	0	0	0	0	0	0	0	0	6	0	0	0	0	0	0	0	0	0	Bacteria; Proteobacteria; Gammaproteobacteria; Oceanospirillales; Halomonadaceae; Halomonas
17f3e34cc81c19a0b096fdfb1ee2824c	0	0	0	0	0	0	0	0	0	0	0	0	0	0	0	0	0	0	0	0	0	0	6	0	0	0	0	0	0	0	Bacteria; Actinobacteria; Actinobacteria; Micrococcales; Promicromonosporaceae; Promicromonospora
61570b1639c6b055e1cfa69ad9a64e79	0	0	0	0	0	0	0	0	0	0	0	0	0	0	0	0	0	0	0	0	0	0	6	0	0	0	0	0	0	0	Bacteria; Proteobacteria; Gammaproteobacteria; Enterobacteriales; Enterobacteriaceae; Unidentified_Enterobacteriaceae
a9a9b6b83c7e37adba98b756e81d073d	0	0	0	0	0	0	0	0	0	0	0	0	0	0	0	0	0	0	0	0	0	0	6	0	0	0	0	0	0	0	Bacteria; Actinobacteria; Thermoleophilia; Gaiellales; uncultured; uncultured_bacterium
aa1667e0ce9dd806c41fcf3f27dab6e0	0	0	0	0	0	0	0	0	0	0	0	0	0	0	0	0	0	0	0	0	0	0	6	0	0	0	0	0	0	0	Bacteria; Proteobacteria; Gammaproteobacteria; Enterobacteriales; Enterobacteriaceae; Unidentified_Enterobacteriaceae
1b38d284ab12326b892aee1d6993a255	0	0	0	0	0	0	0	0	0	0	0	0	0	0	0	0	0	0	0	0	0	0	0	6	0	0	0	0	0	0	Bacteria; Bacteroidetes; Bacteroidia; Chitinophagales; Chitinophagaceae; Unidentified_Chitinophagaceae
a5083321fe13b44929df2ba70b574d21	0	0	0	0	0	0	0	0	0	0	0	0	0	0	0	0	0	0	0	0	0	0	0	6	0	0	0	0	0	0	Bacteria; Proteobacteria; Alphaproteobacteria; Caulobacterales; Caulobacteraceae; Phenylobacterium
05ad20a1093dd07a95da900f959ca8dc	0	0	0	0	0	0	0	0	0	0	0	0	0	0	0	0	0	0	0	0	0	0	0	6	0	0	0	0	0	0	Bacteria; Proteobacteria; Alphaproteobacteria; Rhizobiales; Rhizobiaceae; Aminobacter
de8166f33f33e0fca16f1def3ea5d6f1	0	0	0	0	0	0	0	0	0	0	0	0	0	0	0	0	0	0	0	0	0	0	0	6	0	0	0	0	0	0	Bacteria; Proteobacteria; Gammaproteobacteria; Xanthomonadales; Rhodanobacteraceae; Rhodanobacter
a537d8bab85c83b0e74c73c55790324b	0	0	0	0	0	0	0	0	0	0	0	0	0	0	0	0	0	0	0	0	0	0	0	6	0	0	0	0	0	0	Bacteria; Proteobacteria; Alphaproteobacteria; Caulobacterales; Caulobacteraceae; Brevundimonas
ae1287a1e73a13da2da507a341ee4d33	0	0	0	0	0	0	0	0	0	0	0	0	0	0	0	0	0	0	0	0	0	0	0	6	0	0	0	0	0	0	Bacteria; Armatimonadetes; Fimbriimonadia; Fimbriimonadales; Fimbriimonadaceae; Unidentified_Fimbriimonadaceae
9a5ef65f1b4c0a3140b0f46541113b15	0	0	0	0	0	0	0	0	0	0	0	0	0	0	0	0	0	0	0	0	0	0	0	6	0	0	0	0	0	0	Bacteria; Bacteroidetes; Bacteroidia; Chitinophagales; Chitinophagaceae; Arachidicoccus
6eee906ac6e316e7e92bb45a3beae8e3	0	0	0	0	0	0	0	0	0	0	0	0	0	0	0	0	0	0	0	0	0	0	0	0	6	0	0	0	0	0	Bacteria; Proteobacteria; Alphaproteobacteria; Unidentified_Alphaproteobacteria; Unidentified_Alphaproteobacteria; Unidentified_Alphaproteobacteria
d399eaa25f87f3af3bca93dc2844c434	0	0	0	0	0	0	0	0	0	0	0	0	0	0	0	0	0	0	0	0	0	0	0	0	6	0	0	0	0	0	Bacteria; Actinobacteria; Actinobacteria; Corynebacteriales; Nocardiaceae; Nocardia
ccf0fec8ca65a1fca90e64194e743b05	0	0	0	0	0	0	0	0	0	0	0	0	0	0	0	0	0	0	0	0	0	0	0	0	6	0	0	0	0	0	Bacteria; Gemmatimonadetes; Gemmatimonadetes; Gemmatimonadales; Gemmatimonadaceae; uncultured
59990f008769f1df9d8d20d83238bcb2	0	0	0	0	0	0	0	0	0	0	0	0	0	0	0	0	0	0	0	0	0	0	0	0	6	0	0	0	0	0	Bacteria; Actinobacteria; Acidimicrobiia; Actinomarinales; uncultured; uncultured_bacterium
3ea657a76960fb5ee65e709fe39b383c	0	0	0	0	0	0	0	0	0	0	0	0	0	0	0	0	0	0	0	0	0	0	0	0	6	0	0	0	0	0	Bacteria; Proteobacteria; Deltaproteobacteria; Bdellovibrionales; Bdellovibrionaceae; Bdellovibrio
7f8daec014de5686772e7761a785028b	0	0	0	0	0	0	0	0	0	0	0	0	0	0	0	0	0	0	0	0	0	0	0	0	6	0	0	0	0	0	Bacteria; Proteobacteria; Alphaproteobacteria; Rhizobiales; uncultured; uncultured_bacterium
101c31b4026fe3ae17b4c13ebf237af8	0	0	0	0	0	0	0	0	0	0	0	0	0	0	0	0	0	0	0	0	0	0	0	0	6	0	0	0	0	0	Bacteria; Actinobacteria; Actinobacteria; Micrococcales; Microbacteriaceae; Unidentified_Microbacteriaceae
e112e0d43c3f52bfa0c7dcfefe659d22	0	0	0	0	0	0	0	0	0	0	0	0	0	0	0	0	0	0	0	0	0	0	0	0	6	0	0	0	0	0	Bacteria; Proteobacteria; Alphaproteobacteria; Rhizobiales; Kaistiaceae; Kaistia
4258f737dc7eddabe5676f2de2276614	0	0	0	0	0	0	0	0	0	0	0	0	0	0	0	0	0	0	0	0	0	0	0	0	6	0	0	0	0	0	Bacteria; Armatimonadetes; Fimbriimonadia; Fimbriimonadales; Fimbriimonadaceae; uncultured_bacterium
c09de62f706d87cee8d40bc792636d0f	0	0	0	0	0	0	0	0	0	0	0	0	0	0	0	0	0	0	0	0	0	0	0	0	6	0	0	0	0	0	Bacteria; Acidobacteria; Acidobacteriia; Subgroup_2; uncultured_bacterium; uncultured_bacterium
a3c19d08f0015af5eac4780d5d1a4a97	0	0	0	0	0	0	0	0	0	0	0	0	0	0	0	0	0	0	0	0	0	0	0	0	6	0	0	0	0	0	Bacteria; Chloroflexi; Chloroflexia; Thermomicrobiales; JG30-KF-CM45; uncultured_bacterium
337326a85dad5cdd78d9929e2a2ac9c8	0	0	0	0	0	0	0	0	0	0	0	0	0	0	0	0	0	0	0	0	0	0	0	0	6	0	0	0	0	0	Bacteria; Firmicutes; Clostridia; Clostridiales; Family_XI; Peptoniphilus
e36b8e0d29fce7c66b028a1f667c870f	0	0	0	0	0	0	0	0	0	0	0	0	0	0	0	0	0	0	0	0	0	0	0	0	6	0	0	0	0	0	Bacteria; Actinobacteria; Actinobacteria; Streptosporangiales; Thermomonosporaceae; Actinomadura
d362efb773ceda16ed941eced49bd991	0	0	0	0	0	0	0	0	0	0	0	0	0	0	0	0	0	0	0	0	0	0	0	0	6	0	0	0	0	0	Bacteria; Bacteroidetes; Bacteroidia; Cytophagales; Microscillaceae; uncultured
7aed3e728a3c4b84427ac96e9c590901	0	0	0	0	0	0	0	0	0	0	0	0	0	0	0	0	0	0	0	0	0	0	0	0	0	6	0	0	0	0	Bacteria; Chloroflexi; JG30-KF-CM66; uncultured_bacterium; uncultured_bacterium; uncultured_bacterium
f48187cb77f573793080f0bcac796bff	0	0	0	0	0	0	0	0	0	0	0	0	0	0	0	0	0	0	0	0	0	0	0	0	0	6	0	0	0	0	Bacteria; Proteobacteria; Gammaproteobacteria; Pseudomonadales; Moraxellaceae; uncultured
be949062b2d40b89e83887f3d7d24c30	0	0	0	0	0	0	0	0	0	0	0	0	0	0	0	0	0	0	0	0	0	0	0	0	0	6	0	0	0	0	Bacteria; Proteobacteria; Gammaproteobacteria; R7C24; uncultured_bacterium; uncultured_bacterium
daeb73cf5ade0ea0e5386988c3b5791c	0	0	0	0	0	0	0	0	0	0	0	0	0	0	0	0	0	0	0	0	0	0	0	0	0	6	0	0	0	0	Bacteria; Proteobacteria; Alphaproteobacteria; Rhizobiales; Rhizobiaceae; Mesorhizobium
08674d4234067eb23caac99b586aed55	0	0	0	0	0	0	0	0	0	0	0	0	0	0	0	0	0	0	0	0	0	0	0	0	0	6	0	0	0	0	Bacteria; Proteobacteria; Alphaproteobacteria; Reyranellales; Reyranellaceae; Reyranella
c53d03fd16b4aaf9e992a7a03c7e2f33	0	0	0	0	0	0	0	0	0	0	0	0	0	0	0	0	0	0	0	0	0	0	0	0	0	6	0	0	0	0	Bacteria; Planctomycetes; Planctomycetacia; Pirellulales; Pirellulaceae; Unidentified_Pirellulaceae
6ebb6fa7717e5dce22a150c0c8de6273	0	0	0	0	0	0	0	0	0	0	0	0	0	0	0	0	0	0	0	0	0	0	0	0	0	6	0	0	0	0	Bacteria; Proteobacteria; Gammaproteobacteria; Betaproteobacteriales; Burkholderiaceae; Eoetvoesia
a5d661993bd420dbb069eaab3e9ee082	0	0	0	0	0	0	0	0	0	0	0	0	0	0	0	0	0	0	0	0	0	0	0	0	0	6	0	0	0	0	Bacteria; Chloroflexi; Anaerolineae; SBR1031; A4b; uncultured_bacterium
c499b35e5eae2bafedda3e676eccecbb	0	0	0	0	0	0	0	0	0	0	0	0	0	0	0	0	0	0	0	0	0	0	0	0	0	6	0	0	0	0	Bacteria; Chloroflexi; Anaerolineae; SBR1031; A4b; uncultured_bacterium
e26be19a613ed07339cc38b855c28218	0	0	0	0	0	0	0	0	0	0	0	0	0	0	0	0	0	0	0	0	0	0	0	0	0	6	0	0	0	0	Bacteria; Bacteroidetes; Bacteroidia; Bacteroidales; Unidentified_Bacteroidales; Unidentified_Bacteroidales
3480436cc60aae920ed4506cf5bf5df6	0	0	0	0	0	0	0	0	0	0	0	0	0	0	0	0	0	0	0	0	0	0	0	0	0	6	0	0	0	0	Bacteria; Chloroflexi; Chloroflexia; Thermomicrobiales; JG30-KF-CM45; uncultured_bacterium
08a2251c9bf090bcfe6ab1e63933602f	0	0	0	0	0	0	0	0	0	0	0	0	0	0	0	0	0	0	0	0	0	0	0	0	0	6	0	0	0	0	Bacteria; Actinobacteria; Actinobacteria; Streptosporangiales; Nocardiopsaceae; Thermobifida
e47787c6748417e2489dab57df6bc2d5	0	0	0	0	0	0	0	0	0	0	0	0	0	0	0	0	0	0	0	0	0	0	0	0	0	6	0	0	0	0	Bacteria; Bacteroidetes; Bacteroidia; Chitinophagales; Chitinophagaceae; uncultured
51230903d7e21b9203459e952712f419	0	0	0	0	0	0	0	0	0	0	0	0	0	0	0	0	0	0	0	0	0	0	0	0	0	6	0	0	0	0	Bacteria; Proteobacteria; Gammaproteobacteria; Nitrosococcales; Methylophagaceae; Methylophaga
8eeaedce1b465e09be5299f3998933cf	0	0	0	0	0	0	0	0	0	0	0	0	0	0	0	0	0	0	0	0	0	0	0	0	0	6	0	0	0	0	Bacteria; Actinobacteria; Acidimicrobiia; Microtrichales; Microtrichaceae; IMCC26207
7a342fd0676a2fd8246ff6a0b13240a6	0	0	0	0	0	0	0	0	0	0	0	0	0	0	0	0	0	0	0	0	0	0	0	0	0	6	0	0	0	0	Bacteria; Bacteroidetes; Bacteroidia; Chitinophagales; Chitinophagaceae; uncultured
5cebddd1d1765072373d814892f67a0a	0	0	0	0	0	0	0	0	0	0	0	0	0	0	0	0	0	0	0	0	0	0	0	0	0	6	0	0	0	0	Bacteria; Proteobacteria; Alphaproteobacteria; Caulobacterales; Caulobacteraceae; Caulobacter
a605c5a415ac8317d80d4f88c6609539	0	0	0	0	0	0	0	0	0	0	0	0	0	0	0	0	0	0	0	0	0	0	0	0	0	6	0	0	0	0	Bacteria; Actinobacteria; Acidimicrobiia; Microtrichales; uncultured; uncultured_Acidimicrobidae_bacterium
2470d797d9075d55fd0751bc00a62c1e	0	0	0	0	0	0	0	0	0	0	0	0	0	0	0	0	0	0	0	0	0	0	0	0	0	2	0	0	4	0	Bacteria; Bacteroidetes; Bacteroidia; Flavobacteriales; Crocinitomicaceae; Fluviicola
a735493010615f86f8201b93f65d623b	0	0	0	0	0	0	0	0	0	0	0	0	0	0	0	0	0	0	0	0	0	0	0	0	0	0	6	0	0	0	Bacteria; Actinobacteria; Thermoleophilia; Gaiellales; uncultured; uncultured_bacterium
4fbb02d647bfca4aba2885c7078f84e4	0	0	0	0	0	0	0	0	0	0	0	0	0	0	0	0	0	0	0	0	0	0	0	0	0	0	6	0	0	0	Bacteria; Actinobacteria; Actinobacteria; Micrococcales; Dermabacteraceae; Brachybacterium
096aa644f011b59375d9802e0bfec950	0	0	0	0	0	0	0	0	0	0	0	0	0	0	0	0	0	0	0	0	0	0	0	0	0	0	6	0	0	0	Bacteria; Actinobacteria; Actinobacteria; Pseudonocardiales; Pseudonocardiaceae; Saccharomonospora
c9394e03011777971b52eb291c9c80c0	0	0	0	0	0	0	0	0	0	0	0	0	0	0	0	0	0	0	0	0	0	0	0	0	0	0	6	0	0	0	Bacteria; Chloroflexi; Anaerolineae; SBR1031; A4b; uncultured_bacterium
f590a918844bebb0426e6566b658b629	0	0	0	0	0	0	0	0	0	0	0	0	0	0	0	0	0	0	0	0	0	0	0	0	0	0	6	0	0	0	Bacteria; Firmicutes; Bacilli; Bacillales; Paenibacillaceae; Paenibacillus
e597d8ac6888316001b9aea5af739fa7	0	0	0	0	0	0	0	0	0	0	0	0	0	0	0	0	0	0	0	0	0	0	0	0	0	0	6	0	0	0	Bacteria; Firmicutes; Bacilli; Bacillales; Bacillales; Bacillales
2c1883e62f9b0f917d7747f4018eaa66	0	0	0	0	0	0	0	0	0	0	0	0	0	0	0	0	0	0	0	0	0	0	0	0	0	0	6	0	0	0	Bacteria; Bacteroidetes; Bacteroidia; Chitinophagales; Chitinophagaceae; Taibaiella
a1d85bc6ac092c8989b2d2b8ef533f99	0	0	0	0	0	0	0	0	0	0	0	0	0	0	0	0	0	0	0	0	0	0	0	0	0	0	2	4	0	0	Bacteria; Proteobacteria; Deltaproteobacteria; Bdellovibrionales; Bdellovibrionaceae; Bdellovibrio
ecd375b3c3359778083793d9d5e72557	0	0	0	0	0	0	0	0	0	0	0	0	0	0	0	0	0	0	0	0	0	0	0	0	0	0	0	6	0	0	Bacteria; Patescibacteria; Saccharimonadia; Saccharimonadales; uncultured_bacterium; uncultured_bacterium
23428b9dcef6c8ebde0eb12a6cfcf618	0	0	0	0	0	0	0	0	0	0	0	0	0	0	0	0	0	0	0	0	0	0	0	0	0	0	0	6	0	0	Bacteria; Planctomycetes; Planctomycetacia; Pirellulales; Pirellulaceae; Pir4_lineage
bcfe98302d5bf5198f5d4dc5599baba7	0	0	0	0	0	0	0	0	0	0	0	0	0	0	0	0	0	0	0	0	0	0	0	0	0	0	0	6	0	0	Bacteria; Bacteroidetes; Bacteroidia; Chitinophagales; Chitinophagaceae; uncultured
73f38ccc6ca04dccee676e6be1935dd0	0	0	0	0	0	0	0	0	0	0	0	0	0	0	0	0	0	0	0	0	0	0	0	0	0	0	0	6	0	0	Bacteria; Bacteroidetes; Bacteroidia; Chitinophagales; Chitinophagaceae; uncultured
ce9bffc0ae19881a124004f17d08c722	0	0	0	0	0	0	0	0	0	0	0	0	0	0	0	0	0	0	0	0	0	0	0	0	0	0	0	6	0	0	Bacteria; Bacteroidetes; Bacteroidia; Sphingobacteriales; Sphingobacteriaceae; Pedobacter
85b8b08d50f01424eea1725246f46a71	0	0	0	0	0	0	0	0	0	0	0	0	0	0	0	0	0	0	0	0	0	0	0	0	0	0	0	6	0	0	Bacteria; Firmicutes; Bacilli; Bacillales; Bacillaceae; Bacillus
fa4885b92e164beae41028291cf31bbd	0	0	0	0	0	0	0	0	0	0	0	0	0	0	0	0	0	0	0	0	0	0	0	0	0	0	0	6	0	0	Bacteria; Planctomycetes; Planctomycetacia; Pirellulales; Pirellulaceae; Pirellula
c4704dedee7698d20bc10f60e2d81201	0	0	0	0	0	0	0	0	0	0	0	0	0	0	0	0	0	0	0	0	0	0	0	0	0	0	0	6	0	0	Bacteria; Tenericutes; Mollicutes; Izimaplasmatales; uncultured_bacterium; uncultured_bacterium
5ca43d87563cd95e2e0f639c9cee7925	0	0	0	0	0	0	0	0	0	0	0	0	0	0	0	0	0	0	0	0	0	0	0	0	0	0	0	6	0	0	Bacteria; Chloroflexi; Chloroflexia; Kallotenuales; AKIW781; uncultured_bacterium
7e5c2738f9e8c546e0fb59f7255a3190	0	0	0	0	0	0	0	0	0	0	0	0	0	0	0	0	0	0	0	0	0	0	0	0	0	0	0	6	0	0	Bacteria; Chloroflexi; Anaerolineae; Caldilineales; Caldilineaceae; Unidentified_Caldilineaceae
45b3c9a57932deb154b0b923aba5a6bb	0	0	0	0	0	0	0	0	0	0	0	0	0	0	0	0	0	0	0	0	0	0	0	0	0	0	0	6	0	0	Bacteria; Proteobacteria; Deltaproteobacteria; Myxococcales; Unidentified_Myxococcales; Unidentified_Myxococcales
53fb4f73c13bdfc35d694a93dc6f1f63	0	0	0	0	0	0	0	0	0	0	0	0	0	0	0	0	0	0	0	0	0	0	0	0	0	0	0	6	0	0	Bacteria; Planctomycetes; Phycisphaerae; Tepidisphaerales; WD2101_soil_group; uncultured_bacterium
e3a1bbf97be8858fef4d698607717987	0	0	0	0	0	0	0	0	0	0	0	0	0	0	0	0	0	0	0	0	0	0	0	0	0	0	0	6	0	0	Bacteria; Proteobacteria; Alphaproteobacteria; Azospirillales; Azospirillaceae; Azospirillum
511ea0b34f48fafed064825781f58432	0	0	0	0	0	0	0	0	0	0	0	0	0	0	0	0	0	0	0	0	0	0	0	0	0	0	0	6	0	0	Bacteria; Planctomycetes; Phycisphaerae; Phycisphaerales; Phycisphaeraceae; SM1A02
d7d48fe09c2c62283083219921b98624	0	0	0	0	0	0	0	0	0	0	0	0	0	0	0	0	0	0	0	0	0	0	0	0	0	0	0	6	0	0	Bacteria; Proteobacteria; Alphaproteobacteria; Micavibrionales; uncultured; uncultured_bacterium
81fe5fd07f40e598c2580c6a65faa181	0	0	0	0	0	0	0	0	0	0	0	0	0	0	0	0	0	0	0	0	0	0	0	0	0	0	0	6	0	0	Bacteria; Gemmatimonadetes; Gemmatimonadetes; Gemmatimonadales; Gemmatimonadaceae; Unidentified_Gemmatimonadaceae
93b4fcd59945699b4c63b9dee007be26	0	0	0	0	0	0	0	0	0	0	0	0	0	0	0	0	0	0	0	0	0	0	0	0	0	0	0	6	0	0	Bacteria; Bacteroidetes; Bacteroidia; Cytophagales; Cyclobacteriaceae; uncultured
fa68ebf96972084151a61ebe14ee4d83	0	0	0	0	0	0	0	0	0	0	0	0	0	0	0	0	0	0	0	0	0	0	0	0	0	0	0	6	0	0	Bacteria; Chloroflexi; Anaerolineae; Anaerolineales; Anaerolineaceae; uncultured
61c7260969273e5fac75bc538c2dd383	0	0	0	0	0	0	0	0	0	0	0	0	0	0	0	0	0	0	0	0	0	0	0	0	0	0	0	6	0	0	Bacteria; Firmicutes; Bacilli; Bacillales; Bacillaceae; Gracilibacillus
b6d64bd5046988f6f3bfa44bbbb833bc	0	0	0	0	0	0	0	0	0	0	0	0	0	0	0	0	0	0	0	0	0	0	0	0	0	0	0	6	0	0	Bacteria; Fibrobacteres; Fibrobacteria; Fibrobacterales; Fibrobacteraceae; uncultured
dcc116339addc9e8a496dc8515b5827d	0	0	0	0	0	0	0	0	0	0	0	0	0	0	0	0	0	0	0	0	0	0	0	0	0	0	0	6	0	0	Bacteria; Proteobacteria; Gammaproteobacteria; Unidentified_Gammaproteobacteria; Unidentified_Gammaproteobacteria; Unidentified_Gammaproteobacteria
df9391e2e0b2a449bd04e8529e70c5a4	0	0	0	0	0	0	0	0	0	0	0	0	0	0	0	0	0	0	0	0	0	0	0	0	0	0	0	6	0	0	Bacteria; Verrucomicrobia; Verrucomicrobiae; Verrucomicrobiales; Rubritaleaceae; Luteolibacter
7ba9fcb0ac0dde7de28bca8f081e4bc7	0	0	0	0	0	0	0	0	0	0	0	0	0	0	0	0	0	0	0	0	0	0	0	0	0	0	0	6	0	0	Bacteria; Proteobacteria; Deltaproteobacteria; Desulfarculales; Desulfarculaceae; Unidentified_Desulfarculaceae
23a146178bfa4c80812aedcca43103c5	0	0	0	0	0	0	0	0	0	0	0	0	0	0	0	0	0	0	0	0	0	0	0	0	0	0	0	6	0	0	Bacteria; Proteobacteria; Deltaproteobacteria; Myxococcales; Sandaracinaceae; Unidentified_Sandaracinaceae
818ccd2ecc3699f14e3f397917edebe3	0	0	0	0	0	0	0	0	0	0	0	0	0	0	0	0	0	0	0	0	0	0	0	0	0	0	0	6	0	0	Bacteria; Bacteroidetes; Bacteroidia; Cytophagales; Amoebophilaceae; Candidatus_Amoebophilus
a330950037605d55a585323dc6cefa73	0	0	0	0	0	0	0	0	0	0	0	0	0	0	0	0	0	0	0	0	0	0	0	0	0	0	0	4	0	2	Bacteria; Proteobacteria; Deltaproteobacteria; Bdellovibrionales; Bdellovibrionaceae; Bdellovibrio
50c1adc394d69456bab0180bd2d25d57	0	0	0	0	0	0	0	0	0	0	0	0	0	0	0	0	0	0	0	0	0	0	0	0	0	0	0	0	6	0	Bacteria; Bacteroidetes; Bacteroidia; Chitinophagales; Chitinophagaceae; Sediminibacterium
b7211c7c9bc3bf6139064e0d2e932e19	0	0	0	0	0	0	0	0	0	0	0	0	0	0	0	0	0	0	0	0	0	0	0	0	0	0	0	0	6	0	Bacteria; Proteobacteria; Deltaproteobacteria; Bdellovibrionales; Bdellovibrionaceae; Bdellovibrio
bc0cb9f3728e83ef9afd2bcdbae02083	0	0	0	0	0	0	0	0	0	0	0	0	0	0	0	0	0	0	0	0	0	0	0	0	0	0	0	0	6	0	Bacteria; Actinobacteria; Thermoleophilia; Solirubrobacterales; 67-14; uncultured_bacterium
562d459f084c42e52e8c0cd5f1e2c9ab	0	0	0	0	0	0	0	0	0	0	0	0	0	0	0	0	0	0	0	0	0	0	0	0	0	0	0	0	6	0	Bacteria; Proteobacteria; Gammaproteobacteria; Unidentified_Gammaproteobacteria; Unidentified_Gammaproteobacteria; Unidentified_Gammaproteobacteria
288a1ffe4d09e54fcc876986ca3a755f	0	0	0	0	0	0	0	0	0	0	0	0	0	0	0	0	0	0	0	0	0	0	0	0	0	0	0	0	6	0	Bacteria; Proteobacteria; Deltaproteobacteria; Bdellovibrionales; Bdellovibrionaceae; Bdellovibrio
f94a3f54e76f0477b6d81a5077a57bde	0	0	0	0	0	0	0	0	0	0	0	0	0	0	0	0	0	0	0	0	0	0	0	0	0	0	0	0	6	0	Bacteria; Proteobacteria; Alphaproteobacteria; uncultured; Unidentified_uncultured_Alphaproteobacteria; Unidentified_uncultured_Alphaproteobacteria
1fce319815f7f4120808cd0d32b6ddce	0	0	0	0	0	0	0	0	0	0	0	0	0	0	0	0	0	0	0	0	0	0	0	0	0	0	0	0	6	0	Bacteria; Bacteroidetes; Bacteroidia; Cytophagales; Unidentified_Cytophagales; Unidentified_Cytophagales
ebb042ca1732eee2a2c7c51e5ce06bea	0	0	0	0	0	0	0	0	0	0	0	0	0	0	0	0	0	0	0	0	0	0	0	0	0	0	0	0	6	0	Bacteria; Actinobacteria; Thermoleophilia; Solirubrobacterales; 67-14; Unidentified
c372a81bad6ad7e157ffafc0ca0685a8	0	0	0	0	0	0	0	0	0	0	0	0	0	0	0	0	0	0	0	0	0	0	0	0	0	0	0	0	6	0	Bacteria; Firmicutes; Clostridia; Clostridiales; Lachnospiraceae; Unidentified_Lachnospiraceae
56552c56dbe8f5f216fad83998a439a6	0	0	0	0	0	0	0	0	0	0	0	0	0	0	0	0	0	0	0	0	0	0	0	0	0	0	0	0	6	0	Bacteria; Firmicutes; Clostridia; Clostridiales; Clostridiaceae_1; Clostridium_sensu_stricto_12
067f71c2036e06becbf2eb9391a846a2	0	0	0	0	0	0	0	0	0	0	0	0	0	0	0	0	0	0	0	0	0	0	0	0	0	0	0	0	6	0	Bacteria; Actinobacteria; Actinobacteria; Glycomycetales; Glycomycetaceae; Glycomyces
1a1ea955dbd2c95b8e0c64a6b7c34a8b	0	0	0	0	0	0	0	0	0	0	0	0	0	0	0	0	0	0	0	0	0	0	0	0	0	0	0	0	6	0	Bacteria; Chloroflexi; JG30-KF-CM66; uncultured_bacterium; uncultured_bacterium; uncultured_bacterium
cdd2e21d614663a0bdcdceba302bcb10	0	0	0	0	0	0	0	0	0	0	0	0	0	0	0	0	0	0	0	0	0	0	0	0	0	0	0	0	6	0	Bacteria; Proteobacteria; Alphaproteobacteria; Rickettsiales; Unidentified_Rickettsiales; Unidentified_Rickettsiales
1780f0e3a34c23529a4d1c7cb511eedf	0	0	0	0	0	0	0	0	0	0	0	0	0	0	0	0	0	0	0	0	0	0	0	0	0	0	0	0	6	0	Bacteria; Chloroflexi; Anaerolineae; SBR1031; A4b; uncultured_bacterium
8a68c8db022b5564aae8f77febb9ff22	0	0	0	0	0	0	0	0	0	0	0	0	0	0	0	0	0	0	0	0	0	0	0	0	0	0	0	0	6	0	Bacteria; Planctomycetes; Phycisphaerae; Phycisphaerales; Phycisphaeraceae; SM1A02
fb02152d432a666f302a5de3d494bc27	0	0	0	0	0	0	0	0	0	0	0	0	0	0	0	0	0	0	0	0	0	0	0	0	0	0	0	0	6	0	Bacteria; Firmicutes; Clostridia; Clostridiales; Lachnospiraceae; Blautia
60f2a09ccadefb0336b688a854fd1e0d	0	0	0	0	0	0	0	0	0	0	0	0	0	0	0	0	0	0	0	0	0	0	0	0	0	0	0	0	0	6	Bacteria; Proteobacteria; Deltaproteobacteria; Myxococcales; KD3-10; uncultured_bacterium
75ea5cf1c6f046083d1b8a4c8e8d3c05	0	0	0	0	0	0	0	0	0	0	0	0	0	0	0	0	0	0	0	0	0	0	0	0	0	0	0	0	0	6	Bacteria; Proteobacteria; Alphaproteobacteria; Reyranellales; Reyranellaceae; Reyranella
6efe169cf57a14de7000e7b54dc0298e	0	0	0	0	0	0	0	0	0	0	0	0	0	0	0	0	0	0	0	0	0	0	0	0	0	0	0	0	0	6	Bacteria; Actinobacteria; Thermoleophilia; Solirubrobacterales; 67-14; uncultured_bacterium
122a291da4a9aba1d422c0ba668a3e50	0	0	0	0	0	0	0	0	0	0	0	0	0	0	0	0	0	0	0	0	0	0	0	0	0	0	0	0	0	6	Bacteria; Dependentiae; Babeliae; Babeliales; Unidentified_Babeliales; Unidentified_Babeliales
5391a760f5d2b691085bbcff1d36dcf9	0	0	0	0	0	0	0	0	0	0	0	0	0	0	0	0	0	0	0	0	0	0	0	0	0	0	0	0	0	6	Bacteria; Bacteroidetes; Bacteroidia; Cytophagales; Spirosomaceae; Dyadobacter
7ccc8074cbb976eb2f599cc326023260	0	0	0	0	0	0	0	0	0	0	0	0	0	0	0	0	0	0	0	0	0	0	0	0	0	0	0	0	0	6	Bacteria; Acidobacteria; Acidobacteriia; Solibacterales; Solibacteraceae_(Subgroup_3); Candidatus_Solibacter
cf836aeeef4dfdb01c3ab032df68b612	0	0	0	0	0	0	0	0	0	0	0	0	0	0	0	0	0	0	0	0	0	0	0	0	0	0	0	0	0	6	Bacteria; Verrucomicrobia; Verrucomicrobiae; Chthoniobacterales; 01D2Z36; Unidentified
8a99025ba9415f84c3820348289ab75a	0	0	0	0	0	0	0	0	0	0	0	0	0	0	0	0	0	0	0	0	0	0	0	0	0	0	0	0	0	6	Bacteria; Acidobacteria; Acidobacteriia; Solibacterales; Solibacteraceae_(Subgroup_3); Bryobacter
8b2d61f8454e538234a5a6662a7d9a6e	0	0	0	0	0	0	0	0	0	0	0	0	0	0	0	0	0	0	0	0	0	0	0	0	0	0	0	0	0	6	Bacteria; Proteobacteria; Alphaproteobacteria; Micavibrionales; Unidentified_Micavibrionales; Unidentified_Micavibrionales
5a1160e34768ff78a364927dd43387dd	0	0	0	0	0	0	0	0	0	0	0	0	0	0	0	0	0	0	0	0	0	0	0	0	0	0	0	0	0	6	Bacteria; Firmicutes; Clostridia; Clostridiales; Ruminococcaceae; Caproiciproducens
97664d1d13be672de6bce708c584b517	0	0	0	0	0	0	0	0	0	0	0	0	0	0	0	0	0	0	0	0	0	0	0	0	0	0	0	0	0	6	Bacteria; Firmicutes; Clostridia; Clostridiales; Christensenellaceae; Christensenellaceae_R-7_group
a45af1a4bbc686d4e97694dc9773fa53	0	0	0	0	0	0	0	0	0	0	0	0	0	0	0	0	0	0	0	0	0	0	0	0	0	0	0	0	0	6	Bacteria; Firmicutes; Bacilli; Bacillales; Paenibacillaceae; Paenibacillus
40a486e798ac6e68f0834670656c63d9	0	0	0	0	0	0	0	0	0	0	0	0	0	0	0	0	0	0	0	0	0	0	0	0	0	0	0	0	0	6	Bacteria; Proteobacteria; Alphaproteobacteria; Rhizobiales; Unidentified_Rhizobiales; Unidentified_Rhizobiales
deb14d1a240c2783706d8fac9f380c18	0	0	0	0	0	0	0	0	0	0	0	0	0	0	0	0	0	0	0	0	0	0	0	0	0	0	0	0	0	6	Bacteria; Bacteroidetes; Bacteroidia; Cytophagales; Cytophagaceae; Sporocytophaga
e1e795e625a7bdb1e82c51774eaf74af	4	0	0	0	0	0	0	0	0	0	0	0	0	0	0	0	0	0	0	0	0	0	0	0	0	0	0	0	0	0	Bacteria; Proteobacteria; Gammaproteobacteria; Betaproteobacteriales; Burkholderiaceae; Burkholderia-Caballeronia-Paraburkholderia
54efaf2d4747d73ce053ffea71c57120	4	0	0	0	0	0	0	0	0	0	0	0	0	0	0	0	0	0	0	0	0	0	0	0	0	0	0	0	0	0	Bacteria; Proteobacteria; Gammaproteobacteria; Pseudomonadales; Pseudomonadaceae; Pseudomonas
22b3c70cdfb1714224e1bf8a6314bee9	0	4	0	0	0	0	0	0	0	0	0	0	0	0	0	0	0	0	0	0	0	0	0	0	0	0	0	0	0	0	Bacteria; Firmicutes; Clostridia; Clostridiales; Family_XI; Finegoldia
ec180ccaf289ca82d543bced2bcc825f	0	4	0	0	0	0	0	0	0	0	0	0	0	0	0	0	0	0	0	0	0	0	0	0	0	0	0	0	0	0	Bacteria; Proteobacteria; Gammaproteobacteria; Pseudomonadales; Pseudomonadaceae; Pseudomonas
da56caaf70fba0d169521fe097236c08	0	0	4	0	0	0	0	0	0	0	0	0	0	0	0	0	0	0	0	0	0	0	0	0	0	0	0	0	0	0	Bacteria; Proteobacteria; Gammaproteobacteria; Xanthomonadales; Xanthomonadaceae; Stenotrophomonas
a01722619bbc31a6942ed724bd40abbc	0	0	0	4	0	0	0	0	0	0	0	0	0	0	0	0	0	0	0	0	0	0	0	0	0	0	0	0	0	0	Bacteria; Proteobacteria; Gammaproteobacteria; Pseudomonadales; Moraxellaceae; Acinetobacter
f0dc09fa4e139e5abfc9913f313d447f	0	0	0	4	0	0	0	0	0	0	0	0	0	0	0	0	0	0	0	0	0	0	0	0	0	0	0	0	0	0	Bacteria; Proteobacteria; Gammaproteobacteria; Enterobacteriales; Enterobacteriaceae; Unidentified_Enterobacteriaceae
4c4331dcf574061560e22a5ae5eedc4b	0	0	0	4	0	0	0	0	0	0	0	0	0	0	0	0	0	0	0	0	0	0	0	0	0	0	0	0	0	0	Bacteria; Firmicutes; Bacilli; Bacillales; Paenibacillaceae; Paenibacillus
49dd0b2f5bea6f8c0da78f3e59b323a7	0	0	0	0	4	0	0	0	0	0	0	0	0	0	0	0	0	0	0	0	0	0	0	0	0	0	0	0	0	0	Bacteria; Proteobacteria; Gammaproteobacteria; Enterobacteriales; Enterobacteriaceae; Unidentified_Enterobacteriaceae
ad719a561c48d754f1d063f6f4965c60	0	0	0	0	0	4	0	0	0	0	0	0	0	0	0	0	0	0	0	0	0	0	0	0	0	0	0	0	0	0	Bacteria; Proteobacteria; Gammaproteobacteria; Enterobacteriales; Enterobacteriaceae; Unidentified_Enterobacteriaceae
c577c8537feeb9f32f4beae3c055e22f	0	0	0	0	0	4	0	0	0	0	0	0	0	0	0	0	0	0	0	0	0	0	0	0	0	0	0	0	0	0	Bacteria; Proteobacteria; Gammaproteobacteria; Betaproteobacteriales; Burkholderiaceae; Massilia
8bf7d0adad37dc619952e3dfe011d247	0	0	0	0	0	2	0	0	0	0	0	0	0	0	2	0	0	0	0	0	0	0	0	0	0	0	0	0	0	0	Bacteria; Patescibacteria; Parcubacteria; Candidatus_Adlerbacteria; metagenome; metagenome
204973e524b9797c9306445b08cbae3a	0	0	0	0	0	2	0	0	0	0	0	0	0	0	0	0	0	0	0	0	0	0	0	0	0	0	0	2	0	0	Bacteria; Bacteroidetes; Bacteroidia; Sphingobacteriales; env.OPS_17; Unidentified
06c8dcef13906a67d3b8cce5bfd13811	0	0	0	0	0	0	4	0	0	0	0	0	0	0	0	0	0	0	0	0	0	0	0	0	0	0	0	0	0	0	Bacteria; Proteobacteria; Gammaproteobacteria; Enterobacteriales; Enterobacteriaceae; Unidentified_Enterobacteriaceae
006c1b3df35ad5ab46a84037b7609463	0	0	0	0	0	0	4	0	0	0	0	0	0	0	0	0	0	0	0	0	0	0	0	0	0	0	0	0	0	0	Bacteria; Proteobacteria; Gammaproteobacteria; Pseudomonadales; Pseudomonadaceae; Pseudomonas
69cfe628e276c92aaa842e1ef84a18b0	0	0	0	0	0	0	4	0	0	0	0	0	0	0	0	0	0	0	0	0	0	0	0	0	0	0	0	0	0	0	Bacteria; Actinobacteria; Thermoleophilia; Solirubrobacterales; 67-14; uncultured_bacterium
51e8396dfbd593e01c5f054e41fbedf1	0	0	0	0	0	0	0	4	0	0	0	0	0	0	0	0	0	0	0	0	0	0	0	0	0	0	0	0	0	0	Bacteria; Actinobacteria; Actinobacteria; Micrococcales; Micrococcaceae; Glutamicibacter
61cfd628baab75d05749bc746a424697	0	0	0	0	0	0	0	4	0	0	0	0	0	0	0	0	0	0	0	0	0	0	0	0	0	0	0	0	0	0	Bacteria; Bacteroidetes; Bacteroidia; Bacteroidales; Dysgonomonadaceae; Dysgonomonas
6dab3ce4f62e7ab36394051e3456a2ff	0	0	0	0	0	0	0	4	0	0	0	0	0	0	0	0	0	0	0	0	0	0	0	0	0	0	0	0	0	0	Bacteria; Proteobacteria; Gammaproteobacteria; Enterobacteriales; Enterobacteriaceae; Unidentified_Enterobacteriaceae
8f820a46cfecd19477f4485d1c436764	0	0	0	0	0	0	0	4	0	0	0	0	0	0	0	0	0	0	0	0	0	0	0	0	0	0	0	0	0	0	Bacteria; Proteobacteria; Gammaproteobacteria; Xanthomonadales; Xanthomonadaceae; Pseudoxanthomonas
f92cda333f3f4b662e3fc5274cb6cf0d	0	0	0	0	0	0	0	0	4	0	0	0	0	0	0	0	0	0	0	0	0	0	0	0	0	0	0	0	0	0	Bacteria; Firmicutes; Bacilli; Bacillales; Bacillaceae; Bacillus
eabdbf5148ec1b25b63afda839e5a241	0	0	0	0	0	0	0	0	4	0	0	0	0	0	0	0	0	0	0	0	0	0	0	0	0	0	0	0	0	0	Bacteria; Actinobacteria; Actinobacteria; Micrococcales; Brevibacteriaceae; Brevibacterium
452e056d96fc3a155645ad62e8190ba9	0	0	0	0	0	0	0	0	0	4	0	0	0	0	0	0	0	0	0	0	0	0	0	0	0	0	0	0	0	0	Bacteria; Proteobacteria; Gammaproteobacteria; Xanthomonadales; Rhodanobacteraceae; Dyella
403734201704796366049273bf325ea9	0	0	0	0	0	0	0	0	0	4	0	0	0	0	0	0	0	0	0	0	0	0	0	0	0	0	0	0	0	0	Bacteria; Proteobacteria; Gammaproteobacteria; Betaproteobacteriales; Burkholderiaceae; Ralstonia
4de534ed91c121b7ae902da87f750864	0	0	0	0	0	0	0	0	0	4	0	0	0	0	0	0	0	0	0	0	0	0	0	0	0	0	0	0	0	0	Bacteria; Firmicutes; Clostridia; Clostridiales; Christensenellaceae; Unidentified_Christensenellaceae
ae6c143ce46f5797c4ff473bbb4b0ba4	0	0	0	0	0	0	0	0	0	4	0	0	0	0	0	0	0	0	0	0	0	0	0	0	0	0	0	0	0	0	Bacteria; Proteobacteria; Gammaproteobacteria; Enterobacteriales; Enterobacteriaceae; Unidentified_Enterobacteriaceae
da3cf40a1f3eab0e224ce149ed8ccdaf	0	0	0	0	0	0	0	0	0	4	0	0	0	0	0	0	0	0	0	0	0	0	0	0	0	0	0	0	0	0	Bacteria; Proteobacteria; Alphaproteobacteria; Reyranellales; Reyranellaceae; Reyranella
5c226d2b986f3bcc1053542ec74690ae	0	0	0	0	0	0	0	0	0	4	0	0	0	0	0	0	0	0	0	0	0	0	0	0	0	0	0	0	0	0	Bacteria; Firmicutes; Bacilli; Bacillales; Bacillaceae; Bacillus
15ed8108e94ece4cab5b71aeff9a09b2	0	0	0	0	0	0	0	0	0	4	0	0	0	0	0	0	0	0	0	0	0	0	0	0	0	0	0	0	0	0	Bacteria; Bacteroidetes; Bacteroidia; Bacteroidales; Prevotellaceae; Alloprevotella
e2bd3a9338e344ff658675239fdea3ff	0	0	0	0	0	0	0	0	0	0	4	0	0	0	0	0	0	0	0	0	0	0	0	0	0	0	0	0	0	0	Bacteria; Actinobacteria; Actinobacteria; Corynebacteriales; Corynebacteriaceae; Corynebacterium_1
b985632755905cf467f7eef6fbb49d7f	0	0	0	0	0	0	0	0	0	0	4	0	0	0	0	0	0	0	0	0	0	0	0	0	0	0	0	0	0	0	Bacteria; Actinobacteria; Actinobacteria; Streptomycetales; Streptomycetaceae; Streptomyces
c294dd1908dfdb5139801d8e840febee	0	0	0	0	0	0	0	0	0	0	4	0	0	0	0	0	0	0	0	0	0	0	0	0	0	0	0	0	0	0	Bacteria; Firmicutes; Clostridia; Clostridiales; Christensenellaceae; Christensenellaceae_R-7_group
59d645636b472063a97f7264f8f0686f	0	0	0	0	0	0	0	0	0	0	4	0	0	0	0	0	0	0	0	0	0	0	0	0	0	0	0	0	0	0	Bacteria; Proteobacteria; Alphaproteobacteria; Caulobacterales; Caulobacteraceae; Asticcacaulis
1a65e440f191e68c40aaa96cd9d41003	0	0	0	0	0	0	0	0	0	0	0	4	0	0	0	0	0	0	0	0	0	0	0	0	0	0	0	0	0	0	Bacteria; Proteobacteria; Gammaproteobacteria; Enterobacteriales; Enterobacteriaceae; Kluyvera
fe233c0ae4ae789e65f3dcffa6bf2cfe	0	0	0	0	0	0	0	0	0	0	0	0	4	0	0	0	0	0	0	0	0	0	0	0	0	0	0	0	0	0	Bacteria; Proteobacteria; Gammaproteobacteria; Betaproteobacteriales; Burkholderiaceae; Ralstonia
038eb158af1e0684706c2d8e6eadbfa3	0	0	0	0	0	0	0	0	0	0	0	0	4	0	0	0	0	0	0	0	0	0	0	0	0	0	0	0	0	0	Bacteria; Actinobacteria; Actinobacteria; Streptomycetales; Streptomycetaceae; Streptomyces
404dd44c9ca9b89899447220f28ca50a	0	0	0	0	0	0	0	0	0	0	0	0	4	0	0	0	0	0	0	0	0	0	0	0	0	0	0	0	0	0	Bacteria; Proteobacteria; Gammaproteobacteria; Betaproteobacteriales; Burkholderiaceae; Undibacterium
b63edd27d66cb22a08a048ce4e488c09	0	0	0	0	0	0	0	0	0	0	0	0	4	0	0	0	0	0	0	0	0	0	0	0	0	0	0	0	0	0	Bacteria; Acidobacteria; Holophagae; Holophagales; Holophagaceae; Unidentified_Holophagaceae
4cbd4c24a06bb14ced0a7f89a067d109	0	0	0	0	0	0	0	0	0	0	0	0	4	0	0	0	0	0	0	0	0	0	0	0	0	0	0	0	0	0	Bacteria; Firmicutes; Bacilli; Lactobacillales; Lactobacillaceae; Lactobacillus
2c4d4de78ea50d83e9b4f878f2b5d4ed	0	0	0	0	0	0	0	0	0	0	0	0	4	0	0	0	0	0	0	0	0	0	0	0	0	0	0	0	0	0	Bacteria; Proteobacteria; Alphaproteobacteria; Rhizobiales; Beijerinckiaceae; Chelatococcus
e5d89feaf43722b15d9f4dfdc08ddea6	0	0	0	0	0	0	0	0	0	0	0	0	2	0	0	2	0	0	0	0	0	0	0	0	0	0	0	0	0	0	Bacteria; Proteobacteria; Alphaproteobacteria; Dongiales; Dongiaceae; Dongia
eda87a763317de68b05666a082b49223	0	0	0	0	0	0	0	0	0	0	0	0	0	4	0	0	0	0	0	0	0	0	0	0	0	0	0	0	0	0	Bacteria; Proteobacteria; Alphaproteobacteria; Sphingomonadales; Sphingomonadaceae; Unidentified_Sphingomonadaceae
e9df86966503e42994d839ba50f21f49	0	0	0	0	0	0	0	0	0	0	0	0	0	4	0	0	0	0	0	0	0	0	0	0	0	0	0	0	0	0	Bacteria; Bacteroidetes; Bacteroidia; Sphingobacteriales; Sphingobacteriaceae; Parapedobacter
968a06b4098e8bb8a8effb801549af61	0	0	0	0	0	0	0	0	0	0	0	0	0	4	0	0	0	0	0	0	0	0	0	0	0	0	0	0	0	0	Bacteria; Proteobacteria; Alphaproteobacteria; Reyranellales; Reyranellaceae; Reyranella
7082f4662430c771a3d965d4c03a3a94	0	0	0	0	0	0	0	0	0	0	0	0	0	4	0	0	0	0	0	0	0	0	0	0	0	0	0	0	0	0	Bacteria; Proteobacteria; Alphaproteobacteria; Rhodobacterales; Rhodobacteraceae; Unidentified_Rhodobacteraceae
b7f56a12093e1510b54c7fa7a37a82ea	0	0	0	0	0	0	0	0	0	0	0	0	0	4	0	0	0	0	0	0	0	0	0	0	0	0	0	0	0	0	Bacteria; Acidobacteria; Acidobacteriia; Solibacterales; Solibacteraceae_(Subgroup_3); Bryobacter
8067c17902fc9afed1c97e24bd1856db	0	0	0	0	0	0	0	0	0	0	0	0	0	4	0	0	0	0	0	0	0	0	0	0	0	0	0	0	0	0	Bacteria; Proteobacteria; Alphaproteobacteria; Acetobacterales; Acetobacteraceae; Roseomonas
f955224ed879c5e2ca69f62227d184ca	0	0	0	0	0	0	0	0	0	0	0	0	0	4	0	0	0	0	0	0	0	0	0	0	0	0	0	0	0	0	Bacteria; Firmicutes; Bacilli; Bacillales; Paenibacillaceae; Desulfuribacillus
d3184d8c180e903ef78bbca285ac1840	0	0	0	0	0	0	0	0	0	0	0	0	0	4	0	0	0	0	0	0	0	0	0	0	0	0	0	0	0	0	Bacteria; Proteobacteria; Gammaproteobacteria; Betaproteobacteriales; Burkholderiaceae; Curvibacter
7e34f5c72da232c421e9553d7bcc9388	0	0	0	0	0	0	0	0	0	0	0	0	0	4	0	0	0	0	0	0	0	0	0	0	0	0	0	0	0	0	Bacteria; Bacteroidetes; Bacteroidia; Sphingobacteriales; Sphingobacteriaceae; Sphingobacterium
9f7b4d07d7ccf3fea6d2405bcc5f6d0d	0	0	0	0	0	0	0	0	0	0	0	0	0	2	0	2	0	0	0	0	0	0	0	0	0	0	0	0	0	0	Bacteria; Chloroflexi; Chloroflexia; Thermomicrobiales; JG30-KF-CM45; uncultured_bacterium
085f73feca8ca2716debf9fa89bbb777	0	0	0	0	0	0	0	0	0	0	0	0	0	0	4	0	0	0	0	0	0	0	0	0	0	0	0	0	0	0	Bacteria; Bacteroidetes; Bacteroidia; Sphingobacteriales; Sphingobacteriaceae; Sphingobacterium
0ecb900c9db631aafc61475d45a7b129	0	0	0	0	0	0	0	0	0	0	0	0	0	0	4	0	0	0	0	0	0	0	0	0	0	0	0	0	0	0	Bacteria; Bacteroidetes; Bacteroidia; Flavobacteriales; Weeksellaceae; Empedobacter
085acb448d6abfa2e59e2c3bc9204a99	0	0	0	0	0	0	0	0	0	0	0	0	0	0	0	4	0	0	0	0	0	0	0	0	0	0	0	0	0	0	Bacteria; Bacteroidetes; Bacteroidia; Bacteroidales; Dysgonomonadaceae; Proteiniphilum
a2e84e614b058d4735eb481722888a67	0	0	0	0	0	0	0	0	0	0	0	0	0	0	0	4	0	0	0	0	0	0	0	0	0	0	0	0	0	0	Bacteria; Bacteroidetes; Bacteroidia; Sphingobacteriales; Sphingobacteriaceae; Pedobacter
f1c28de6b3754e4f070892aa391d9685	0	0	0	0	0	0	0	0	0	0	0	0	0	0	0	4	0	0	0	0	0	0	0	0	0	0	0	0	0	0	Bacteria; Proteobacteria; Gammaproteobacteria; Xanthomonadales; Xanthomonadaceae; Luteimonas
f2a0dcaa128253dc63b1a05430c96f4f	0	0	0	0	0	0	0	0	0	0	0	0	0	0	0	4	0	0	0	0	0	0	0	0	0	0	0	0	0	0	Bacteria; Firmicutes; Bacilli; Bacillales; Bacillaceae; Bacillus
6fd64340c1af2c8bcdafce39b29e2567	0	0	0	0	0	0	0	0	0	0	0	0	0	0	0	4	0	0	0	0	0	0	0	0	0	0	0	0	0	0	Bacteria; Actinobacteria; Actinobacteria; Micrococcales; Microbacteriaceae; Leucobacter
dc8bf8882b786b67a1c731aa7fae3b18	0	0	0	0	0	0	0	0	0	0	0	0	0	0	0	4	0	0	0	0	0	0	0	0	0	0	0	0	0	0	Bacteria; Bacteroidetes; Bacteroidia; Sphingobacteriales; Sphingobacteriaceae; Sphingobacterium
7a361cf7d374e309dac332800a630f88	0	0	0	0	0	0	0	0	0	0	0	0	0	0	0	4	0	0	0	0	0	0	0	0	0	0	0	0	0	0	Bacteria; Firmicutes; Bacilli; Lactobacillales; Leuconostocaceae; Weissella
dffc0760df041ae2e72fb5b53b8c92c7	0	0	0	0	0	0	0	0	0	0	0	0	0	0	0	4	0	0	0	0	0	0	0	0	0	0	0	0	0	0	Bacteria; Firmicutes; Bacilli; Bacillales; Bacillaceae; Bacillus
4b557d47fc804cb4c9ec170190796037	0	0	0	0	0	0	0	0	0	0	0	0	0	0	0	0	4	0	0	0	0	0	0	0	0	0	0	0	0	0	Bacteria; Proteobacteria; Gammaproteobacteria; Xanthomonadales; Rhodanobacteraceae; Dyella
2d00e465ad18c4731ecf9573550ac73f	0	0	0	0	0	0	0	0	0	0	0	0	0	0	0	0	4	0	0	0	0	0	0	0	0	0	0	0	0	0	Bacteria; Proteobacteria; Alphaproteobacteria; Sphingomonadales; Sphingomonadaceae; Novosphingobium
30ba9c14f29f91fc1681e78d9aa9db2e	0	0	0	0	0	0	0	0	0	0	0	0	0	0	0	0	4	0	0	0	0	0	0	0	0	0	0	0	0	0	Bacteria; Actinobacteria; Actinobacteria; Streptomycetales; Streptomycetaceae; Streptomyces
16a533e11fe89f1fd5c10fe13095bf78	0	0	0	0	0	0	0	0	0	0	0	0	0	0	0	0	4	0	0	0	0	0	0	0	0	0	0	0	0	0	Bacteria; Bacteroidetes; Bacteroidia; Sphingobacteriales; Sphingobacteriaceae; Sphingobacterium
1f0163c657d74c3de799cb667a38295a	0	0	0	0	0	0	0	0	0	0	0	0	0	0	0	0	4	0	0	0	0	0	0	0	0	0	0	0	0	0	Bacteria; Deinococcus-Thermus; Deinococci; Deinococcales; Deinococcaceae; Deinococcus
d91c46df68ffef3e8d1bae5919163103	0	0	0	0	0	0	0	0	0	0	0	0	0	0	0	0	4	0	0	0	0	0	0	0	0	0	0	0	0	0	Bacteria; Firmicutes; Bacilli; Bacillales; Bacillaceae; Bacillus
bd32db7d77fbbbf30a3525766a0e98ea	0	0	0	0	0	0	0	0	0	0	0	0	0	0	0	0	4	0	0	0	0	0	0	0	0	0	0	0	0	0	Bacteria; Acidobacteria; Holophagae; Holophagales; Holophagaceae; Unidentified_Holophagaceae
3b812455375883bd7bfc464a67bad8af	0	0	0	0	0	0	0	0	0	0	0	0	0	0	0	0	4	0	0	0	0	0	0	0	0	0	0	0	0	0	Bacteria; Bacteroidetes; Bacteroidia; Flavobacteriales; Flavobacteriaceae; Planktosalinus
f7c69e2438f70f0c2c06c8156b5eac38	0	0	0	0	0	0	0	0	0	0	0	0	0	0	0	0	4	0	0	0	0	0	0	0	0	0	0	0	0	0	Bacteria; Actinobacteria; Actinobacteria; Streptosporangiales; Nocardiopsaceae; Nocardiopsis
3a6600fc7fb502077b72af8dac7ca73b	0	0	0	0	0	0	0	0	0	0	0	0	0	0	0	0	4	0	0	0	0	0	0	0	0	0	0	0	0	0	Bacteria; Bacteroidetes; Bacteroidia; Cytophagales; Hymenobacteraceae; Pontibacter
4d1be9b6a3819cea891c3d0774e0831c	0	0	0	0	0	0	0	0	0	0	0	0	0	0	0	0	4	0	0	0	0	0	0	0	0	0	0	0	0	0	Bacteria; Firmicutes; Bacilli; Bacillales; Bacillaceae; Bacillus
0cd6ed72c220b12c5f9b379448bd9a59	0	0	0	0	0	0	0	0	0	0	0	0	0	0	0	0	4	0	0	0	0	0	0	0	0	0	0	0	0	0	Bacteria; Proteobacteria; Gammaproteobacteria; Xanthomonadales; Xanthomonadaceae; Luteimonas
6f710f9b5f3413994a151f6373751f6d	0	0	0	0	0	0	0	0	0	0	0	0	0	0	0	0	4	0	0	0	0	0	0	0	0	0	0	0	0	0	Bacteria; Chlamydiae; Chlamydiae; Chlamydiales; Simkaniaceae; Unidentified_Simkaniaceae
f2982a605eb73bcf74aa5dfea05b4466	0	0	0	0	0	0	0	0	0	0	0	0	0	0	0	0	0	4	0	0	0	0	0	0	0	0	0	0	0	0	Bacteria; Bacteroidetes; Bacteroidia; Chitinophagales; Chitinophagaceae; Taibaiella
7982c9d898f7c07d7bcb64fc9347cf72	0	0	0	0	0	0	0	0	0	0	0	0	0	0	0	0	0	4	0	0	0	0	0	0	0	0	0	0	0	0	Bacteria; Proteobacteria; Gammaproteobacteria; Nitrosococcales; Methylophagaceae; Methylophaga
7356b49faee00aab32a84ccb1fa57fbd	0	0	0	0	0	0	0	0	0	0	0	0	0	0	0	0	0	4	0	0	0	0	0	0	0	0	0	0	0	0	Bacteria; Actinobacteria; Actinobacteria; Bifidobacteriales; Bifidobacteriaceae; Bifidobacterium
02a6ca7eae58c31794acf869692a273c	0	0	0	0	0	0	0	0	0	0	0	0	0	0	0	0	0	4	0	0	0	0	0	0	0	0	0	0	0	0	Bacteria; Bacteroidetes; Bacteroidia; Bacteroidales; Dysgonomonadaceae; Dysgonomonas
f46e69ac65fc29905856f41a589749d5	0	0	0	0	0	0	0	0	0	0	0	0	0	0	0	0	0	0	4	0	0	0	0	0	0	0	0	0	0	0	Bacteria; Proteobacteria; Gammaproteobacteria; Betaproteobacteriales; Burkholderiaceae; Bordetella
6bc2c76690a340f2093f3a47e66de3c1	0	0	0	0	0	0	0	0	0	0	0	0	0	0	0	0	0	0	4	0	0	0	0	0	0	0	0	0	0	0	Bacteria; Firmicutes; Bacilli; Bacillales; Bacillaceae; Bacillus
1c927690c476b2a4c53d2591e39b872c	0	0	0	0	0	0	0	0	0	0	0	0	0	0	0	0	0	0	0	4	0	0	0	0	0	0	0	0	0	0	Bacteria; Bacteroidetes; Bacteroidia; Flavobacteriales; Weeksellaceae; Elizabethkingia
0532a2509bed85841637bfc17382195a	0	0	0	0	0	0	0	0	0	0	0	0	0	0	0	0	0	0	0	4	0	0	0	0	0	0	0	0	0	0	Bacteria; Proteobacteria; Alphaproteobacteria; Caulobacterales; Caulobacteraceae; Brevundimonas
0b2fa6a7b457278dfc62adfce7f99409	0	0	0	0	0	0	0	0	0	0	0	0	0	0	0	0	0	0	0	0	4	0	0	0	0	0	0	0	0	0	Bacteria; Proteobacteria; Gammaproteobacteria; Betaproteobacteriales; Burkholderiaceae; Unidentified_Burkholderiaceae
09f1bf58186ce588c2f10fcbd6ee0ef5	0	0	0	0	0	0	0	0	0	0	0	0	0	0	0	0	0	0	0	0	4	0	0	0	0	0	0	0	0	0	Bacteria; Proteobacteria; Gammaproteobacteria; Xanthomonadales; Xanthomonadaceae; Pseudoxanthomonas
d0b91e0e83b15fa8e8629428afce61ce	0	0	0	0	0	0	0	0	0	0	0	0	0	0	0	0	0	0	0	0	0	4	0	0	0	0	0	0	0	0	Bacteria; Proteobacteria; Gammaproteobacteria; Pseudomonadales; Pseudomonadaceae; Pseudomonas
f29a9ee2b80f80a1cb37aaf447b9f44e	0	0	0	0	0	0	0	0	0	0	0	0	0	0	0	0	0	0	0	0	0	4	0	0	0	0	0	0	0	0	Bacteria; Actinobacteria; Actinobacteria; Micrococcales; Dermabacteraceae; Brachybacterium
efbe6c5527c29772ec279af9ad7aa6c6	0	0	0	0	0	0	0	0	0	0	0	0	0	0	0	0	0	0	0	0	0	4	0	0	0	0	0	0	0	0	Bacteria; Proteobacteria; Gammaproteobacteria; Enterobacteriales; Enterobacteriaceae; Unidentified_Enterobacteriaceae
c09b63d60655c4687cf9f680285dab5f	0	0	0	0	0	0	0	0	0	0	0	0	0	0	0	0	0	0	0	0	0	4	0	0	0	0	0	0	0	0	Bacteria; Proteobacteria; Gammaproteobacteria; Pseudomonadales; Moraxellaceae; Acinetobacter
77b84137feae9cd78f300e161b9e7ce1	0	0	0	0	0	0	0	0	0	0	0	0	0	0	0	0	0	0	0	0	0	4	0	0	0	0	0	0	0	0	Bacteria; Proteobacteria; Gammaproteobacteria; Enterobacteriales; Enterobacteriaceae; Serratia
cf95da4480f4906dcdc61bf1133b0b0d	0	0	0	0	0	0	0	0	0	0	0	0	0	0	0	0	0	0	0	0	0	0	4	0	0	0	0	0	0	0	Bacteria; Actinobacteria; Actinobacteria; Pseudonocardiales; Pseudonocardiaceae; Saccharopolyspora
490edb0118621ef139c93ad972e8ae31	0	0	0	0	0	0	0	0	0	0	0	0	0	0	0	0	0	0	0	0	0	0	4	0	0	0	0	0	0	0	Bacteria; Proteobacteria; Alphaproteobacteria; Rhizobiales; D05-2; Unidentified
13dc3d05b9c1612dc325804f5026f284	0	0	0	0	0	0	0	0	0	0	0	0	0	0	0	0	0	0	0	0	0	0	4	0	0	0	0	0	0	0	Bacteria; Actinobacteria; Actinobacteria; Micrococcales; Dermabacteraceae; Brachybacterium
c26cf54d51721ffa4529622736a86901	0	0	0	0	0	0	0	0	0	0	0	0	0	0	0	0	0	0	0	0	0	0	4	0	0	0	0	0	0	0	Bacteria; Chloroflexi; Chloroflexia; Chloroflexales; Roseiflexaceae; uncultured
41dc360e55c18332055271ff7d104399	0	0	0	0	0	0	0	0	0	0	0	0	0	0	0	0	0	0	0	0	0	0	0	4	0	0	0	0	0	0	Bacteria; Actinobacteria; Actinobacteria; Micrococcales; Microbacteriaceae; Leucobacter
0a31293fdf860757a9e75ca15d233cac	0	0	0	0	0	0	0	0	0	0	0	0	0	0	0	0	0	0	0	0	0	0	0	4	0	0	0	0	0	0	Bacteria; Chlamydiae; Chlamydiae; Chlamydiales; Parachlamydiaceae; Candidatus_Protochlamydia
32a4daa2b4524743a79a090e3481f451	0	0	0	0	0	0	0	0	0	0	0	0	0	0	0	0	0	0	0	0	0	0	0	4	0	0	0	0	0	0	Bacteria; Actinobacteria; Actinobacteria; Micromonosporales; Micromonosporaceae; Actinoplanes
cf69c6d2afda7a37db617014764044fb	0	0	0	0	0	0	0	0	0	0	0	0	0	0	0	0	0	0	0	0	0	0	0	4	0	0	0	0	0	0	Bacteria; Patescibacteria; Saccharimonadia; Saccharimonadales; uncultured_bacterium; uncultured_bacterium
55b027017ac93c4b1f44c9d6288c5b38	0	0	0	0	0	0	0	0	0	0	0	0	0	0	0	0	0	0	0	0	0	0	0	4	0	0	0	0	0	0	Bacteria; Armatimonadetes; Fimbriimonadia; Fimbriimonadales; Fimbriimonadaceae; Unidentified_Fimbriimonadaceae
e104b69b263b3cafc2b622c82f5d6559	0	0	0	0	0	0	0	0	0	0	0	0	0	0	0	0	0	0	0	0	0	0	0	4	0	0	0	0	0	0	Bacteria; FBP; uncultured_bacterium; uncultured_bacterium; uncultured_bacterium; uncultured_bacterium
1b00c5a2d03716428688072cd815f73f	0	0	0	0	0	0	0	0	0	0	0	0	0	0	0	0	0	0	0	0	0	0	0	4	0	0	0	0	0	0	Bacteria; Actinobacteria; Actinobacteria; Propionibacteriales; Nocardioidaceae; Kribbella
2aaf6d77f88bccf7a0677c160d0145f3	0	0	0	0	0	0	0	0	0	0	0	0	0	0	0	0	0	0	0	0	0	0	0	4	0	0	0	0	0	0	Bacteria; Acidobacteria; Blastocatellia_(Subgroup_4); Pyrinomonadales; Pyrinomonadaceae; RB41
cae6374eefb7d55d056c7e8157fdcac8	0	0	0	0	0	0	0	0	0	0	0	0	0	0	0	0	0	0	0	0	0	0	0	0	4	0	0	0	0	0	Bacteria; Firmicutes; Bacilli; Bacillales; Family_X; Thermicanus
511bfb794999669fd7a09fd9b9cdd3ee	0	0	0	0	0	0	0	0	0	0	0	0	0	0	0	0	0	0	0	0	0	0	0	0	4	0	0	0	0	0	Bacteria; Bacteroidetes; Bacteroidia; Chitinophagales; Chitinophagaceae; uncultured
7461a0847d4c51cc9192ad6b353566ea	0	0	0	0	0	0	0	0	0	0	0	0	0	0	0	0	0	0	0	0	0	0	0	0	4	0	0	0	0	0	Bacteria; Gemmatimonadetes; Longimicrobia; Longimicrobiales; Longimicrobiaceae; uncultured_bacterium
7858790c50597a3becfd157cb3941019	0	0	0	0	0	0	0	0	0	0	0	0	0	0	0	0	0	0	0	0	0	0	0	0	4	0	0	0	0	0	Bacteria; Firmicutes; Clostridia; Clostridiales; Ruminococcaceae; uncultured
08abc6ef46f29fe9d74bf6efadf3ece0	0	0	0	0	0	0	0	0	0	0	0	0	0	0	0	0	0	0	0	0	0	0	0	0	4	0	0	0	0	0	Bacteria; Proteobacteria; Alphaproteobacteria; Acetobacterales; Acetobacteraceae; Acetobacter
685073f7e58728dc9d80c3b0fd2c982c	0	0	0	0	0	0	0	0	0	0	0	0	0	0	0	0	0	0	0	0	0	0	0	0	4	0	0	0	0	0	Bacteria; Planctomycetes; Phycisphaerae; Phycisphaerales; Phycisphaeraceae; SM1A02
7954e80d39c5d30dd57b9d3d6d029fb8	0	0	0	0	0	0	0	0	0	0	0	0	0	0	0	0	0	0	0	0	0	0	0	0	4	0	0	0	0	0	Bacteria; Acidobacteria; Acidobacteriia; Solibacterales; Solibacteraceae_(Subgroup_3); Bryobacter
e6884c434dbcf43784e72b334279469a	0	0	0	0	0	0	0	0	0	0	0	0	0	0	0	0	0	0	0	0	0	0	0	0	4	0	0	0	0	0	Bacteria; Proteobacteria; Deltaproteobacteria; Oligoflexales; Oligoflexaceae; uncultured
f0a6e6794fd43021e5b40db18acd2d9a	0	0	0	0	0	0	0	0	0	0	0	0	0	0	0	0	0	0	0	0	0	0	0	0	4	0	0	0	0	0	Bacteria; Bacteroidetes; Bacteroidia; Flavobacteriales; Weeksellaceae; Chryseobacterium
dcd6e27d72e69698076494928e918453	0	0	0	0	0	0	0	0	0	0	0	0	0	0	0	0	0	0	0	0	0	0	0	0	4	0	0	0	0	0	Bacteria; Chlamydiae; Chlamydiae; Chlamydiales; cvE6; uncultured_bacterium
401e1e4708a367763696477bbc01e263	0	0	0	0	0	0	0	0	0	0	0	0	0	0	0	0	0	0	0	0	0	0	0	0	4	0	0	0	0	0	Bacteria; Firmicutes; Bacilli; Bacillales; Bacillaceae; Bacillus
4d039ee73fa0d0b3442fe24a75ecee95	0	0	0	0	0	0	0	0	0	0	0	0	0	0	0	0	0	0	0	0	0	0	0	0	4	0	0	0	0	0	Bacteria; Bacteroidetes; Bacteroidia; Chitinophagales; Chitinophagaceae; uncultured
139b1f5f198a95cb847b99cae43d8a91	0	0	0	0	0	0	0	0	0	0	0	0	0	0	0	0	0	0	0	0	0	0	0	0	4	0	0	0	0	0	Bacteria; Proteobacteria; Alphaproteobacteria; Rhizobiales; Rhizobiaceae; Allorhizobium-Neorhizobium-Pararhizobium-Rhizobium
0c4421d78c3ccfdb9b30b72a940e16da	0	0	0	0	0	0	0	0	0	0	0	0	0	0	0	0	0	0	0	0	0	0	0	0	4	0	0	0	0	0	Bacteria; Proteobacteria; Gammaproteobacteria; Betaproteobacteriales; TRA3-20; uncultured_bacterium
fdccc480443e45720be1cd576fc8eee2	0	0	0	0	0	0	0	0	0	0	0	0	0	0	0	0	0	0	0	0	0	0	0	0	4	0	0	0	0	0	Bacteria; Proteobacteria; Alphaproteobacteria; Unidentified_Alphaproteobacteria; Unidentified_Alphaproteobacteria; Unidentified_Alphaproteobacteria
1644bac83434fbff42aee3b9328d91b0	0	0	0	0	0	0	0	0	0	0	0	0	0	0	0	0	0	0	0	0	0	0	0	0	4	0	0	0	0	0	Bacteria; Actinobacteria; Actinobacteria; Pseudonocardiales; Pseudonocardiaceae; Actinophytocola
8cf67139185d6d46a7fc8544ff799925	0	0	0	0	0	0	0	0	0	0	0	0	0	0	0	0	0	0	0	0	0	0	0	0	4	0	0	0	0	0	Bacteria; Proteobacteria; Deltaproteobacteria; Myxococcales; Archangiaceae; Anaeromyxobacter
35a26bab9539e0bac3d24328377bee0f	0	0	0	0	0	0	0	0	0	0	0	0	0	0	0	0	0	0	0	0	0	0	0	0	0	4	0	0	0	0	Bacteria; Planctomycetes; Planctomycetacia; Planctomycetales; Rubinisphaeraceae; Rubinisphaera
67ed6ae975f4dec8c2388c75a46a6a2f	0	0	0	0	0	0	0	0	0	0	0	0	0	0	0	0	0	0	0	0	0	0	0	0	0	4	0	0	0	0	Bacteria; Actinobacteria; Actinobacteria; Micrococcales; Microbacteriaceae; Leucobacter
328bbdc8a62e2e7112f81e679e30c5ca	0	0	0	0	0	0	0	0	0	0	0	0	0	0	0	0	0	0	0	0	0	0	0	0	0	4	0	0	0	0	Bacteria; Actinobacteria; Acidimicrobiia; Microtrichales; Microtrichaceae; IMCC26207
bc94f030220ffed1c3ccb9cbc636a5d2	0	0	0	0	0	0	0	0	0	0	0	0	0	0	0	0	0	0	0	0	0	0	0	0	0	4	0	0	0	0	Bacteria; Proteobacteria; Alphaproteobacteria; Rhodospirillales; uncultured; uncultured_bacterium
38a6474a653eb32340126504e583fad8	0	0	0	0	0	0	0	0	0	0	0	0	0	0	0	0	0	0	0	0	0	0	0	0	0	4	0	0	0	0	Bacteria; Firmicutes; Bacilli; Bacillales; Paenibacillaceae; Paenibacillus
65f5226f2c50b51d7aaf5547183d3f22	0	0	0	0	0	0	0	0	0	0	0	0	0	0	0	0	0	0	0	0	0	0	0	0	0	4	0	0	0	0	Bacteria; Chloroflexi; Anaerolineae; Caldilineales; Caldilineaceae; uncultured
e89dd6159b48d472a62b9c5516a41f83	0	0	0	0	0	0	0	0	0	0	0	0	0	0	0	0	0	0	0	0	0	0	0	0	0	4	0	0	0	0	Bacteria; Bacteroidetes; Bacteroidia; Sphingobacteriales; Sphingobacteriaceae; uncultured
19864077fb6961931cd4b181dd47f5ae	0	0	0	0	0	0	0	0	0	0	0	0	0	0	0	0	0	0	0	0	0	0	0	0	0	4	0	0	0	0	Bacteria; Bacteroidetes; Bacteroidia; Cytophagales; Cyclobacteriaceae; Aquiflexum
c0d080802da4deb2b752b19d10196c9c	0	0	0	0	0	0	0	0	0	0	0	0	0	0	0	0	0	0	0	0	0	0	0	0	0	4	0	0	0	0	Bacteria; Proteobacteria; Alphaproteobacteria; Rhizobiales; Devosiaceae; Devosia
c9151f3bfac27160f9d1911ad97528c3	0	0	0	0	0	0	0	0	0	0	0	0	0	0	0	0	0	0	0	0	0	0	0	0	0	4	0	0	0	0	Bacteria; Proteobacteria; Deltaproteobacteria; Myxococcales; Sandaracinaceae; uncultured
e07052bb9c0f0d2370537c4b9acbed4e	0	0	0	0	0	0	0	0	0	0	0	0	0	0	0	0	0	0	0	0	0	0	0	0	0	4	0	0	0	0	Bacteria; Actinobacteria; Actinobacteria; Micromonosporales; Micromonosporaceae; Actinoplanes
2864c65c08d632cffed45cd51545710e	0	0	0	0	0	0	0	0	0	0	0	0	0	0	0	0	0	0	0	0	0	0	0	0	0	4	0	0	0	0	Bacteria; Bacteroidetes; Bacteroidia; Chitinophagales; Chitinophagaceae; Niastella
ffa2900e42df446146326096ca2e8ebf	0	0	0	0	0	0	0	0	0	0	0	0	0	0	0	0	0	0	0	0	0	0	0	0	0	4	0	0	0	0	Bacteria; Planctomycetes; Planctomycetacia; Isosphaerales; Isosphaeraceae; Paludisphaera
125f6d4cf36559e18eff7a5bcabc93f7	0	0	0	0	0	0	0	0	0	0	0	0	0	0	0	0	0	0	0	0	0	0	0	0	0	4	0	0	0	0	Bacteria; Bacteroidetes; Bacteroidia; Sphingobacteriales; Lentimicrobiaceae; Unidentified_Lentimicrobiaceae
d2ad6ab12c5ce30bfdf006192da40447	0	0	0	0	0	0	0	0	0	0	0	0	0	0	0	0	0	0	0	0	0	0	0	0	0	4	0	0	0	0	Bacteria; Proteobacteria; Gammaproteobacteria; Enterobacteriales; Enterobacteriaceae; Unidentified_Enterobacteriaceae
d0f240e0f1635b5d20381e488f9803cc	0	0	0	0	0	0	0	0	0	0	0	0	0	0	0	0	0	0	0	0	0	0	0	0	0	4	0	0	0	0	Bacteria; Proteobacteria; Deltaproteobacteria; Myxococcales; BIrii41; Unidentified_BIrii41
422ac735ead9e216a629d99722d3c56e	0	0	0	0	0	0	0	0	0	0	0	0	0	0	0	0	0	0	0	0	0	0	0	0	0	4	0	0	0	0	Bacteria; Firmicutes; Bacilli; Bacillales; Paenibacillaceae; Saccharibacillus
3aa0e0f1fd6d2678d0e9c0bf524fba1c	0	0	0	0	0	0	0	0	0	0	0	0	0	0	0	0	0	0	0	0	0	0	0	0	0	4	0	0	0	0	Bacteria; Verrucomicrobia; Verrucomicrobiae; Verrucomicrobiales; Rubritaleaceae; Luteolibacter
27c5f5519212726b58c439429a1a66ed	0	0	0	0	0	0	0	0	0	0	0	0	0	0	0	0	0	0	0	0	0	0	0	0	0	4	0	0	0	0	Bacteria; Proteobacteria; Deltaproteobacteria; Desulfarculales; Desulfarculaceae; uncultured
1fb560153059bb84aed50483aa40b3e1	0	0	0	0	0	0	0	0	0	0	0	0	0	0	0	0	0	0	0	0	0	0	0	0	0	4	0	0	0	0	Bacteria; Bacteroidetes; Bacteroidia; Cytophagales; Cyclobacteriaceae; Algoriphagus
5ebeb212e2fc8d9fecbf673b32a1f2aa	0	0	0	0	0	0	0	0	0	0	0	0	0	0	0	0	0	0	0	0	0	0	0	0	0	4	0	0	0	0	Bacteria; Dependentiae; Babeliae; Babeliales; Unidentified_Babeliales; Unidentified_Babeliales
23d4536265eafe3679a75b4b8d5e0cd1	0	0	0	0	0	0	0	0	0	0	0	0	0	0	0	0	0	0	0	0	0	0	0	0	0	4	0	0	0	0	Bacteria; Proteobacteria; Gammaproteobacteria; Betaproteobacteriales; Burkholderiaceae; Parapusillimonas
7c664b61fae80a8caf2aa552093c13cc	0	0	0	0	0	0	0	0	0	0	0	0	0	0	0	0	0	0	0	0	0	0	0	0	0	2	2	0	0	0	Bacteria; Chloroflexi; Chloroflexia; Chloroflexales; Roseiflexaceae; uncultured
3fa2806a4555ed893fcfb2a5b87730c7	0	0	0	0	0	0	0	0	0	0	0	0	0	0	0	0	0	0	0	0	0	0	0	0	0	0	4	0	0	0	Bacteria; Proteobacteria; Deltaproteobacteria; Myxococcales; BIrii41; Unidentified_BIrii41
6a876269e2c84abf97fa7d479cbc30de	0	0	0	0	0	0	0	0	0	0	0	0	0	0	0	0	0	0	0	0	0	0	0	0	0	0	4	0	0	0	Bacteria; Actinobacteria; Acidimicrobiia; Microtrichales; Iamiaceae; Iamia
26fb5602c6c55b07159384a2a99bcd0e	0	0	0	0	0	0	0	0	0	0	0	0	0	0	0	0	0	0	0	0	0	0	0	0	0	0	4	0	0	0	Bacteria; Chloroflexi; JG30-KF-CM66; uncultured_bacterium; uncultured_bacterium; uncultured_bacterium
f81950174c08608a64928e6b9740d94f	0	0	0	0	0	0	0	0	0	0	0	0	0	0	0	0	0	0	0	0	0	0	0	0	0	0	4	0	0	0	Bacteria; Actinobacteria; Thermoleophilia; Solirubrobacterales; Solirubrobacteraceae; uncultured
7c96a78afeecbc641b72f61ee2423309	0	0	0	0	0	0	0	0	0	0	0	0	0	0	0	0	0	0	0	0	0	0	0	0	0	0	4	0	0	0	Bacteria; Planctomycetes; Planctomycetacia; Pirellulales; Pirellulaceae; uncultured
b6d21575d903a2219ad4957634a5e052	0	0	0	0	0	0	0	0	0	0	0	0	0	0	0	0	0	0	0	0	0	0	0	0	0	0	4	0	0	0	Bacteria; Proteobacteria; Gammaproteobacteria; Pseudomonadales; Pseudomonadaceae; Pseudomonas
227763f4fb49ef4460457570772d414a	0	0	0	0	0	0	0	0	0	0	0	0	0	0	0	0	0	0	0	0	0	0	0	0	0	0	4	0	0	0	Bacteria; Bacteroidetes; Bacteroidia; Chitinophagales; Chitinophagaceae; Niabella
65b4e9b2dac27a9d4402f1bba998154e	0	0	0	0	0	0	0	0	0	0	0	0	0	0	0	0	0	0	0	0	0	0	0	0	0	0	4	0	0	0	Bacteria; Planctomycetes; Planctomycetacia; Pirellulales; Pirellulaceae; uncultured
36f5c1a78f1dffd9e907a681ccdc3c0d	0	0	0	0	0	0	0	0	0	0	0	0	0	0	0	0	0	0	0	0	0	0	0	0	0	0	4	0	0	0	Bacteria; Bacteroidetes; Bacteroidia; Sphingobacteriales; Sphingobacteriaceae; uncultured
3c40c90b8d82da607d3f7a8cce2769bb	0	0	0	0	0	0	0	0	0	0	0	0	0	0	0	0	0	0	0	0	0	0	0	0	0	0	4	0	0	0	Bacteria; Planctomycetes; Planctomycetacia; Pirellulales; Pirellulaceae; Pirellula
4fd2becac8a1e675fd17ea2fbd99651b	0	0	0	0	0	0	0	0	0	0	0	0	0	0	0	0	0	0	0	0	0	0	0	0	0	0	4	0	0	0	Bacteria; Dependentiae; Babeliae; Babeliales; Unidentified_Babeliales; Unidentified_Babeliales
ecad90d96662cc3f8b59648c048c5e01	0	0	0	0	0	0	0	0	0	0	0	0	0	0	0	0	0	0	0	0	0	0	0	0	0	0	4	0	0	0	Bacteria; Proteobacteria; Deltaproteobacteria; Myxococcales; Sandaracinaceae; Sandaracinus
d24a8f5a71ebe9e8bc7e0cd0f41e6595	0	0	0	0	0	0	0	0	0	0	0	0	0	0	0	0	0	0	0	0	0	0	0	0	0	0	4	0	0	0	Bacteria; Proteobacteria; Deltaproteobacteria; Myxococcales; Haliangiaceae; Haliangium
056c50ad3f651fa99f2a4eaee826a7cf	0	0	0	0	0	0	0	0	0	0	0	0	0	0	0	0	0	0	0	0	0	0	0	0	0	0	4	0	0	0	Bacteria; Actinobacteria; Actinobacteria; Pseudonocardiales; Pseudonocardiaceae; Prauserella
c78e980ab0b631697b0ae4374edb589e	0	0	0	0	0	0	0	0	0	0	0	0	0	0	0	0	0	0	0	0	0	0	0	0	0	0	4	0	0	0	Bacteria; Proteobacteria; Gammaproteobacteria; Unidentified_Gammaproteobacteria; Unidentified_Gammaproteobacteria; Unidentified_Gammaproteobacteria
de44466abdc784a337a12e5f275b9a8b	0	0	0	0	0	0	0	0	0	0	0	0	0	0	0	0	0	0	0	0	0	0	0	0	0	0	4	0	0	0	Bacteria; Firmicutes; Bacilli; Bacillales; Thermoactinomycetaceae; Planifilum
6bea1a3d66be78837a53286bd3cc82d1	0	0	0	0	0	0	0	0	0	0	0	0	0	0	0	0	0	0	0	0	0	0	0	0	0	0	4	0	0	0	Bacteria; Proteobacteria; Alphaproteobacteria; Caulobacterales; Caulobacteraceae; Brevundimonas
56b16811ad0ab72e6206997a1fdbebc8	0	0	0	0	0	0	0	0	0	0	0	0	0	0	0	0	0	0	0	0	0	0	0	0	0	0	4	0	0	0	Bacteria; Planctomycetes; Phycisphaerae; Phycisphaerales; Phycisphaeraceae; SM1A02
55f2aa71cdb9f38b0054b294dce1a895	0	0	0	0	0	0	0	0	0	0	0	0	0	0	0	0	0	0	0	0	0	0	0	0	0	0	0	4	0	0	Bacteria; Bacteroidetes; Bacteroidia; Cytophagales; Spirosomaceae; Dyadobacter
540c200e0224ad42d60fbcdfbdcd4b2e	0	0	0	0	0	0	0	0	0	0	0	0	0	0	0	0	0	0	0	0	0	0	0	0	0	0	0	4	0	0	Bacteria; Bacteroidetes; Bacteroidia; Chitinophagales; Chitinophagaceae; Parafilimonas
c390d2e37663ef6f88548396355ef995	0	0	0	0	0	0	0	0	0	0	0	0	0	0	0	0	0	0	0	0	0	0	0	0	0	0	0	4	0	0	Bacteria; Planctomycetes; Planctomycetacia; Pirellulales; Pirellulaceae; Pir4_lineage
3274f6f8a4af12948492ad445965c98d	0	0	0	0	0	0	0	0	0	0	0	0	0	0	0	0	0	0	0	0	0	0	0	0	0	0	0	4	0	0	Bacteria; Chloroflexi; Anaerolineae; SBR1031; A4b; uncultured_bacterium
a0cc0cc6dd524e65e6d6b64562ab34c9	0	0	0	0	0	0	0	0	0	0	0	0	0	0	0	0	0	0	0	0	0	0	0	0	0	0	0	4	0	0	Bacteria; Planctomycetes; Planctomycetacia; Planctomycetales; Schlesneriaceae; Planctopirus
4209f664119cec6aeb209ad42753df73	0	0	0	0	0	0	0	0	0	0	0	0	0	0	0	0	0	0	0	0	0	0	0	0	0	0	0	4	0	0	Bacteria; Planctomycetes; Planctomycetacia; Pirellulales; Pirellulaceae; Pirellula
b98b9a374ffc486cba65336be998a8f4	0	0	0	0	0	0	0	0	0	0	0	0	0	0	0	0	0	0	0	0	0	0	0	0	0	0	0	4	0	0	Bacteria; Proteobacteria; Gammaproteobacteria; Xanthomonadales; Xanthomonadaceae; Luteimonas
788366c12f3eb9d92f5ce4d9bb06feb7	0	0	0	0	0	0	0	0	0	0	0	0	0	0	0	0	0	0	0	0	0	0	0	0	0	0	0	4	0	0	Bacteria; Chloroflexi; Anaerolineae; SBR1031; A4b; Unidentified
599a425dfa5334dbc84dabfd45ea8426	0	0	0	0	0	0	0	0	0	0	0	0	0	0	0	0	0	0	0	0	0	0	0	0	0	0	0	4	0	0	Bacteria; Proteobacteria; Alphaproteobacteria; Acetobacterales; Acetobacteraceae; Roseomonas
dc74bb35840051d3a74a1a13e7aed05f	0	0	0	0	0	0	0	0	0	0	0	0	0	0	0	0	0	0	0	0	0	0	0	0	0	0	0	4	0	0	Bacteria; Bacteroidetes; Bacteroidia; Cytophagales; Spirosomaceae; Persicitalea
363ff183906bdd2b68a96928b53e5c88	0	0	0	0	0	0	0	0	0	0	0	0	0	0	0	0	0	0	0	0	0	0	0	0	0	0	0	4	0	0	Bacteria; Proteobacteria; Alphaproteobacteria; Rhizobiales; Rhizobiales_Incertae_Sedis; Bauldia
50ebebf591bfdc24ce0634f439b22bf2	0	0	0	0	0	0	0	0	0	0	0	0	0	0	0	0	0	0	0	0	0	0	0	0	0	0	0	4	0	0	Bacteria; FBP; uncultured_bacterium; uncultured_bacterium; uncultured_bacterium; uncultured_bacterium
2ca826a5913201ef84a03fed5e56388f	0	0	0	0	0	0	0	0	0	0	0	0	0	0	0	0	0	0	0	0	0	0	0	0	0	0	0	4	0	0	Bacteria; Firmicutes; Clostridia; Clostridiales; Ruminococcaceae; [Eubacterium]_coprostanoligenes_group
0cc3ef6a1564a255582ebb01846c6c2d	0	0	0	0	0	0	0	0	0	0	0	0	0	0	0	0	0	0	0	0	0	0	0	0	0	0	0	4	0	0	Bacteria; Dependentiae; Babeliae; Babeliales; Vermiphilaceae; uncultured_bacterium
f8f13b546db33d424bcd0e0721d7cddb	0	0	0	0	0	0	0	0	0	0	0	0	0	0	0	0	0	0	0	0	0	0	0	0	0	0	0	4	0	0	Bacteria; WPS-2; uncultured_bacterium; uncultured_bacterium; uncultured_bacterium; uncultured_bacterium
bcd940a8932f3084764ef08584c5bb62	0	0	0	0	0	0	0	0	0	0	0	0	0	0	0	0	0	0	0	0	0	0	0	0	0	0	0	4	0	0	Bacteria; Gemmatimonadetes; Gemmatimonadetes; Gemmatimonadales; Gemmatimonadaceae; uncultured
fb3f23d6c8315ba63025b8392877a685	0	0	0	0	0	0	0	0	0	0	0	0	0	0	0	0	0	0	0	0	0	0	0	0	0	0	0	4	0	0	Bacteria; Firmicutes; Bacilli; Bacillales; Paenibacillaceae; Aneurinibacillus
55df99e213e264d79da52a7d72c6c029	0	0	0	0	0	0	0	0	0	0	0	0	0	0	0	0	0	0	0	0	0	0	0	0	0	0	0	4	0	0	Bacteria; Acidobacteria; Acidobacteriia; Solibacterales; Solibacteraceae_(Subgroup_3); Bryobacter
9b0a20d202377cbc2b158241aa2b2069	0	0	0	0	0	0	0	0	0	0	0	0	0	0	0	0	0	0	0	0	0	0	0	0	0	0	0	4	0	0	Bacteria; Actinobacteria; Actinobacteria; Pseudonocardiales; Pseudonocardiaceae; Amycolatopsis
cc2ccfca2e246eb65784db385a792f4b	0	0	0	0	0	0	0	0	0	0	0	0	0	0	0	0	0	0	0	0	0	0	0	0	0	0	0	4	0	0	Bacteria; Acidobacteria; Subgroup_6; Unidentified_Acidobacteria; Unidentified_Acidobacteria; Unidentified_Acidobacteria
0085529ef41b15cdc0d98a9a1b24fb63	0	0	0	0	0	0	0	0	0	0	0	0	0	0	0	0	0	0	0	0	0	0	0	0	0	0	0	4	0	0	Bacteria; Chloroflexi; Anaerolineae; SBR1031; Unidentified; Unidentified
0c3d44533d23c6e9ab9dd0322f4c57cd	0	0	0	0	0	0	0	0	0	0	0	0	0	0	0	0	0	0	0	0	0	0	0	0	0	0	0	4	0	0	Bacteria; Gemmatimonadetes; Gemmatimonadetes; Gemmatimonadales; Gemmatimonadaceae; uncultured
4c716aae17e94830de7edf7e3724aded	0	0	0	0	0	0	0	0	0	0	0	0	0	0	0	0	0	0	0	0	0	0	0	0	0	0	0	4	0	0	Bacteria; Proteobacteria; Gammaproteobacteria; Pseudomonadales; Moraxellaceae; Acinetobacter
12c3e9b6e14be86d34c2a3c160fbf965	0	0	0	0	0	0	0	0	0	0	0	0	0	0	0	0	0	0	0	0	0	0	0	0	0	0	0	0	4	0	Bacteria; Proteobacteria; Deltaproteobacteria; Myxococcales; Nannocystaceae; Nannocystis
baaa9d3b0e835a77c9c684943efaced2	0	0	0	0	0	0	0	0	0	0	0	0	0	0	0	0	0	0	0	0	0	0	0	0	0	0	0	0	4	0	Bacteria; Proteobacteria; Gammaproteobacteria; Betaproteobacteriales; Burkholderiaceae; Unidentified_Burkholderiaceae
ce5cc8865cca5533698f166e9bdaf5f7	0	0	0	0	0	0	0	0	0	0	0	0	0	0	0	0	0	0	0	0	0	0	0	0	0	0	0	0	4	0	Bacteria; Proteobacteria; Deltaproteobacteria; Myxococcales; Sandaracinaceae; uncultured
39e17a770ab92f10e312c4c610e9ac94	0	0	0	0	0	0	0	0	0	0	0	0	0	0	0	0	0	0	0	0	0	0	0	0	0	0	0	0	4	0	Bacteria; Bacteroidetes; Rhodothermia; Balneolales; Balneolaceae; Unidentified_Balneolaceae
967b57ddde511c7135917ffcf25b55d4	0	0	0	0	0	0	0	0	0	0	0	0	0	0	0	0	0	0	0	0	0	0	0	0	0	0	0	0	4	0	Bacteria; Proteobacteria; Gammaproteobacteria; Enterobacteriales; Enterobacteriaceae; Unidentified_Enterobacteriaceae
d8308d5ee6a8f54a24a067bdf9ac3b6f	0	0	0	0	0	0	0	0	0	0	0	0	0	0	0	0	0	0	0	0	0	0	0	0	0	0	0	0	4	0	Bacteria; Chloroflexi; Chloroflexia; Thermomicrobiales; JG30-KF-CM45; uncultured_bacterium
5871fd2431c966f0ed4575bc0d08335d	0	0	0	0	0	0	0	0	0	0	0	0	0	0	0	0	0	0	0	0	0	0	0	0	0	0	0	0	4	0	Bacteria; Proteobacteria; Gammaproteobacteria; Betaproteobacteriales; Burkholderiaceae; Bordetella
2afc0a54cf0f1512969a58f0d2f4728f	0	0	0	0	0	0	0	0	0	0	0	0	0	0	0	0	0	0	0	0	0	0	0	0	0	0	0	0	4	0	Bacteria; Proteobacteria; Deltaproteobacteria; Bdellovibrionales; Bdellovibrionaceae; Bdellovibrio
ac32d8f3eae02be53bdacac0643ecfb9	0	0	0	0	0	0	0	0	0	0	0	0	0	0	0	0	0	0	0	0	0	0	0	0	0	0	0	0	4	0	Bacteria; Bacteroidetes; Bacteroidia; Bacteroidales; Dysgonomonadaceae; Dysgonomonas
83df2a58965023a4452a92ce4f265de9	0	0	0	0	0	0	0	0	0	0	0	0	0	0	0	0	0	0	0	0	0	0	0	0	0	0	0	0	4	0	Bacteria; Chloroflexi; TK10; Unidentified; Unidentified; Unidentified
2d91345491fc596871fb7e7bdceac3c8	0	0	0	0	0	0	0	0	0	0	0	0	0	0	0	0	0	0	0	0	0	0	0	0	0	0	0	0	4	0	Bacteria; Proteobacteria; Gammaproteobacteria; Oceanospirillales; Pseudohongiellaceae; BIyi10
4c1b9d3ff50cce358f4ace168323c80c	0	0	0	0	0	0	0	0	0	0	0	0	0	0	0	0	0	0	0	0	0	0	0	0	0	0	0	0	4	0	Bacteria; Unidentified_Bacteria; Unidentified_Bacteria; Unidentified_Bacteria; Unidentified_Bacteria; Unidentified_Bacteria
d23b9c1bc9b4a7c7ca4e824f9aaa51ce	0	0	0	0	0	0	0	0	0	0	0	0	0	0	0	0	0	0	0	0	0	0	0	0	0	0	0	0	4	0	Bacteria; Bacteroidetes; Bacteroidia; Sphingobacteriales; KD3-93; Unidentified
b9601d41e86ec5ae373fac82395e7e48	0	0	0	0	0	0	0	0	0	0	0	0	0	0	0	0	0	0	0	0	0	0	0	0	0	0	0	0	4	0	Bacteria; Firmicutes; Negativicutes; Selenomonadales; Veillonellaceae; Anaerospora
9dc163da276b8cf591386c99daf6cc4b	0	0	0	0	0	0	0	0	0	0	0	0	0	0	0	0	0	0	0	0	0	0	0	0	0	0	0	0	4	0	Bacteria; Verrucomicrobia; Verrucomicrobiae; Opitutales; Opitutaceae; Opitutus
c2e143c14331ad0d0cb344cf615b851e	0	0	0	0	0	0	0	0	0	0	0	0	0	0	0	0	0	0	0	0	0	0	0	0	0	0	0	0	4	0	Bacteria; Firmicutes; Clostridia; Clostridiales; Unidentified_Clostridiales; Unidentified_Clostridiales
2069e09aae524de7af208cd57ee7f18e	0	0	0	0	0	0	0	0	0	0	0	0	0	0	0	0	0	0	0	0	0	0	0	0	0	0	0	0	4	0	Bacteria; Bacteroidetes; Bacteroidia; Cytophagales; Amoebophilaceae; Candidatus_Amoebophilus
5351af9522927222f0fb5f73ddaa0537	0	0	0	0	0	0	0	0	0	0	0	0	0	0	0	0	0	0	0	0	0	0	0	0	0	0	0	0	0	4	Bacteria; Chloroflexi; Chloroflexia; Thermomicrobiales; JG30-KF-CM45; Unidentified
96f1ff57125c1eaa885b34a0b9963cb2	0	0	0	0	0	0	0	0	0	0	0	0	0	0	0	0	0	0	0	0	0	0	0	0	0	0	0	0	0	4	Bacteria; Actinobacteria; Thermoleophilia; Solirubrobacterales; 67-14; uncultured_bacterium
476d06a479eef724c9240c90bf391412	0	0	0	0	0	0	0	0	0	0	0	0	0	0	0	0	0	0	0	0	0	0	0	0	0	0	0	0	0	4	Bacteria; Firmicutes; Bacilli; Bacillales; Paenibacillaceae; Paenibacillus
b4cd56b2ee4ec5f54198474744905b4d	0	0	0	0	0	0	0	0	0	0	0	0	0	0	0	0	0	0	0	0	0	0	0	0	0	0	0	0	0	4	Bacteria; Firmicutes; Clostridia; Clostridiales; Ruminococcaceae; Ruminococcus_1
fa792bc5cfe6f93ee6594d60b78cfa6f	0	0	0	0	0	0	0	0	0	0	0	0	0	0	0	0	0	0	0	0	0	0	0	0	0	0	0	0	0	4	Bacteria; Dependentiae; Babeliae; Babeliales; Vermiphilaceae; Unidentified_Vermiphilaceae
2b7640a757b701c3829a302d903f959c	0	0	0	0	0	0	0	0	0	0	0	0	0	0	0	0	0	0	0	0	0	0	0	0	0	0	0	0	0	4	Bacteria; Proteobacteria; Gammaproteobacteria; EPR3968-O8a-Bc78; Unidentified; Unidentified
aba7766c348c0d5035114897d804604e	0	0	0	0	0	0	0	0	0	0	0	0	0	0	0	0	0	0	0	0	0	0	0	0	0	0	0	0	0	4	Bacteria; Proteobacteria; Gammaproteobacteria; Betaproteobacteriales; Burkholderiaceae; Parapusillimonas
8b507b1942c80767b0e16ce6a40439c8	0	0	0	0	0	0	0	0	0	0	0	0	0	0	0	0	0	0	0	0	0	0	0	0	0	0	0	0	0	4	Bacteria; Actinobacteria; Acidimicrobiia; Microtrichales; Iamiaceae; Iamia
8cbe8f8ee9c9633e24f66a48e7624d7c	0	0	0	0	0	0	0	0	0	0	0	0	0	0	0	0	0	0	0	0	0	0	0	0	0	0	0	0	0	4	Bacteria; Firmicutes; Bacilli; Bacillales; Bacillaceae; Bacillus
3a5286a698e45e45b85bad66e5896704	0	0	0	0	0	0	0	0	0	0	0	0	0	0	0	0	0	0	0	0	0	0	0	0	0	0	0	0	0	4	Bacteria; Proteobacteria; Alphaproteobacteria; Caulobacterales; Caulobacteraceae; Brevundimonas
3967e23d94ecd3b3ffb059ea84099169	0	0	0	0	0	0	0	0	0	0	0	0	0	0	0	0	0	0	0	0	0	0	0	0	0	0	0	0	0	4	Bacteria; Chloroflexi; Chloroflexia; Thermomicrobiales; JG30-KF-CM45; uncultured_bacterium
e3bbf1bd6c612fbffbbf88f4dc54b805	0	0	0	0	0	0	0	0	0	0	0	0	0	0	0	0	0	0	0	0	0	0	0	0	0	0	0	0	0	4	Bacteria; Actinobacteria; Acidimicrobiia; Unidentified_Acidimicrobiia; Unidentified_Acidimicrobiia; Unidentified_Acidimicrobiia
8a0cea5ec80f1f81b07684f780954ce5	0	0	0	0	0	0	0	0	0	0	0	0	0	0	0	0	0	0	0	0	0	0	0	0	0	0	0	0	0	4	Bacteria; Chloroflexi; Anaerolineae; SBR1031; A4b; Unidentified
f4cd69bacf2432f9bc227b423a6d91db	0	0	0	0	0	0	0	0	0	0	0	0	0	0	0	0	0	0	0	0	0	0	0	0	0	0	0	0	0	4	Bacteria; Proteobacteria; Gammaproteobacteria; Betaproteobacteriales; TRA3-20; uncultured_bacterium
8684cea5993a0487a131227c79927c09	0	0	0	0	0	0	0	0	0	0	0	0	0	0	0	0	0	0	0	0	0	0	0	0	0	0	0	0	0	4	Bacteria; Proteobacteria; Deltaproteobacteria; Myxococcales; Sandaracinaceae; Unidentified_Sandaracinaceae
b463d5cbd3a371c9a38d94a136c98ed2	0	0	0	0	0	0	0	0	0	0	0	0	0	0	0	0	0	0	0	0	0	0	0	0	0	0	0	0	0	4	Bacteria; Chloroflexi; Anaerolineae; SBR1031; Unidentified; Unidentified
58cb327f40e34c413e6065fe270a9e1d	0	0	0	0	0	0	0	0	0	0	0	0	0	0	0	0	0	0	0	0	0	0	0	0	0	0	0	0	0	4	Bacteria; Proteobacteria; Deltaproteobacteria; Bdellovibrionales; Bdellovibrionaceae; OM27_clade
f74b6b24a03d8e3ddfd1bc5e8f939a6c	0	0	0	0	0	0	0	0	0	0	0	0	0	0	0	0	0	0	0	0	0	0	0	0	0	0	0	0	0	4	Bacteria; Actinobacteria; Acidimicrobiia; Microtrichales; Ilumatobacteraceae; Ilumatobacter
75562a88bab5b17399333d9f9ce2ed0a	0	0	0	0	0	0	0	0	0	0	0	0	0	0	0	0	0	0	0	0	0	0	0	0	0	0	0	0	0	4	Bacteria; Proteobacteria; Gammaproteobacteria; Xanthomonadales; Xanthomonadaceae; Luteimonas
fb75606d83f3895e7d4e7cd2b0d7228f	2	0	0	0	0	0	0	0	0	0	0	0	0	0	0	0	0	0	0	0	0	0	0	0	0	0	0	0	0	0	Bacteria; Proteobacteria; Gammaproteobacteria; Enterobacteriales; Enterobacteriaceae; Unidentified_Enterobacteriaceae
2574ce98c667119405999966a38c370c	2	0	0	0	0	0	0	0	0	0	0	0	0	0	0	0	0	0	0	0	0	0	0	0	0	0	0	0	0	0	Bacteria; Bacteroidetes; Bacteroidia; Sphingobacteriales; env.OPS_17; uncultured_bacterium
6705316ae8df42a6b7f01bf9030111f0	2	0	0	0	0	0	0	0	0	0	0	0	0	0	0	0	0	0	0	0	0	0	0	0	0	0	0	0	0	0	Bacteria; Bacteroidetes; Bacteroidia; Sphingobacteriales; Sphingobacteriaceae; Olivibacter
805f7e268a1b4be28b24d5b86a1d7ee0	2	0	0	0	0	0	0	0	0	0	0	0	0	0	0	0	0	0	0	0	0	0	0	0	0	0	0	0	0	0	Bacteria; Proteobacteria; Gammaproteobacteria; Enterobacteriales; Enterobacteriaceae; Unidentified_Enterobacteriaceae
e54aa962bdcd326844b26134ffdb1813	2	0	0	0	0	0	0	0	0	0	0	0	0	0	0	0	0	0	0	0	0	0	0	0	0	0	0	0	0	0	Bacteria; Bacteroidetes; Bacteroidia; Chitinophagales; Chitinophagaceae; Unidentified_Chitinophagaceae
3a825c616201f708ee81d8db772f6c6a	2	0	0	0	0	0	0	0	0	0	0	0	0	0	0	0	0	0	0	0	0	0	0	0	0	0	0	0	0	0	Bacteria; BRC1; uncultured_bacterium; uncultured_bacterium; uncultured_bacterium; uncultured_bacterium
8150fbdb9ade1f42dc82742fab1de32d	2	0	0	0	0	0	0	0	0	0	0	0	0	0	0	0	0	0	0	0	0	0	0	0	0	0	0	0	0	0	Bacteria; Bacteroidetes; Bacteroidia; Bacteroidales; Dysgonomonadaceae; Dysgonomonas
d66d06c5cfc963e4fd481165ffe96cf1	2	0	0	0	0	0	0	0	0	0	0	0	0	0	0	0	0	0	0	0	0	0	0	0	0	0	0	0	0	0	Bacteria; Proteobacteria; Deltaproteobacteria; Myxococcales; BIrii41; uncultured_bacterium
45e70ff02d9163094a1a6df773aaf1c7	2	0	0	0	0	0	0	0	0	0	0	0	0	0	0	0	0	0	0	0	0	0	0	0	0	0	0	0	0	0	Bacteria; Firmicutes; Bacilli; Bacillales; Paenibacillaceae; Paenibacillus
0a782802a3489d2faf7a468a01a73eb2	2	0	0	0	0	0	0	0	0	0	0	0	0	0	0	0	0	0	0	0	0	0	0	0	0	0	0	0	0	0	Bacteria; Proteobacteria; Alphaproteobacteria; Reyranellales; Reyranellaceae; Reyranella
0f8b6f5f3a9618bf20597a9742fbbb38	2	0	0	0	0	0	0	0	0	0	0	0	0	0	0	0	0	0	0	0	0	0	0	0	0	0	0	0	0	0	Bacteria; Proteobacteria; Deltaproteobacteria; Myxococcales; Sandaracinaceae; uncultured
8b65158a6be087020dcbf29c299e2cb2	2	0	0	0	0	0	0	0	0	0	0	0	0	0	0	0	0	0	0	0	0	0	0	0	0	0	0	0	0	0	Bacteria; Firmicutes; Bacilli; Bacillales; Bacillaceae; Bacillus
5f77e87640dede8306cf31fdefbe7b61	2	0	0	0	0	0	0	0	0	0	0	0	0	0	0	0	0	0	0	0	0	0	0	0	0	0	0	0	0	0	Bacteria; Firmicutes; Bacilli; Bacillales; Paenibacillaceae; Paenibacillus
61a6557f618898e450a9aa1c17365a5b	2	0	0	0	0	0	0	0	0	0	0	0	0	0	0	0	0	0	0	0	0	0	0	0	0	0	0	0	0	0	Bacteria; Firmicutes; Bacilli; Lactobacillales; Lactobacillaceae; Lactobacillus
5d8e509e6f0c5b192de810a966b99602	2	0	0	0	0	0	0	0	0	0	0	0	0	0	0	0	0	0	0	0	0	0	0	0	0	0	0	0	0	0	Bacteria; Proteobacteria; Gammaproteobacteria; Pseudomonadales; Moraxellaceae; Acinetobacter
67e9c417673f3bce4103e107d8371050	2	0	0	0	0	0	0	0	0	0	0	0	0	0	0	0	0	0	0	0	0	0	0	0	0	0	0	0	0	0	Bacteria; Proteobacteria; Gammaproteobacteria; Enterobacteriales; Enterobacteriaceae; Enterobacter
381813ada2f3c070a7591c498b1f4f25	2	0	0	0	0	0	0	0	0	0	0	0	0	0	0	0	0	0	0	0	0	0	0	0	0	0	0	0	0	0	Bacteria; Proteobacteria; Gammaproteobacteria; Enterobacteriales; Enterobacteriaceae; Unidentified_Enterobacteriaceae
3448790bf1986035d89f59868b172607	0	2	0	0	0	0	0	0	0	0	0	0	0	0	0	0	0	0	0	0	0	0	0	0	0	0	0	0	0	0	Bacteria; Actinobacteria; Actinobacteria; Pseudonocardiales; Pseudonocardiaceae; Amycolatopsis
58d39006b06f106f0561b00053cbe88d	0	2	0	0	0	0	0	0	0	0	0	0	0	0	0	0	0	0	0	0	0	0	0	0	0	0	0	0	0	0	Bacteria; Firmicutes; Bacilli; Bacillales; Family_XII; Exiguobacterium
be3892c06238c1128b52172fef59a824	0	2	0	0	0	0	0	0	0	0	0	0	0	0	0	0	0	0	0	0	0	0	0	0	0	0	0	0	0	0	Bacteria; Proteobacteria; Gammaproteobacteria; Steroidobacterales; Steroidobacteraceae; Steroidobacter
8b520a9f45acd3a93474ee809b98b329	0	2	0	0	0	0	0	0	0	0	0	0	0	0	0	0	0	0	0	0	0	0	0	0	0	0	0	0	0	0	Bacteria; Proteobacteria; Gammaproteobacteria; Betaproteobacteriales; Burkholderiaceae; Pigmentiphaga
1d80cc025bfe3b247582bef12d6df6a9	0	2	0	0	0	0	0	0	0	0	0	0	0	0	0	0	0	0	0	0	0	0	0	0	0	0	0	0	0	0	Bacteria; Proteobacteria; Gammaproteobacteria; Unidentified_Gammaproteobacteria; Unidentified_Gammaproteobacteria; Unidentified_Gammaproteobacteria
adc6f615c476c710f1d49cac742f2bb3	0	2	0	0	0	0	0	0	0	0	0	0	0	0	0	0	0	0	0	0	0	0	0	0	0	0	0	0	0	0	Bacteria; Bacteroidetes; Bacteroidia; Sphingobacteriales; Sphingobacteriaceae; Sphingobacterium
1e7b507c7962388240f4f2091540dd17	0	2	0	0	0	0	0	0	0	0	0	0	0	0	0	0	0	0	0	0	0	0	0	0	0	0	0	0	0	0	Bacteria; Proteobacteria; Deltaproteobacteria; Myxococcales; BIrii41; uncultured_bacterium
51f84699efb05cf83bae76d402439543	0	2	0	0	0	0	0	0	0	0	0	0	0	0	0	0	0	0	0	0	0	0	0	0	0	0	0	0	0	0	Bacteria; Chlamydiae; Chlamydiae; Chlamydiales; Simkaniaceae; Unidentified_Simkaniaceae
f822094e3e1d13b3a359f21128bd37d7	0	2	0	0	0	0	0	0	0	0	0	0	0	0	0	0	0	0	0	0	0	0	0	0	0	0	0	0	0	0	Bacteria; Proteobacteria; Gammaproteobacteria; Enterobacteriales; Enterobacteriaceae; Kosakonia
25f6650122208e1c579fc28d93334674	0	2	0	0	0	0	0	0	0	0	0	0	0	0	0	0	0	0	0	0	0	0	0	0	0	0	0	0	0	0	Bacteria; Proteobacteria; Gammaproteobacteria; Enterobacteriales; Enterobacteriaceae; Unidentified_Enterobacteriaceae
5f725b3db02e7a80032132d221fffc91	0	2	0	0	0	0	0	0	0	0	0	0	0	0	0	0	0	0	0	0	0	0	0	0	0	0	0	0	0	0	Bacteria; Bacteroidetes; Bacteroidia; Sphingobacteriales; Sphingobacteriaceae; Pseudopedobacter
9b45f08733595788f1e528f2e6beaac4	0	0	2	0	0	0	0	0	0	0	0	0	0	0	0	0	0	0	0	0	0	0	0	0	0	0	0	0	0	0	Bacteria; Firmicutes; Bacilli; Bacillales; Staphylococcaceae; Staphylococcus
d8f7bfdee98535cf8158277732679489	0	0	2	0	0	0	0	0	0	0	0	0	0	0	0	0	0	0	0	0	0	0	0	0	0	0	0	0	0	0	Bacteria; Proteobacteria; Gammaproteobacteria; Steroidobacterales; Steroidobacteraceae; Steroidobacter
12964a772e7aef6af37195958e235227	0	0	2	0	0	0	0	0	0	0	0	0	0	0	0	0	0	0	0	0	0	0	0	0	0	0	0	0	0	0	Bacteria; Proteobacteria; Alphaproteobacteria; Reyranellales; Reyranellaceae; Reyranella
b58447100e8e6dde41f31c5162df7b98	0	0	2	0	0	0	0	0	0	0	0	0	0	0	0	0	0	0	0	0	0	0	0	0	0	0	0	0	0	0	Bacteria; Proteobacteria; Gammaproteobacteria; Xanthomonadales; Xanthomonadaceae; Luteimonas
d55eb3c35c0d67c9d92e99e1a6142854	0	0	2	0	0	0	0	0	0	0	0	0	0	0	0	0	0	0	0	0	0	0	0	0	0	0	0	0	0	0	Bacteria; Chloroflexi; Chloroflexia; Chloroflexales; Roseiflexaceae; uncultured
9c8c43ccf01788ebb6bc2e79b303955b	0	0	2	0	0	0	0	0	0	0	0	0	0	0	0	0	0	0	0	0	0	0	0	0	0	0	0	0	0	0	Bacteria; Firmicutes; Bacilli; Bacillales; Paenibacillaceae; Paenibacillus
b892f1fa3ebdea003a6504b869708cac	0	0	2	0	0	0	0	0	0	0	0	0	0	0	0	0	0	0	0	0	0	0	0	0	0	0	0	0	0	0	Bacteria; Proteobacteria; Gammaproteobacteria; Enterobacteriales; Enterobacteriaceae; Unidentified_Enterobacteriaceae
04a4b0b4e319acc3786fd6756eba8178	0	0	2	0	0	0	0	0	0	0	0	0	0	0	0	0	0	0	0	0	0	0	0	0	0	0	0	0	0	0	Bacteria; Actinobacteria; Actinobacteria; Pseudonocardiales; Pseudonocardiaceae; Saccharopolyspora
4eb5245e7c34483a19dff87423cf7ac2	0	0	2	0	0	0	0	0	0	0	0	0	0	0	0	0	0	0	0	0	0	0	0	0	0	0	0	0	0	0	Bacteria; Proteobacteria; Gammaproteobacteria; Betaproteobacteriales; Burkholderiaceae; Unidentified_Burkholderiaceae
287d31c43694d40898c0e0379c2c35c0	0	0	2	0	0	0	0	0	0	0	0	0	0	0	0	0	0	0	0	0	0	0	0	0	0	0	0	0	0	0	Bacteria; Proteobacteria; Gammaproteobacteria; Enterobacteriales; Enterobacteriaceae; Unidentified_Enterobacteriaceae
b1dd6c66d01d936df93a2716a911d61a	0	0	2	0	0	0	0	0	0	0	0	0	0	0	0	0	0	0	0	0	0	0	0	0	0	0	0	0	0	0	Bacteria; Bacteroidetes; Rhodothermia; Balneolales; Balneolaceae; Unidentified_Balneolaceae
180b38f61c5be4c4969639418caed542	0	0	2	0	0	0	0	0	0	0	0	0	0	0	0	0	0	0	0	0	0	0	0	0	0	0	0	0	0	0	Bacteria; Proteobacteria; Gammaproteobacteria; Betaproteobacteriales; Burkholderiaceae; Massilia
ceef93a9c009f0d07e741eff58c8c5e9	0	0	2	0	0	0	0	0	0	0	0	0	0	0	0	0	0	0	0	0	0	0	0	0	0	0	0	0	0	0	Bacteria; Proteobacteria; Gammaproteobacteria; Enterobacteriales; Enterobacteriaceae; Unidentified_Enterobacteriaceae
2c725de8de3c04d3946b096aeeb6379d	0	0	2	0	0	0	0	0	0	0	0	0	0	0	0	0	0	0	0	0	0	0	0	0	0	0	0	0	0	0	Bacteria; Proteobacteria; Gammaproteobacteria; Xanthomonadales; Xanthomonadaceae; Luteimonas
345a3c51c3278a6f9eee9c614ad90249	0	0	2	0	0	0	0	0	0	0	0	0	0	0	0	0	0	0	0	0	0	0	0	0	0	0	0	0	0	0	Bacteria; Proteobacteria; Deltaproteobacteria; Oligoflexales; 0319-6G20; uncultured_bacterium
9aed9508922e9c18d3aa1a02d8547393	0	0	2	0	0	0	0	0	0	0	0	0	0	0	0	0	0	0	0	0	0	0	0	0	0	0	0	0	0	0	Bacteria; Proteobacteria; Alphaproteobacteria; Rhizobiales; Rhizobiaceae; Allorhizobium-Neorhizobium-Pararhizobium-Rhizobium
5ea99554b39633839f389e382dabdac1	0	0	2	0	0	0	0	0	0	0	0	0	0	0	0	0	0	0	0	0	0	0	0	0	0	0	0	0	0	0	Bacteria; Deinococcus-Thermus; Deinococci; Deinococcales; Trueperaceae; Truepera
958bff9ae8ddda6a03b9dbf91c370706	0	0	2	0	0	0	0	0	0	0	0	0	0	0	0	0	0	0	0	0	0	0	0	0	0	0	0	0	0	0	Bacteria; Proteobacteria; Gammaproteobacteria; Steroidobacterales; Steroidobacteraceae; Steroidobacter
7cfe78d2c227b2e4b9aa8e2308a26251	0	0	2	0	0	0	0	0	0	0	0	0	0	0	0	0	0	0	0	0	0	0	0	0	0	0	0	0	0	0	Bacteria; Proteobacteria; Alphaproteobacteria; Rickettsiales; Anaplasmataceae; Wolbachia
7689caadd7e05d13e2317954138ca49f	0	0	0	2	0	0	0	0	0	0	0	0	0	0	0	0	0	0	0	0	0	0	0	0	0	0	0	0	0	0	Bacteria; Proteobacteria; Gammaproteobacteria; Unidentified_Gammaproteobacteria; Unidentified_Gammaproteobacteria; Unidentified_Gammaproteobacteria
dfa68341404e9051a7370a5abba91b2a	0	0	0	2	0	0	0	0	0	0	0	0	0	0	0	0	0	0	0	0	0	0	0	0	0	0	0	0	0	0	Bacteria; Proteobacteria; Alphaproteobacteria; Rhizobiales; Rhizobiaceae; Allorhizobium-Neorhizobium-Pararhizobium-Rhizobium
a6a0e09eff5db72267722fd87efe5c51	0	0	0	2	0	0	0	0	0	0	0	0	0	0	0	0	0	0	0	0	0	0	0	0	0	0	0	0	0	0	Bacteria; Chloroflexi; Chloroflexia; Chloroflexales; Roseiflexaceae; uncultured
7c324390b58b7d2cd44878f75a04fb7a	0	0	0	2	0	0	0	0	0	0	0	0	0	0	0	0	0	0	0	0	0	0	0	0	0	0	0	0	0	0	Bacteria; Proteobacteria; Gammaproteobacteria; Betaproteobacteriales; Burkholderiaceae; Acidovorax
54592e009521599cc9a7c0d1d376f852	0	0	0	2	0	0	0	0	0	0	0	0	0	0	0	0	0	0	0	0	0	0	0	0	0	0	0	0	0	0	Bacteria; Proteobacteria; Gammaproteobacteria; Enterobacteriales; Enterobacteriaceae; Unidentified_Enterobacteriaceae
bf35252b5b8e9a283633677f90702424	0	0	0	2	0	0	0	0	0	0	0	0	0	0	0	0	0	0	0	0	0	0	0	0	0	0	0	0	0	0	Bacteria; Actinobacteria; Actinobacteria; Pseudonocardiales; Pseudonocardiaceae; Pseudonocardia
ef6b65ec849a909f70b2e6063b7eb90e	0	0	0	2	0	0	0	0	0	0	0	0	0	0	0	0	0	0	0	0	0	0	0	0	0	0	0	0	0	0	Bacteria; Bacteroidetes; Bacteroidia; Chitinophagales; Chitinophagaceae; Flavisolibacter
5f669be1f77b53fe43c162215ace2333	0	0	0	2	0	0	0	0	0	0	0	0	0	0	0	0	0	0	0	0	0	0	0	0	0	0	0	0	0	0	Bacteria; Proteobacteria; Gammaproteobacteria; Pseudomonadales; Pseudomonadaceae; Pseudomonas
4b0e321b382c8fbc366658fe133ffb4b	0	0	0	2	0	0	0	0	0	0	0	0	0	0	0	0	0	0	0	0	0	0	0	0	0	0	0	0	0	0	Bacteria; Proteobacteria; Gammaproteobacteria; R7C24; Unidentified; Unidentified
f09295a3781688f6acf09c0f1164ff55	0	0	0	2	0	0	0	0	0	0	0	0	0	0	0	0	0	0	0	0	0	0	0	0	0	0	0	0	0	0	Bacteria; Gemmatimonadetes; Longimicrobia; Longimicrobiales; Longimicrobiaceae; uncultured_bacterium
3fe934e42aee4616635f3e704cd6497f	0	0	0	2	0	0	0	0	0	0	0	0	0	0	0	0	0	0	0	0	0	0	0	0	0	0	0	0	0	0	Bacteria; Proteobacteria; Gammaproteobacteria; Enterobacteriales; Enterobacteriaceae; Unidentified_Enterobacteriaceae
69c444e0013ccbaecbbbbf99f95a9468	0	0	0	2	0	0	0	0	0	0	0	0	0	0	0	0	0	0	0	0	0	0	0	0	0	0	0	0	0	0	Bacteria; Proteobacteria; Gammaproteobacteria; Pseudomonadales; Moraxellaceae; Acinetobacter
f6faff9fa955e13c8b989dfef26a6707	0	0	0	0	2	0	0	0	0	0	0	0	0	0	0	0	0	0	0	0	0	0	0	0	0	0	0	0	0	0	Bacteria; Proteobacteria; Gammaproteobacteria; Betaproteobacteriales; Burkholderiaceae; Massilia
41907c3a34518901cf653aca0b9c490f	0	0	0	0	2	0	0	0	0	0	0	0	0	0	0	0	0	0	0	0	0	0	0	0	0	0	0	0	0	0	Bacteria; Firmicutes; Bacilli; Bacillales; Bacillaceae; Oceanobacillus
c073772d8bba78c3322aa637902e1541	0	0	0	0	2	0	0	0	0	0	0	0	0	0	0	0	0	0	0	0	0	0	0	0	0	0	0	0	0	0	Bacteria; Bacteroidetes; Bacteroidia; Bacteroidales; Bacteroidaceae; Bacteroides
cf3327d1d5d8b69d4e08ca06e97129b6	0	0	0	0	2	0	0	0	0	0	0	0	0	0	0	0	0	0	0	0	0	0	0	0	0	0	0	0	0	0	Bacteria; Proteobacteria; Gammaproteobacteria; Unidentified_Gammaproteobacteria; Unidentified_Gammaproteobacteria; Unidentified_Gammaproteobacteria
09f131dd434319d8666e9003c97ac229	0	0	0	0	2	0	0	0	0	0	0	0	0	0	0	0	0	0	0	0	0	0	0	0	0	0	0	0	0	0	Bacteria; Proteobacteria; Gammaproteobacteria; Xanthomonadales; Xanthomonadaceae; Pseudoxanthomonas
7259c4db783b2322faf1ea2a8e9b70fc	0	0	0	0	2	0	0	0	0	0	0	0	0	0	0	0	0	0	0	0	0	0	0	0	0	0	0	0	0	0	Bacteria; Proteobacteria; Alphaproteobacteria; Sphingomonadales; Sphingomonadaceae; Altererythrobacter
3e5c346a356ca8617a93cc60f624d93c	0	0	0	0	2	0	0	0	0	0	0	0	0	0	0	0	0	0	0	0	0	0	0	0	0	0	0	0	0	0	Bacteria; Proteobacteria; Gammaproteobacteria; Xanthomonadales; Xanthomonadaceae; Luteimonas
28eff4d18affddd93f80bd3e128e2693	0	0	0	0	2	0	0	0	0	0	0	0	0	0	0	0	0	0	0	0	0	0	0	0	0	0	0	0	0	0	Bacteria; Proteobacteria; Gammaproteobacteria; Pseudomonadales; Moraxellaceae; Acinetobacter
93698f91ee1ab4133ff9db5d19da43a4	0	0	0	0	2	0	0	0	0	0	0	0	0	0	0	0	0	0	0	0	0	0	0	0	0	0	0	0	0	0	Bacteria; Actinobacteria; Actinobacteria; Micrococcales; Promicromonosporaceae; Cellulosimicrobium
6b4e87f0021316fe33fe556f01ee1685	0	0	0	0	2	0	0	0	0	0	0	0	0	0	0	0	0	0	0	0	0	0	0	0	0	0	0	0	0	0	Bacteria; Bacteroidetes; Bacteroidia; Sphingobacteriales; Sphingobacteriaceae; Sphingobacterium
50152d66a09d6dd88a17da43f85cb89d	0	0	0	0	2	0	0	0	0	0	0	0	0	0	0	0	0	0	0	0	0	0	0	0	0	0	0	0	0	0	Bacteria; Firmicutes; Bacilli; Bacillales; Bacillaceae; Bacillus
3359be08c9fc132595fa8c88b7b7c2b9	0	0	0	0	2	0	0	0	0	0	0	0	0	0	0	0	0	0	0	0	0	0	0	0	0	0	0	0	0	0	Bacteria; Verrucomicrobia; Verrucomicrobiae; Opitutales; Opitutaceae; Lacunisphaera
02f9ba047840c16f44a2b509cd3e451f	0	0	0	0	2	0	0	0	0	0	0	0	0	0	0	0	0	0	0	0	0	0	0	0	0	0	0	0	0	0	Bacteria; Proteobacteria; Gammaproteobacteria; Enterobacteriales; Enterobacteriaceae; Unidentified_Enterobacteriaceae
282cb9c247be6f1350dc7175fb9ca290	0	0	0	0	2	0	0	0	0	0	0	0	0	0	0	0	0	0	0	0	0	0	0	0	0	0	0	0	0	0	Bacteria; Deinococcus-Thermus; Deinococci; Deinococcales; Trueperaceae; Truepera
ad86978dbd45d0036ba1f02caaa2c17d	0	0	0	0	2	0	0	0	0	0	0	0	0	0	0	0	0	0	0	0	0	0	0	0	0	0	0	0	0	0	Bacteria; Proteobacteria; Gammaproteobacteria; Pseudomonadales; Pseudomonadaceae; Pseudomonas
5a136b2dfe1fb027de1cd2c12fa26a5c	0	0	0	0	0	2	0	0	0	0	0	0	0	0	0	0	0	0	0	0	0	0	0	0	0	0	0	0	0	0	Bacteria; Unidentified_Bacteria; Unidentified_Bacteria; Unidentified_Bacteria; Unidentified_Bacteria; Unidentified_Bacteria
0eb0fc5d4174267ecace061730e3de71	0	0	0	0	0	2	0	0	0	0	0	0	0	0	0	0	0	0	0	0	0	0	0	0	0	0	0	0	0	0	Bacteria; Unidentified_Bacteria; Unidentified_Bacteria; Unidentified_Bacteria; Unidentified_Bacteria; Unidentified_Bacteria
279d3a43f1172601f28c1aa23763abdf	0	0	0	0	0	2	0	0	0	0	0	0	0	0	0	0	0	0	0	0	0	0	0	0	0	0	0	0	0	0	Bacteria; Proteobacteria; Gammaproteobacteria; Betaproteobacteriales; Neisseriaceae; uncultured
1aedbd820e86fa41bc807ea501fe1165	0	0	0	0	0	2	0	0	0	0	0	0	0	0	0	0	0	0	0	0	0	0	0	0	0	0	0	0	0	0	Bacteria; Chloroflexi; Anaerolineae; SBR1031; A4b; uncultured_bacterium
c72d7c1a3e495d62364eb0ed9e338de6	0	0	0	0	0	2	0	0	0	0	0	0	0	0	0	0	0	0	0	0	0	0	0	0	0	0	0	0	0	0	Bacteria; Proteobacteria; Gammaproteobacteria; Betaproteobacteriales; Burkholderiaceae; Burkholderia-Caballeronia-Paraburkholderia
4db782c25218ce80da3d48673975f58b	0	0	0	0	0	2	0	0	0	0	0	0	0	0	0	0	0	0	0	0	0	0	0	0	0	0	0	0	0	0	Bacteria; Proteobacteria; Alphaproteobacteria; Rickettsiales; Anaplasmataceae; Wolbachia
318034ec111e77e79573d5dea24fdc5a	0	0	0	0	0	2	0	0	0	0	0	0	0	0	0	0	0	0	0	0	0	0	0	0	0	0	0	0	0	0	Bacteria; Proteobacteria; Gammaproteobacteria; Alteromonadales; Idiomarinaceae; Idiomarina
8bb12952bc45fed6170a160212edee7d	0	0	0	0	0	2	0	0	0	0	0	0	0	0	0	0	0	0	0	0	0	0	0	0	0	0	0	0	0	0	Bacteria; Bacteroidetes; Bacteroidia; Flavobacteriales; Flavobacteriaceae; Flavobacterium
890240a11ab69d567698ac05dc04aede	0	0	0	0	0	2	0	0	0	0	0	0	0	0	0	0	0	0	0	0	0	0	0	0	0	0	0	0	0	0	Bacteria; Proteobacteria; Gammaproteobacteria; Pseudomonadales; Pseudomonadaceae; Pseudomonas
3c3b238fe1db90ff39bf09a879c4ba37	0	0	0	0	0	2	0	0	0	0	0	0	0	0	0	0	0	0	0	0	0	0	0	0	0	0	0	0	0	0	Bacteria; Proteobacteria; Gammaproteobacteria; Enterobacteriales; Enterobacteriaceae; Enterobacter
f8a8753640bd1c36e5f54716738529fb	0	0	0	0	0	2	0	0	0	0	0	0	0	0	0	0	0	0	0	0	0	0	0	0	0	0	0	0	0	0	Bacteria; Proteobacteria; Alphaproteobacteria; Rhizobiales; Rhizobiaceae; Allorhizobium-Neorhizobium-Pararhizobium-Rhizobium
e94124e4e8419f8f5b5f7db9b248c232	0	0	0	0	0	2	0	0	0	0	0	0	0	0	0	0	0	0	0	0	0	0	0	0	0	0	0	0	0	0	Bacteria; Proteobacteria; Deltaproteobacteria; Bdellovibrionales; Bdellovibrionaceae; Bdellovibrio
e479b60459fc6ac2d6fcbfe257f03b63	0	0	0	0	0	2	0	0	0	0	0	0	0	0	0	0	0	0	0	0	0	0	0	0	0	0	0	0	0	0	Bacteria; Proteobacteria; Alphaproteobacteria; Rhizobiales; Beijerinckiaceae; Methylobacterium
b181cb2e29de72d58b19654570bd8968	0	0	0	0	0	2	0	0	0	0	0	0	0	0	0	0	0	0	0	0	0	0	0	0	0	0	0	0	0	0	Bacteria; Firmicutes; Bacilli; Bacillales; Paenibacillaceae; Paenibacillus
a108a2ab009037ef63df92b1ca7a6126	0	0	0	0	0	2	0	0	0	0	0	0	0	0	0	0	0	0	0	0	0	0	0	0	0	0	0	0	0	0	Bacteria; Bacteroidetes; Bacteroidia; Sphingobacteriales; Sphingobacteriaceae; Sphingobacterium
ac648924801612cf991e0a4abe7a1565	0	0	0	0	0	2	0	0	0	0	0	0	0	0	0	0	0	0	0	0	0	0	0	0	0	0	0	0	0	0	Bacteria; Firmicutes; Clostridia; Clostridiales; Lachnospiraceae; Lachnoclostridium_5
5c0f6827a73005753291816d6bd0bebe	0	0	0	0	0	2	0	0	0	0	0	0	0	0	0	0	0	0	0	0	0	0	0	0	0	0	0	0	0	0	Bacteria; Proteobacteria; Alphaproteobacteria; Rickettsiales; Rickettsiaceae; Rickettsia
22a0bfebc23d2d51522419889b4c6a2a	0	0	0	0	0	0	2	0	0	0	0	0	0	0	0	0	0	0	0	0	0	0	0	0	0	0	0	0	0	0	Bacteria; Proteobacteria; Gammaproteobacteria; Pseudomonadales; Moraxellaceae; Acinetobacter
542d3f32d16f4dc3fded1ac61f2b853b	0	0	0	0	0	0	2	0	0	0	0	0	0	0	0	0	0	0	0	0	0	0	0	0	0	0	0	0	0	0	Bacteria; Chloroflexi; Chloroflexia; Thermomicrobiales; JG30-KF-CM45; uncultured_bacterium
a58ea4d7987e3041e508700e3b79201a	0	0	0	0	0	0	2	0	0	0	0	0	0	0	0	0	0	0	0	0	0	0	0	0	0	0	0	0	0	0	Bacteria; Proteobacteria; Gammaproteobacteria; Betaproteobacteriales; Burkholderiaceae; Unidentified_Burkholderiaceae
8378a248d776029a172c759cb2641156	0	0	0	0	0	0	2	0	0	0	0	0	0	0	0	0	0	0	0	0	0	0	0	0	0	0	0	0	0	0	Bacteria; Elusimicrobia; Elusimicrobia; Lineage_IV; Unidentified; Unidentified
4d24fabc01f1a4cc84d289dd97b20af5	0	0	0	0	0	0	2	0	0	0	0	0	0	0	0	0	0	0	0	0	0	0	0	0	0	0	0	0	0	0	Bacteria; Firmicutes; Bacilli; Bacillales; Paenibacillaceae; Paenibacillus
66727d88185dce4ff525443183c0c07e	0	0	0	0	0	0	2	0	0	0	0	0	0	0	0	0	0	0	0	0	0	0	0	0	0	0	0	0	0	0	Bacteria; Proteobacteria; Alphaproteobacteria; Rhizobiales; Rhizobiaceae; Allorhizobium-Neorhizobium-Pararhizobium-Rhizobium
71a3f96bd86365a7540da91daa5b13d6	0	0	0	0	0	0	2	0	0	0	0	0	0	0	0	0	0	0	0	0	0	0	0	0	0	0	0	0	0	0	Bacteria; Proteobacteria; Gammaproteobacteria; Xanthomonadales; Xanthomonadaceae; Stenotrophomonas
0def1a2a79bb007e8bf50b6e79a2d9b0	0	0	0	0	0	0	2	0	0	0	0	0	0	0	0	0	0	0	0	0	0	0	0	0	0	0	0	0	0	0	Bacteria; Proteobacteria; Gammaproteobacteria; Enterobacteriales; Enterobacteriaceae; Unidentified_Enterobacteriaceae
91a5ee596a0a7c9a5ec3f1358fd125cf	0	0	0	0	0	0	2	0	0	0	0	0	0	0	0	0	0	0	0	0	0	0	0	0	0	0	0	0	0	0	Bacteria; Proteobacteria; Gammaproteobacteria; Xanthomonadales; Xanthomonadaceae; Stenotrophomonas
c8ee1cedae0095002c4a6bffe935f728	0	0	0	0	0	0	2	0	0	0	0	0	0	0	0	0	0	0	0	0	0	0	0	0	0	0	0	0	0	0	Bacteria; Proteobacteria; Gammaproteobacteria; Enterobacteriales; Enterobacteriaceae; Escherichia-Shigella
220d2022767cf1b87724b90010be2ce3	0	0	0	0	0	0	2	0	0	0	0	0	0	0	0	0	0	0	0	0	0	0	0	0	0	0	0	0	0	0	Bacteria; Proteobacteria; Gammaproteobacteria; Pseudomonadales; Pseudomonadaceae; Pseudomonas
84327830eddc62401415bdb910c1a281	0	0	0	0	0	0	2	0	0	0	0	0	0	0	0	0	0	0	0	0	0	0	0	0	0	0	0	0	0	0	Bacteria; Actinobacteria; Actinobacteria; Streptosporangiales; Thermomonosporaceae; Actinomadura
0cc7cb276f7f2e62f4ec75af2609fd70	0	0	0	0	0	0	2	0	0	0	0	0	0	0	0	0	0	0	0	0	0	0	0	0	0	0	0	0	0	0	Bacteria; Proteobacteria; Gammaproteobacteria; Xanthomonadales; Xanthomonadaceae; Stenotrophomonas
733f5e58783c7c37db646f12060b58f9	0	0	0	0	0	0	2	0	0	0	0	0	0	0	0	0	0	0	0	0	0	0	0	0	0	0	0	0	0	0	Bacteria; Firmicutes; Bacilli; Bacillales; Bacillaceae; Bacillus
ad344dae3b79650475c670c4cbb9f479	0	0	0	0	0	0	2	0	0	0	0	0	0	0	0	0	0	0	0	0	0	0	0	0	0	0	0	0	0	0	Bacteria; Firmicutes; Bacilli; Bacillales; Staphylococcaceae; Staphylococcus
7c76ade9376be3feb2943c634cf8f78d	0	0	0	0	0	0	2	0	0	0	0	0	0	0	0	0	0	0	0	0	0	0	0	0	0	0	0	0	0	0	Bacteria; Planctomycetes; Planctomycetacia; Pirellulales; Pirellulaceae; Pir4_lineage
fb837c768a00b3bd699a4f3adbdbb074	0	0	0	0	0	0	0	2	0	0	0	0	0	0	0	0	0	0	0	0	0	0	0	0	0	0	0	0	0	0	Bacteria; Firmicutes; Bacilli; Bacillales; Paenibacillaceae; Paenibacillus
7c2568aa5f880958d376bc3ec010d332	0	0	0	0	0	0	0	2	0	0	0	0	0	0	0	0	0	0	0	0	0	0	0	0	0	0	0	0	0	0	Bacteria; Firmicutes; Bacilli; Bacillales; Bacillaceae; Bacillus
a7ade7464602733a6b654c10b7dbe43a	0	0	0	0	0	0	0	2	0	0	0	0	0	0	0	0	0	0	0	0	0	0	0	0	0	0	0	0	0	0	Bacteria; Proteobacteria; Unidentified_Proteobacteria; Unidentified_Proteobacteria; Unidentified_Proteobacteria; Unidentified_Proteobacteria
7bfefb3477d2f202cd360842311af352	0	0	0	0	0	0	0	2	0	0	0	0	0	0	0	0	0	0	0	0	0	0	0	0	0	0	0	0	0	0	Bacteria; Proteobacteria; Gammaproteobacteria; Xanthomonadales; Xanthomonadaceae; Pseudoxanthomonas
ae43da62b8b4d8cd3b0d7832520f33c3	0	0	0	0	0	0	0	2	0	0	0	0	0	0	0	0	0	0	0	0	0	0	0	0	0	0	0	0	0	0	Bacteria; Proteobacteria; Alphaproteobacteria; Reyranellales; Reyranellaceae; Reyranella
8d549e46aab0a4aaf242e35118dc12d1	0	0	0	0	0	0	0	2	0	0	0	0	0	0	0	0	0	0	0	0	0	0	0	0	0	0	0	0	0	0	Bacteria; Bacteroidetes; Bacteroidia; Sphingobacteriales; Sphingobacteriaceae; Sphingobacterium
ffd1e4952a02f8545d0cccf5aee77a12	0	0	0	0	0	0	0	2	0	0	0	0	0	0	0	0	0	0	0	0	0	0	0	0	0	0	0	0	0	0	Bacteria; Proteobacteria; Alphaproteobacteria; Rhizobiales; Rhizobiaceae; Shinella
a16c95da32f06cba84473ec993a115c6	0	0	0	0	0	0	0	2	0	0	0	0	0	0	0	0	0	0	0	0	0	0	0	0	0	0	0	0	0	0	Bacteria; Chloroflexi; Chloroflexia; Chloroflexales; Roseiflexaceae; uncultured
2864477b8716cf71251a0c3f16a23b09	0	0	0	0	0	0	0	2	0	0	0	0	0	0	0	0	0	0	0	0	0	0	0	0	0	0	0	0	0	0	Bacteria; Bacteroidetes; Bacteroidia; Flavobacteriales; Flavobacteriaceae; Flavobacterium
665460a3df59207cf10aca0d54817c4a	0	0	0	0	0	0	0	2	0	0	0	0	0	0	0	0	0	0	0	0	0	0	0	0	0	0	0	0	0	0	Bacteria; Proteobacteria; Alphaproteobacteria; Rhizobiales; Beijerinckiaceae; Methylobacterium
df5670272d3ac5c9b96b727d6d7dd7c1	0	0	0	0	0	0	0	2	0	0	0	0	0	0	0	0	0	0	0	0	0	0	0	0	0	0	0	0	0	0	Bacteria; Proteobacteria; Gammaproteobacteria; Enterobacteriales; Enterobacteriaceae; Unidentified_Enterobacteriaceae
49e2a802afbe9abdb89eeb4a916fdcfc	0	0	0	0	0	0	0	2	0	0	0	0	0	0	0	0	0	0	0	0	0	0	0	0	0	0	0	0	0	0	Bacteria; Actinobacteria; Actinobacteria; Corynebacteriales; Mycobacteriaceae; Mycobacterium
218d557c5755b60b50514a5c2feb83a8	0	0	0	0	0	0	0	2	0	0	0	0	0	0	0	0	0	0	0	0	0	0	0	0	0	0	0	0	0	0	Bacteria; Firmicutes; Bacilli; Lactobacillales; Leuconostocaceae; Weissella
dbb75f83819d8837d60057c86eaba41c	0	0	0	0	0	0	0	2	0	0	0	0	0	0	0	0	0	0	0	0	0	0	0	0	0	0	0	0	0	0	Bacteria; Firmicutes; Bacilli; Bacillales; Unidentified_Bacillales; Unidentified_Bacillales
3e6d7a13b81a195e38ba57188a00e655	0	0	0	0	0	0	0	2	0	0	0	0	0	0	0	0	0	0	0	0	0	0	0	0	0	0	0	0	0	0	Bacteria; Actinobacteria; Actinobacteria; Frankiales; Nakamurellaceae; Nakamurella
c784d8c932ac309cb06ea9f7c317ebbb	0	0	0	0	0	0	0	2	0	0	0	0	0	0	0	0	0	0	0	0	0	0	0	0	0	0	0	0	0	0	Bacteria; Proteobacteria; Gammaproteobacteria; Enterobacteriales; Enterobacteriaceae; Unidentified_Enterobacteriaceae
bf2de156f8cdcbd82a9dd941eb0dc817	0	0	0	0	0	0	0	0	2	0	0	0	0	0	0	0	0	0	0	0	0	0	0	0	0	0	0	0	0	0	Bacteria; Firmicutes; Bacilli; Bacillales; Paenibacillaceae; Paenibacillus
490d393e08debfc6f199bbf1f9382326	0	0	0	0	0	0	0	0	2	0	0	0	0	0	0	0	0	0	0	0	0	0	0	0	0	0	0	0	0	0	Bacteria; Acidobacteria; Acidobacteriia; Subgroup_2; uncultured_bacterium; uncultured_bacterium
c0c51451ce75b0d39cf6913df77bef7b	0	0	0	0	0	0	0	0	2	0	0	0	0	0	0	0	0	0	0	0	0	0	0	0	0	0	0	0	0	0	Bacteria; Bacteroidetes; Bacteroidia; Chitinophagales; Chitinophagaceae; Taibaiella
9104d2877f53106850e94d89a2add7dc	0	0	0	0	0	0	0	0	2	0	0	0	0	0	0	0	0	0	0	0	0	0	0	0	0	0	0	0	0	0	Bacteria; Bacteroidetes; Bacteroidia; Sphingobacteriales; Sphingobacteriaceae; Parapedobacter
742a97dcc461391b9744e83650a3140c	0	0	0	0	0	0	0	0	2	0	0	0	0	0	0	0	0	0	0	0	0	0	0	0	0	0	0	0	0	0	Bacteria; Chloroflexi; OLB14; uncultured_bacterium; uncultured_bacterium; uncultured_bacterium
137c4c00e84c285dbc20a7430c80aea5	0	0	0	0	0	0	0	0	2	0	0	0	0	0	0	0	0	0	0	0	0	0	0	0	0	0	0	0	0	0	Bacteria; Firmicutes; Clostridia; Clostridiales; Christensenellaceae; Christensenellaceae_R-7_group
f7cac03ac51ba3593ca612e8b8b6fffd	0	0	0	0	0	0	0	0	2	0	0	0	0	0	0	0	0	0	0	0	0	0	0	0	0	0	0	0	0	0	Bacteria; Chloroflexi; Chloroflexia; Thermomicrobiales; JG30-KF-CM45; uncultured_bacterium
bc2f51fbfc1ef15ba7210baa95c9d68f	0	0	0	0	0	0	0	0	2	0	0	0	0	0	0	0	0	0	0	0	0	0	0	0	0	0	0	0	0	0	Bacteria; Proteobacteria; Alphaproteobacteria; Rhizobiales; Rhizobiaceae; Allorhizobium-Neorhizobium-Pararhizobium-Rhizobium
f341f80448701a5a141ee9efe75f814a	0	0	0	0	0	0	0	0	2	0	0	0	0	0	0	0	0	0	0	0	0	0	0	0	0	0	0	0	0	0	Bacteria; Planctomycetes; Planctomycetacia; Pirellulales; Pirellulaceae; Pir4_lineage
007805026a2cf72d71f22c9922773bd2	0	0	0	0	0	0	0	0	2	0	0	0	0	0	0	0	0	0	0	0	0	0	0	0	0	0	0	0	0	0	Bacteria; Proteobacteria; Alphaproteobacteria; Reyranellales; Reyranellaceae; Reyranella
cbf735bbbd306ce9414d6513af4e6dcc	0	0	0	0	0	0	0	0	0	2	0	0	0	0	0	0	0	0	0	0	0	0	0	0	0	0	0	0	0	0	Bacteria; Bacteroidetes; Bacteroidia; Bacteroidales; Tannerellaceae; Tannerella
2ab9e0bd20696e7fe6bbef3d971531b4	0	0	0	0	0	0	0	0	0	2	0	0	0	0	0	0	0	0	0	0	0	0	0	0	0	0	0	0	0	0	Bacteria; Proteobacteria; Gammaproteobacteria; Enterobacteriales; Enterobacteriaceae; Unidentified_Enterobacteriaceae
878f85bf071bbba1b7310c6b86930b38	0	0	0	0	0	0	0	0	0	2	0	0	0	0	0	0	0	0	0	0	0	0	0	0	0	0	0	0	0	0	Bacteria; Elusimicrobia; Elusimicrobia; Lineage_IV; Unidentified; Unidentified
a1283c8654be1fed3be0850e533de06d	0	0	0	0	0	0	0	0	0	2	0	0	0	0	0	0	0	0	0	0	0	0	0	0	0	0	0	0	0	0	Bacteria; Actinobacteria; Actinobacteria; Micrococcales; Micrococcales_Incertae_Sedis; Timonella
624c272fe9e86d17713ab224527dd88e	0	0	0	0	0	0	0	0	0	2	0	0	0	0	0	0	0	0	0	0	0	0	0	0	0	0	0	0	0	0	Bacteria; Firmicutes; Bacilli; Lactobacillales; Leuconostocaceae; Weissella
ac181b0ffdb80a2288e98e684eea0be5	0	0	0	0	0	0	0	0	0	2	0	0	0	0	0	0	0	0	0	0	0	0	0	0	0	0	0	0	0	0	Bacteria; Firmicutes; Bacilli; Bacillales; Staphylococcaceae; Staphylococcus
f8a0335581944578fc58bd97f8d82a79	0	0	0	0	0	0	0	0	0	2	0	0	0	0	0	0	0	0	0	0	0	0	0	0	0	0	0	0	0	0	Bacteria; Actinobacteria; Actinobacteria; Streptosporangiales; Thermomonosporaceae; Unidentified_Thermomonosporaceae
c143fefccf3dd01ea1faabb04bcd8ee9	0	0	0	0	0	0	0	0	0	2	0	0	0	0	0	0	0	0	0	0	0	0	0	0	0	0	0	0	0	0	Bacteria; Proteobacteria; Gammaproteobacteria; Pseudomonadales; Pseudomonadaceae; Pseudomonas
a8f150c998f963abe6da2b93771dffb2	0	0	0	0	0	0	0	0	0	2	0	0	0	0	0	0	0	0	0	0	0	0	0	0	0	0	0	0	0	0	Bacteria; Planctomycetes; Planctomycetacia; Pirellulales; Pirellulaceae; uncultured
41018c82321f761db01017bac2276d88	0	0	0	0	0	0	0	0	0	2	0	0	0	0	0	0	0	0	0	0	0	0	0	0	0	0	0	0	0	0	Bacteria; Chlamydiae; Chlamydiae; Chlamydiales; Parachlamydiaceae; Candidatus_Protochlamydia
5a2f4094a75bc6e0ff6204aa3db8ff18	0	0	0	0	0	0	0	0	0	2	0	0	0	0	0	0	0	0	0	0	0	0	0	0	0	0	0	0	0	0	Bacteria; Proteobacteria; Gammaproteobacteria; Pseudomonadales; Pseudomonadaceae; Pseudomonas
9bfc02e791bd8a1ab63c7da643d95717	0	0	0	0	0	0	0	0	0	2	0	0	0	0	0	0	0	0	0	0	0	0	0	0	0	0	0	0	0	0	Bacteria; Firmicutes; Bacilli; Bacillales; Bacillaceae; Bacillus
6ebc38b74fea170941fce82f054b450e	0	0	0	0	0	0	0	0	0	2	0	0	0	0	0	0	0	0	0	0	0	0	0	0	0	0	0	0	0	0	Bacteria; Chloroflexi; Anaerolineae; SBR1031; A4b; uncultured_bacterium
dba846628626d28cd992ae6f38219e16	0	0	0	0	0	0	0	0	0	2	0	0	0	0	0	0	0	0	0	0	0	0	0	0	0	0	0	0	0	0	Bacteria; Proteobacteria; Gammaproteobacteria; Enterobacteriales; Enterobacteriaceae; Enterobacter
b84c5da7b450e6f00b51bdcad04e8afa	0	0	0	0	0	0	0	0	0	2	0	0	0	0	0	0	0	0	0	0	0	0	0	0	0	0	0	0	0	0	Bacteria; Actinobacteria; Actinobacteria; Pseudonocardiales; Pseudonocardiaceae; Saccharopolyspora
f4b2b3b71c6b36b2e688b4886855051c	0	0	0	0	0	0	0	0	0	2	0	0	0	0	0	0	0	0	0	0	0	0	0	0	0	0	0	0	0	0	Bacteria; Proteobacteria; Gammaproteobacteria; Enterobacteriales; Enterobacteriaceae; Unidentified_Enterobacteriaceae
1074339be4942aa466007d130beff414	0	0	0	0	0	0	0	0	0	2	0	0	0	0	0	0	0	0	0	0	0	0	0	0	0	0	0	0	0	0	Bacteria; Proteobacteria; Deltaproteobacteria; Myxococcales; Sandaracinaceae; Sandaracinus
df017b421b7a0f9b9c395e607ab11d3c	0	0	0	0	0	0	0	0	0	2	0	0	0	0	0	0	0	0	0	0	0	0	0	0	0	0	0	0	0	0	Bacteria; Dependentiae; Babeliae; Babeliales; Vermiphilaceae; Unidentified_Vermiphilaceae
e7f233eb0b1c5cb3c60a59c116f6bdb6	0	0	0	0	0	0	0	0	0	2	0	0	0	0	0	0	0	0	0	0	0	0	0	0	0	0	0	0	0	0	Bacteria; Proteobacteria; Gammaproteobacteria; Enterobacteriales; Enterobacteriaceae; Unidentified_Enterobacteriaceae
814d36cce47414becceb7665900831e6	0	0	0	0	0	0	0	0	0	2	0	0	0	0	0	0	0	0	0	0	0	0	0	0	0	0	0	0	0	0	Bacteria; Fusobacteria; Fusobacteriia; Fusobacteriales; Leptotrichiaceae; Leptotrichia
33c90f122cb6948abfb5f87879f003bc	0	0	0	0	0	0	0	0	0	2	0	0	0	0	0	0	0	0	0	0	0	0	0	0	0	0	0	0	0	0	Bacteria; Proteobacteria; Gammaproteobacteria; Betaproteobacteriales; Burkholderiaceae; Unidentified_Burkholderiaceae
b490e38451971bd0943a31aa242a1a6c	0	0	0	0	0	0	0	0	0	2	0	0	0	0	0	0	0	0	0	0	0	0	0	0	0	0	0	0	0	0	Bacteria; Proteobacteria; Gammaproteobacteria; Enterobacteriales; Enterobacteriaceae; Unidentified_Enterobacteriaceae
db0a47063e4cadc3a2f151ea1b5b46d6	0	0	0	0	0	0	0	0	0	2	0	0	0	0	0	0	0	0	0	0	0	0	0	0	0	0	0	0	0	0	Bacteria; Firmicutes; Bacilli; Bacillales; Bacillaceae; Bacillus
1efc2eff12b31f9fbec6145da9f48f8c	0	0	0	0	0	0	0	0	0	2	0	0	0	0	0	0	0	0	0	0	0	0	0	0	0	0	0	0	0	0	Bacteria; Proteobacteria; Gammaproteobacteria; Pseudomonadales; Pseudomonadaceae; Pseudomonas
4d9cbaad40005ae14af5cd167d5c1025	0	0	0	0	0	0	0	0	0	0	2	0	0	0	0	0	0	0	0	0	0	0	0	0	0	0	0	0	0	0	Bacteria; Proteobacteria; Gammaproteobacteria; Gammaproteobacteria_Incertae_Sedis; Unknown_Family; Acidibacter
9a95457599315ccd4289e4a4c4f1caac	0	0	0	0	0	0	0	0	0	0	2	0	0	0	0	0	0	0	0	0	0	0	0	0	0	0	0	0	0	0	Bacteria; Proteobacteria; Gammaproteobacteria; Betaproteobacteriales; Burkholderiaceae; Ralstonia
a3a9bed29c87d575a19ea88d849d3d3c	0	0	0	0	0	0	0	0	0	0	2	0	0	0	0	0	0	0	0	0	0	0	0	0	0	0	0	0	0	0	Bacteria; Proteobacteria; Gammaproteobacteria; Pseudomonadales; Pseudomonadaceae; Pseudomonas
cb2b0a99b90e1f0708e4309b355a2ad7	0	0	0	0	0	0	0	0	0	0	2	0	0	0	0	0	0	0	0	0	0	0	0	0	0	0	0	0	0	0	Bacteria; Firmicutes; Clostridia; Clostridiales; Family_XI; Anaerococcus
142f8c5ce2e00a7ccc54d4b213704b23	0	0	0	0	0	0	0	0	0	0	2	0	0	0	0	0	0	0	0	0	0	0	0	0	0	0	0	0	0	0	Bacteria; Firmicutes; Bacilli; Bacillales; Paenibacillaceae; Paenibacillus
ceaa57a239bc8bcd0184b4355b2f7553	0	0	0	0	0	0	0	0	0	0	2	0	0	0	0	0	0	0	0	0	0	0	0	0	0	0	0	0	0	0	Bacteria; Proteobacteria; Alphaproteobacteria; Sphingomonadales; Sphingomonadaceae; Sphingomonas
315affe0c22bc1bcb2da724243a1763d	0	0	0	0	0	0	0	0	0	0	2	0	0	0	0	0	0	0	0	0	0	0	0	0	0	0	0	0	0	0	Bacteria; Bacteroidetes; Bacteroidia; Sphingobacteriales; Sphingobacteriaceae; Parapedobacter
0fffcd8db217b855f2ace325abfa9b28	0	0	0	0	0	0	0	0	0	0	2	0	0	0	0	0	0	0	0	0	0	0	0	0	0	0	0	0	0	0	Bacteria; Proteobacteria; Gammaproteobacteria; Pseudomonadales; Pseudomonadaceae; Pseudomonas
6abff9ff1580450c991a7fe953462e19	0	0	0	0	0	0	0	0	0	0	2	0	0	0	0	0	0	0	0	0	0	0	0	0	0	0	0	0	0	0	Bacteria; Firmicutes; Clostridia; Clostridiales; Clostridiaceae_1; Clostridium_sensu_stricto_1
ebc9fc6c5034b72f71ecfdaff3521e60	0	0	0	0	0	0	0	0	0	0	2	0	0	0	0	0	0	0	0	0	0	0	0	0	0	0	0	0	0	0	Bacteria; Unidentified_Bacteria; Unidentified_Bacteria; Unidentified_Bacteria; Unidentified_Bacteria; Unidentified_Bacteria
893865ad499682fdf2a652a1ee28c63d	0	0	0	0	0	0	0	0	0	0	2	0	0	0	0	0	0	0	0	0	0	0	0	0	0	0	0	0	0	0	Bacteria; Verrucomicrobia; Verrucomicrobiae; Verrucomicrobiales; Rubritaleaceae; Luteolibacter
9b3230ce8d9a474e074d4ca080af112d	0	0	0	0	0	0	0	0	0	0	2	0	0	0	0	0	0	0	0	0	0	0	0	0	0	0	0	0	0	0	Bacteria; Proteobacteria; Gammaproteobacteria; Pseudomonadales; Moraxellaceae; Acinetobacter
59b8a4258d74c9590b07d93653c9ac58	0	0	0	0	0	0	0	0	0	0	2	0	0	0	0	0	0	0	0	0	0	0	0	0	0	0	0	0	0	0	Bacteria; Bacteroidetes; Bacteroidia; Bacteroidales; Dysgonomonadaceae; uncultured
b14be15132ced314b149adf0c0491801	0	0	0	0	0	0	0	0	0	0	0	2	0	0	0	0	0	0	0	0	0	0	0	0	0	0	0	0	0	0	Bacteria; Actinobacteria; Actinobacteria; Streptomycetales; Streptomycetaceae; Streptomyces
a0ab565f9bb816069cf1e5ddec338629	0	0	0	0	0	0	0	0	0	0	0	2	0	0	0	0	0	0	0	0	0	0	0	0	0	0	0	0	0	0	Bacteria; Proteobacteria; Gammaproteobacteria; Betaproteobacteriales; Burkholderiaceae; Unidentified_Burkholderiaceae
4f9ac49e4335a8d2c001c1f5dfcbe6e4	0	0	0	0	0	0	0	0	0	0	0	2	0	0	0	0	0	0	0	0	0	0	0	0	0	0	0	0	0	0	Bacteria; Proteobacteria; Gammaproteobacteria; Enterobacteriales; Enterobacteriaceae; Kosakonia
0268fb9fce12773d19c6a01ee932b4eb	0	0	0	0	0	0	0	0	0	0	0	2	0	0	0	0	0	0	0	0	0	0	0	0	0	0	0	0	0	0	Bacteria; Proteobacteria; Gammaproteobacteria; Betaproteobacteriales; Burkholderiaceae; Cupriavidus
2a308bd26a3637923016008f545a75b5	0	0	0	0	0	0	0	0	0	0	0	2	0	0	0	0	0	0	0	0	0	0	0	0	0	0	0	0	0	0	Bacteria; Gemmatimonadetes; Longimicrobia; Longimicrobiales; Longimicrobiaceae; uncultured_bacterium
7b018d3ed27eaaa4268c65ef24ac0dce	0	0	0	0	0	0	0	0	0	0	0	2	0	0	0	0	0	0	0	0	0	0	0	0	0	0	0	0	0	0	Bacteria; Proteobacteria; Gammaproteobacteria; Enterobacteriales; Enterobacteriaceae; Unidentified_Enterobacteriaceae
3f918a83d9fd0811708fc90d5089d9c9	0	0	0	0	0	0	0	0	0	0	0	2	0	0	0	0	0	0	0	0	0	0	0	0	0	0	0	0	0	0	Bacteria; Proteobacteria; Gammaproteobacteria; Betaproteobacteriales; Burkholderiaceae; Noviherbaspirillum
afe80e314c711b5cc2826798dcc3f719	0	0	0	0	0	0	0	0	0	0	0	2	0	0	0	0	0	0	0	0	0	0	0	0	0	0	0	0	0	0	Bacteria; Proteobacteria; Gammaproteobacteria; Enterobacteriales; Enterobacteriaceae; Escherichia-Shigella
19e36f244db7b221e09f6130b11950f1	0	0	0	0	0	0	0	0	0	0	0	2	0	0	0	0	0	0	0	0	0	0	0	0	0	0	0	0	0	0	Bacteria; Proteobacteria; Gammaproteobacteria; Gammaproteobacteria_Incertae_Sedis; Unknown_Family; Acidibacter
d6d027b11ae343b9e623fa94a653c49e	0	0	0	0	0	0	0	0	0	0	0	2	0	0	0	0	0	0	0	0	0	0	0	0	0	0	0	0	0	0	Bacteria; Proteobacteria; Gammaproteobacteria; Enterobacteriales; Enterobacteriaceae; Unidentified_Enterobacteriaceae
924cacea87711ae013c002433a9acde3	0	0	0	0	0	0	0	0	0	0	0	0	2	0	0	0	0	0	0	0	0	0	0	0	0	0	0	0	0	0	Bacteria; Proteobacteria; Gammaproteobacteria; Betaproteobacteriales; Burkholderiaceae; Massilia
8b439c776e598714e3aee8fdf10d2a8d	0	0	0	0	0	0	0	0	0	0	0	0	2	0	0	0	0	0	0	0	0	0	0	0	0	0	0	0	0	0	Bacteria; Planctomycetes; Planctomycetacia; Gemmatales; Gemmataceae; uncultured
f597104d4c51a8a9be80a23854a40e42	0	0	0	0	0	0	0	0	0	0	0	0	2	0	0	0	0	0	0	0	0	0	0	0	0	0	0	0	0	0	Bacteria; Proteobacteria; Gammaproteobacteria; Pseudomonadales; Pseudomonadaceae; Pseudomonas
7e6cf7549ab61e013f681e90b98e8aa8	0	0	0	0	0	0	0	0	0	0	0	0	2	0	0	0	0	0	0	0	0	0	0	0	0	0	0	0	0	0	Bacteria; Proteobacteria; Gammaproteobacteria; Betaproteobacteriales; Burkholderiaceae; Unidentified_Burkholderiaceae
2db33794e5e19e9c5bdfdfdd3cbf33d7	0	0	0	0	0	0	0	0	0	0	0	0	2	0	0	0	0	0	0	0	0	0	0	0	0	0	0	0	0	0	Bacteria; Actinobacteria; Actinobacteria; Streptosporangiales; Nocardiopsaceae; Unidentified_Nocardiopsaceae
4bd1ec11dfd13daa1012539204501466	0	0	0	0	0	0	0	0	0	0	0	0	2	0	0	0	0	0	0	0	0	0	0	0	0	0	0	0	0	0	Bacteria; Firmicutes; Bacilli; Bacillales; Paenibacillaceae; Paenibacillus
e23f9806910297f270bc1747c43b818c	0	0	0	0	0	0	0	0	0	0	0	0	2	0	0	0	0	0	0	0	0	0	0	0	0	0	0	0	0	0	Bacteria; Firmicutes; Bacilli; Lactobacillales; Lactobacillaceae; Lactobacillus
7d5ecbc383eff3060fa783812ea86ce6	0	0	0	0	0	0	0	0	0	0	0	0	2	0	0	0	0	0	0	0	0	0	0	0	0	0	0	0	0	0	Bacteria; Actinobacteria; Actinobacteria; Micrococcales; Microbacteriaceae; Leucobacter
bf984a3550f5af75a4be6dc5b65b48c8	0	0	0	0	0	0	0	0	0	0	0	0	2	0	0	0	0	0	0	0	0	0	0	0	0	0	0	0	0	0	Bacteria; Proteobacteria; Alphaproteobacteria; Rhizobiales; Devosiaceae; Pelagibacterium
ab2cd7c8101b8ae4f87bad7a070e191a	0	0	0	0	0	0	0	0	0	0	0	0	2	0	0	0	0	0	0	0	0	0	0	0	0	0	0	0	0	0	Bacteria; Proteobacteria; Alphaproteobacteria; Rhizobiales; Rhizobiaceae; Shinella
9f49b468d3a78077cebc763625806beb	0	0	0	0	0	0	0	0	0	0	0	0	2	0	0	0	0	0	0	0	0	0	0	0	0	0	0	0	0	0	Bacteria; Proteobacteria; Alphaproteobacteria; Rhizobiales; Rhizobiaceae; Allorhizobium-Neorhizobium-Pararhizobium-Rhizobium
b4359f49c876b0bde09f8c48cf5f3d61	0	0	0	0	0	0	0	0	0	0	0	0	2	0	0	0	0	0	0	0	0	0	0	0	0	0	0	0	0	0	Bacteria; Chloroflexi; Anaerolineae; SBR1031; A4b; uncultured_bacterium
b78b78cc106ff095d79cc9813a08554d	0	0	0	0	0	0	0	0	0	0	0	0	2	0	0	0	0	0	0	0	0	0	0	0	0	0	0	0	0	0	Bacteria; Proteobacteria; Alphaproteobacteria; Rhodobacterales; Rhodobacteraceae; Rhodobacter
7d10da443cf38d73498a2deef167740f	0	0	0	0	0	0	0	0	0	0	0	0	2	0	0	0	0	0	0	0	0	0	0	0	0	0	0	0	0	0	Bacteria; Actinobacteria; Actinobacteria; Corynebacteriales; Corynebacteriaceae; Corynebacterium_1
2b85a70c1c00889450a28f160a916638	0	0	0	0	0	0	0	0	0	0	0	0	2	0	0	0	0	0	0	0	0	0	0	0	0	0	0	0	0	0	Bacteria; Proteobacteria; Gammaproteobacteria; Pseudomonadales; Pseudomonadaceae; Pseudomonas
3f90fabea57c2d11504655bffc677e5b	0	0	0	0	0	0	0	0	0	0	0	0	2	0	0	0	0	0	0	0	0	0	0	0	0	0	0	0	0	0	Bacteria; Firmicutes; Bacilli; Bacillales; Bacillaceae; Bacillus
d734b10cc41013ee83e6121904670be9	0	0	0	0	0	0	0	0	0	0	0	0	2	0	0	0	0	0	0	0	0	0	0	0	0	0	0	0	0	0	Bacteria; Proteobacteria; Gammaproteobacteria; Alteromonadales; Alteromonadaceae; Alishewanella
01b3e47734b7d12bef53a2588a662238	0	0	0	0	0	0	0	0	0	0	0	0	2	0	0	0	0	0	0	0	0	0	0	0	0	0	0	0	0	0	Bacteria; Proteobacteria; Alphaproteobacteria; Caulobacterales; Caulobacteraceae; Brevundimonas
9f3b4e5f8f0977be42bd614f98d90aa3	0	0	0	0	0	0	0	0	0	0	0	0	2	0	0	0	0	0	0	0	0	0	0	0	0	0	0	0	0	0	Bacteria; Proteobacteria; Gammaproteobacteria; Oceanospirillales; Halomonadaceae; Halomonas
f98d129f1cdf9496167a0d1d9789252d	0	0	0	0	0	0	0	0	0	0	0	0	2	0	0	0	0	0	0	0	0	0	0	0	0	0	0	0	0	0	Bacteria; Actinobacteria; Actinobacteria; Streptosporangiales; Nocardiopsaceae; Unidentified_Nocardiopsaceae
1528f4dfd97cd395f4093a748d5b2112	0	0	0	0	0	0	0	0	0	0	0	0	2	0	0	0	0	0	0	0	0	0	0	0	0	0	0	0	0	0	Bacteria; Proteobacteria; Deltaproteobacteria; Bdellovibrionales; Bacteriovoracaceae; Peredibacter
da933e7797655a97b2855bfbef884638	0	0	0	0	0	0	0	0	0	0	0	0	2	0	0	0	0	0	0	0	0	0	0	0	0	0	0	0	0	0	Bacteria; Firmicutes; Bacilli; Lactobacillales; Lactobacillaceae; Lactobacillus
59777186ad2e0947e97615b5d6225136	0	0	0	0	0	0	0	0	0	0	0	0	2	0	0	0	0	0	0	0	0	0	0	0	0	0	0	0	0	0	Bacteria; Firmicutes; Clostridia; Clostridiales; Ruminococcaceae; Faecalibacterium
83df9942b097e52365748a866e282695	0	0	0	0	0	0	0	0	0	0	0	0	2	0	0	0	0	0	0	0	0	0	0	0	0	0	0	0	0	0	Bacteria; Firmicutes; Bacilli; Lactobacillales; Lactobacillaceae; Lactobacillus
a7724d9beefab0ae52420ff509014610	0	0	0	0	0	0	0	0	0	0	0	0	2	0	0	0	0	0	0	0	0	0	0	0	0	0	0	0	0	0	Bacteria; Proteobacteria; Gammaproteobacteria; Xanthomonadales; Xanthomonadaceae; Stenotrophomonas
4b2212d9fa8d9bb44a89ac2e1475bb53	0	0	0	0	0	0	0	0	0	0	0	0	2	0	0	0	0	0	0	0	0	0	0	0	0	0	0	0	0	0	Bacteria; Bacteroidetes; Bacteroidia; Sphingobacteriales; Sphingobacteriaceae; Sphingobacterium
7400d4c10b85502bd47d5542d64d3389	0	0	0	0	0	0	0	0	0	0	0	0	2	0	0	0	0	0	0	0	0	0	0	0	0	0	0	0	0	0	Bacteria; Actinobacteria; Actinobacteria; Corynebacteriales; Corynebacteriaceae; Corynebacterium_1
0059c131834c7201a678c2da394e065f	0	0	0	0	0	0	0	0	0	0	0	0	2	0	0	0	0	0	0	0	0	0	0	0	0	0	0	0	0	0	Bacteria; Deinococcus-Thermus; Deinococci; Deinococcales; Deinococcaceae; Deinococcus
b65c120c7c3b87fa30b38a6381f3ff73	0	0	0	0	0	0	0	0	0	0	0	0	2	0	0	0	0	0	0	0	0	0	0	0	0	0	0	0	0	0	Bacteria; Proteobacteria; Gammaproteobacteria; Pseudomonadales; Pseudomonadaceae; Pseudomonas
2adf15168a8586fe09e53c263fff71d0	0	0	0	0	0	0	0	0	0	0	0	0	2	0	0	0	0	0	0	0	0	0	0	0	0	0	0	0	0	0	Bacteria; Firmicutes; Bacilli; Bacillales; Staphylococcaceae; Staphylococcus
47acacb093562158daca4e4c01affbc2	0	0	0	0	0	0	0	0	0	0	0	0	2	0	0	0	0	0	0	0	0	0	0	0	0	0	0	0	0	0	Bacteria; Proteobacteria; Gammaproteobacteria; Betaproteobacteriales; Burkholderiaceae; Massilia
8ca328e8fb8180bf407b529e9e997718	0	0	0	0	0	0	0	0	0	0	0	0	2	0	0	0	0	0	0	0	0	0	0	0	0	0	0	0	0	0	Bacteria; Bacteroidetes; Bacteroidia; Bacteroidales; Prevotellaceae; Prevotella_9
fd1b3d9d88757316b35f218ac5c39996	0	0	0	0	0	0	0	0	0	0	0	0	2	0	0	0	0	0	0	0	0	0	0	0	0	0	0	0	0	0	Bacteria; Firmicutes; Limnochordia; Limnochordales; Limnochordaceae; Unidentified_Limnochordaceae
c67dbbaf501e21a5088de8f40232c0ca	0	0	0	0	0	0	0	0	0	0	0	0	2	0	0	0	0	0	0	0	0	0	0	0	0	0	0	0	0	0	Bacteria; Proteobacteria; Gammaproteobacteria; Betaproteobacteriales; Burkholderiaceae; Unidentified_Burkholderiaceae
1be0d123e99d95fca12211f67716ea39	0	0	0	0	0	0	0	0	0	0	0	0	2	0	0	0	0	0	0	0	0	0	0	0	0	0	0	0	0	0	Bacteria; Actinobacteria; Actinobacteria; Streptosporangiales; Nocardiopsaceae; Nocardiopsis
4246eca00dac1758ecbebdc8222ce780	0	0	0	0	0	0	0	0	0	0	0	0	2	0	0	0	0	0	0	0	0	0	0	0	0	0	0	0	0	0	Bacteria; Proteobacteria; Gammaproteobacteria; Betaproteobacteriales; Burkholderiaceae; Ralstonia
bffecaa88ee4f199d2a9e7939f3bfa6f	0	0	0	0	0	0	0	0	0	0	0	0	2	0	0	0	0	0	0	0	0	0	0	0	0	0	0	0	0	0	Bacteria; Proteobacteria; Alphaproteobacteria; Rhizobiales; Beijerinckiaceae; Methylobacterium
cb8a002fa3407f6a6df89462566ce0e4	0	0	0	0	0	0	0	0	0	0	0	0	2	0	0	0	0	0	0	0	0	0	0	0	0	0	0	0	0	0	Bacteria; Proteobacteria; Gammaproteobacteria; Pseudomonadales; Pseudomonadaceae; Pseudomonas
f64e8b984683c3957e6700435ae1ace5	0	0	0	0	0	0	0	0	0	0	0	0	2	0	0	0	0	0	0	0	0	0	0	0	0	0	0	0	0	0	Bacteria; Proteobacteria; Alphaproteobacteria; Rhizobiales; Devosiaceae; Devosia
9158f27096d1c30832e149f50d761c66	0	0	0	0	0	0	0	0	0	0	0	0	2	0	0	0	0	0	0	0	0	0	0	0	0	0	0	0	0	0	Bacteria; Firmicutes; Bacilli; Bacillales; Bacillaceae; Bacillus
046ef0f41e6b0c415b1a48fe0371ee86	0	0	0	0	0	0	0	0	0	0	0	0	2	0	0	0	0	0	0	0	0	0	0	0	0	0	0	0	0	0	Bacteria; Gemmatimonadetes; Gemmatimonadetes; Gemmatimonadales; Gemmatimonadaceae; Gemmatirosa
82e83e1ca38ba3e71cab3ea5b675306a	0	0	0	0	0	0	0	0	0	0	0	0	2	0	0	0	0	0	0	0	0	0	0	0	0	0	0	0	0	0	Bacteria; Proteobacteria; Alphaproteobacteria; Rhizobiales; Beijerinckiaceae; Methylobacterium
1319a1c035a3471e1389a419d30d301d	0	0	0	0	0	0	0	0	0	0	0	0	2	0	0	0	0	0	0	0	0	0	0	0	0	0	0	0	0	0	Bacteria; Firmicutes; Bacilli; Bacillales; Staphylococcaceae; Staphylococcus
4684212b850760fc4da76cc486d59ca1	0	0	0	0	0	0	0	0	0	0	0	0	2	0	0	0	0	0	0	0	0	0	0	0	0	0	0	0	0	0	Bacteria; Proteobacteria; Alphaproteobacteria; Rhizobiales; Rhizobiaceae; Allorhizobium-Neorhizobium-Pararhizobium-Rhizobium
bb147edeec3e2ebccf188b5f919985f1	0	0	0	0	0	0	0	0	0	0	0	0	2	0	0	0	0	0	0	0	0	0	0	0	0	0	0	0	0	0	Bacteria; Firmicutes; Bacilli; Bacillales; Bacillaceae; Bacillus
5ad6031cec9ffb9fe3a37bc384ae99cd	0	0	0	0	0	0	0	0	0	0	0	0	2	0	0	0	0	0	0	0	0	0	0	0	0	0	0	0	0	0	Bacteria; Proteobacteria; Gammaproteobacteria; Betaproteobacteriales; Burkholderiaceae; Achromobacter
dd53a08fdfce6f6f3e2faaadc5617764	0	0	0	0	0	0	0	0	0	0	0	0	2	0	0	0	0	0	0	0	0	0	0	0	0	0	0	0	0	0	Bacteria; Firmicutes; Clostridia; Clostridiales; Clostridiaceae_1; Clostridium_sensu_stricto_1
a5dcfa8cb9ff89bf86d0f845a7565595	0	0	0	0	0	0	0	0	0	0	0	0	2	0	0	0	0	0	0	0	0	0	0	0	0	0	0	0	0	0	Bacteria; Proteobacteria; Alphaproteobacteria; Rhizobiales; Devosiaceae; Devosia
8554434497ea53db2d626e71a7f022b9	0	0	0	0	0	0	0	0	0	0	0	0	2	0	0	0	0	0	0	0	0	0	0	0	0	0	0	0	0	0	Bacteria; Proteobacteria; Gammaproteobacteria; Pseudomonadales; Moraxellaceae; Acinetobacter
3c3861c581adf9b8a8cf01f20fdbaf2c	0	0	0	0	0	0	0	0	0	0	0	0	2	0	0	0	0	0	0	0	0	0	0	0	0	0	0	0	0	0	Bacteria; Planctomycetes; Planctomycetacia; Pirellulales; Pirellulaceae; Pir4_lineage
2471a0ca7c36aa37d2113979df55c359	0	0	0	0	0	0	0	0	0	0	0	0	2	0	0	0	0	0	0	0	0	0	0	0	0	0	0	0	0	0	Bacteria; Bacteroidetes; Bacteroidia; Sphingobacteriales; Sphingobacteriaceae; Unidentified_Sphingobacteriaceae
33f2e8a79e23e69c68ce75546a6e32bd	0	0	0	0	0	0	0	0	0	0	0	0	2	0	0	0	0	0	0	0	0	0	0	0	0	0	0	0	0	0	Bacteria; Proteobacteria; Gammaproteobacteria; Betaproteobacteriales; Burkholderiaceae; Unidentified_Burkholderiaceae
d47c8e9939ea56e6291768335ad7b2e6	0	0	0	0	0	0	0	0	0	0	0	0	2	0	0	0	0	0	0	0	0	0	0	0	0	0	0	0	0	0	Bacteria; Firmicutes; Bacilli; Bacillales; Staphylococcaceae; Staphylococcus
adef4016db0b792f20449d84c8b5e61d	0	0	0	0	0	0	0	0	0	0	0	0	2	0	0	0	0	0	0	0	0	0	0	0	0	0	0	0	0	0	Bacteria; Proteobacteria; Gammaproteobacteria; Betaproteobacteriales; Burkholderiaceae; Massilia
c608e87e52ca620d16c8fa8e05d77126	0	0	0	0	0	0	0	0	0	0	0	0	2	0	0	0	0	0	0	0	0	0	0	0	0	0	0	0	0	0	Bacteria; Firmicutes; Bacilli; Bacillales; Bacillaceae; Oceanobacillus
7fb86f0981e7b41b7dba5e17caab0400	0	0	0	0	0	0	0	0	0	0	0	0	2	0	0	0	0	0	0	0	0	0	0	0	0	0	0	0	0	0	Bacteria; Proteobacteria; Gammaproteobacteria; Xanthomonadales; Xanthomonadaceae; Pseudoxanthomonas
cd9ac572e2d1d1d9d2906459a4e54fda	0	0	0	0	0	0	0	0	0	0	0	0	2	0	0	0	0	0	0	0	0	0	0	0	0	0	0	0	0	0	Bacteria; Firmicutes; Bacilli; Bacillales; Paenibacillaceae; Paenibacillus
ccd29e1035344add71b23a0c52e775df	0	0	0	0	0	0	0	0	0	0	0	0	2	0	0	0	0	0	0	0	0	0	0	0	0	0	0	0	0	0	Bacteria; Proteobacteria; Alphaproteobacteria; Rickettsiales; Anaplasmataceae; Wolbachia
50d0b2f99f6af74122765236b86d5a50	0	0	0	0	0	0	0	0	0	0	0	0	2	0	0	0	0	0	0	0	0	0	0	0	0	0	0	0	0	0	Bacteria; Proteobacteria; Alphaproteobacteria; Acetobacterales; Acetobacteraceae; Acetobacter
73a22dcea4a4e1a36003b8fb7810ca63	0	0	0	0	0	0	0	0	0	0	0	0	0	2	0	0	0	0	0	0	0	0	0	0	0	0	0	0	0	0	Bacteria; Proteobacteria; Alphaproteobacteria; Rhodobacterales; Rhodobacteraceae; Defluviimonas
e6e467ea5c536152e67185ccd96d71ee	0	0	0	0	0	0	0	0	0	0	0	0	0	2	0	0	0	0	0	0	0	0	0	0	0	0	0	0	0	0	Bacteria; Bacteroidetes; Bacteroidia; Flavobacteriales; Crocinitomicaceae; Fluviicola
52c1af70e5e56009f0c20a77622785e9	0	0	0	0	0	0	0	0	0	0	0	0	0	2	0	0	0	0	0	0	0	0	0	0	0	0	0	0	0	0	Bacteria; Bacteroidetes; Bacteroidia; Flavobacteriales; Weeksellaceae; uncultured
ca956c8f752130ae44c2fe01b738467c	0	0	0	0	0	0	0	0	0	0	0	0	0	2	0	0	0	0	0	0	0	0	0	0	0	0	0	0	0	0	Bacteria; Proteobacteria; Gammaproteobacteria; Pseudomonadales; Pseudomonadaceae; Pseudomonas
914821b3967b86ef74058b801d9b1ab8	0	0	0	0	0	0	0	0	0	0	0	0	0	2	0	0	0	0	0	0	0	0	0	0	0	0	0	0	0	0	Bacteria; Proteobacteria; Gammaproteobacteria; Betaproteobacteriales; Burkholderiaceae; Massilia
1329488db490462cc09a63c32d29fdc9	0	0	0	0	0	0	0	0	0	0	0	0	0	2	0	0	0	0	0	0	0	0	0	0	0	0	0	0	0	0	Bacteria; Deinococcus-Thermus; Deinococci; Deinococcales; Trueperaceae; Truepera
92b4726fa916f78b0f416ef4195daee0	0	0	0	0	0	0	0	0	0	0	0	0	0	2	0	0	0	0	0	0	0	0	0	0	0	0	0	0	0	0	Bacteria; Proteobacteria; Gammaproteobacteria; Betaproteobacteriales; Burkholderiaceae; Unidentified_Burkholderiaceae
1a738d31592fdf0578a2480fe55b20e4	0	0	0	0	0	0	0	0	0	0	0	0	0	2	0	0	0	0	0	0	0	0	0	0	0	0	0	0	0	0	Bacteria; Proteobacteria; Deltaproteobacteria; Myxococcales; Polyangiaceae; Pajaroellobacter
51d5bd1db5be0e3f8d32c9db0f121eba	0	0	0	0	0	0	0	0	0	0	0	0	0	2	0	0	0	0	0	0	0	0	0	0	0	0	0	0	0	0	Bacteria; Proteobacteria; Gammaproteobacteria; Xanthomonadales; Rhodanobacteraceae; Luteibacter
a61715aba743c5125d8dba0fd1ad4ec5	0	0	0	0	0	0	0	0	0	0	0	0	0	2	0	0	0	0	0	0	0	0	0	0	0	0	0	0	0	0	Bacteria; Proteobacteria; Alphaproteobacteria; Sphingomonadales; Sphingomonadaceae; Sphingopyxis
930ee20fcd4e0235f0ff14ff5dc85583	0	0	0	0	0	0	0	0	0	0	0	0	0	2	0	0	0	0	0	0	0	0	0	0	0	0	0	0	0	0	Bacteria; Proteobacteria; Deltaproteobacteria; Bdellovibrionales; Bacteriovoracaceae; Peredibacter
cee16f208cd82879865c76327608b83d	0	0	0	0	0	0	0	0	0	0	0	0	0	2	0	0	0	0	0	0	0	0	0	0	0	0	0	0	0	0	Bacteria; Acidobacteria; Acidobacteriia; Subgroup_2; uncultured_bacterium; uncultured_bacterium
ab6455404bffb53f06f0610e4c5a94b6	0	0	0	0	0	0	0	0	0	0	0	0	0	2	0	0	0	0	0	0	0	0	0	0	0	0	0	0	0	0	Bacteria; Proteobacteria; Alphaproteobacteria; Rhizobiales; Rhizobiaceae; Allorhizobium-Neorhizobium-Pararhizobium-Rhizobium
ee5eab2fabc3fdd6c8462a3c0cac462b	0	0	0	0	0	0	0	0	0	0	0	0	0	2	0	0	0	0	0	0	0	0	0	0	0	0	0	0	0	0	Bacteria; Proteobacteria; Gammaproteobacteria; Betaproteobacteriales; Burkholderiaceae; Unidentified_Burkholderiaceae
f81a3f460616c35ec93c5376602312d9	0	0	0	0	0	0	0	0	0	0	0	0	0	2	0	0	0	0	0	0	0	0	0	0	0	0	0	0	0	0	Bacteria; Bacteroidetes; Bacteroidia; Sphingobacteriales; Sphingobacteriaceae; Sphingobacterium
072b817cd778771cbb845cd3d6df22ed	0	0	0	0	0	0	0	0	0	0	0	0	0	2	0	0	0	0	0	0	0	0	0	0	0	0	0	0	0	0	Bacteria; Bacteroidetes; Bacteroidia; Sphingobacteriales; Sphingobacteriaceae; Sphingobacterium
8bac9596682b4dc13f29fd55864963ec	0	0	0	0	0	0	0	0	0	0	0	0	0	2	0	0	0	0	0	0	0	0	0	0	0	0	0	0	0	0	Bacteria; Proteobacteria; Alphaproteobacteria; Rhizobiales; Rhizobiaceae; Ochrobactrum
67c1227f26f9a23c5a493cd78ccefc78	0	0	0	0	0	0	0	0	0	0	0	0	0	2	0	0	0	0	0	0	0	0	0	0	0	0	0	0	0	0	Bacteria; Bacteroidetes; Bacteroidia; Sphingobacteriales; Sphingobacteriaceae; Sphingobacterium
85c4890e940b187537ebea4bc8cb7527	0	0	0	0	0	0	0	0	0	0	0	0	0	2	0	0	0	0	0	0	0	0	0	0	0	0	0	0	0	0	Bacteria; Firmicutes; Bacilli; Bacillales; Bacillaceae; Bacillus
a31ed75aa42652157c35bccae35ed0e5	0	0	0	0	0	0	0	0	0	0	0	0	0	2	0	0	0	0	0	0	0	0	0	0	0	0	0	0	0	0	Bacteria; Firmicutes; Bacilli; Lactobacillales; Lactobacillaceae; Lactobacillus
e4d204e7005d6047fd01c60ffd5446ac	0	0	0	0	0	0	0	0	0	0	0	0	0	2	0	0	0	0	0	0	0	0	0	0	0	0	0	0	0	0	Bacteria; Proteobacteria; Gammaproteobacteria; Enterobacteriales; Enterobacteriaceae; Unidentified_Enterobacteriaceae
2d25a0cec7a91d48924bddf406d50f89	0	0	0	0	0	0	0	0	0	0	0	0	0	2	0	0	0	0	0	0	0	0	0	0	0	0	0	0	0	0	Bacteria; Proteobacteria; Gammaproteobacteria; Enterobacteriales; Enterobacteriaceae; Unidentified_Enterobacteriaceae
c95ca46ab57de4527627834758076223	0	0	0	0	0	0	0	0	0	0	0	0	0	2	0	0	0	0	0	0	0	0	0	0	0	0	0	0	0	0	Bacteria; Actinobacteria; Actinobacteria; Streptosporangiales; Nocardiopsaceae; Thermobifida
5fe3a90bfdafe85252c3124b96b32116	0	0	0	0	0	0	0	0	0	0	0	0	0	2	0	0	0	0	0	0	0	0	0	0	0	0	0	0	0	0	Bacteria; Proteobacteria; Alphaproteobacteria; Sphingomonadales; Sphingomonadaceae; Sphingomonas
c68f227d5f7ed579d8f18c615b14eb16	0	0	0	0	0	0	0	0	0	0	0	0	0	2	0	0	0	0	0	0	0	0	0	0	0	0	0	0	0	0	Bacteria; Proteobacteria; Gammaproteobacteria; Pseudomonadales; Moraxellaceae; Acinetobacter
139d6520e3066f4f362179ea1b98a91d	0	0	0	0	0	0	0	0	0	0	0	0	0	2	0	0	0	0	0	0	0	0	0	0	0	0	0	0	0	0	Bacteria; Proteobacteria; Gammaproteobacteria; Aeromonadales; Aeromonadaceae; Aeromonas
efcbb38cd66844c3f886df9a754dddc2	0	0	0	0	0	0	0	0	0	0	0	0	0	2	0	0	0	0	0	0	0	0	0	0	0	0	0	0	0	0	Bacteria; Proteobacteria; Alphaproteobacteria; Rhizobiales; Devosiaceae; Pelagibacterium
e6100e47a9468e408fa6d1bddf94b94d	0	0	0	0	0	0	0	0	0	0	0	0	0	2	0	0	0	0	0	0	0	0	0	0	0	0	0	0	0	0	Bacteria; Bacteroidetes; Bacteroidia; Cytophagales; Microscillaceae; uncultured
4f96164ae68d129bd0921ab0a3d80104	0	0	0	0	0	0	0	0	0	0	0	0	0	2	0	0	0	0	0	0	0	0	0	0	0	0	0	0	0	0	Bacteria; Bacteroidetes; Bacteroidia; Cytophagales; Spirosomaceae; Spirosoma
929b83b423f000cc5f3a8e0e52c54e6b	0	0	0	0	0	0	0	0	0	0	0	0	0	2	0	0	0	0	0	0	0	0	0	0	0	0	0	0	0	0	Bacteria; Proteobacteria; Gammaproteobacteria; Xanthomonadales; Xanthomonadaceae; Luteimonas
13679b0b7571f0574286679246cb46bd	0	0	0	0	0	0	0	0	0	0	0	0	0	2	0	0	0	0	0	0	0	0	0	0	0	0	0	0	0	0	Bacteria; Proteobacteria; Gammaproteobacteria; Betaproteobacteriales; Burkholderiaceae; Unidentified_Burkholderiaceae
cfd63b8c2086ce7fadf4f30318bdcbec	0	0	0	0	0	0	0	0	0	0	0	0	0	2	0	0	0	0	0	0	0	0	0	0	0	0	0	0	0	0	Bacteria; Chloroflexi; Anaerolineae; RBG-13-54-9; uncultured_bacterium; uncultured_bacterium
30265afa42cb7445763b835ca227cc1d	0	0	0	0	0	0	0	0	0	0	0	0	0	2	0	0	0	0	0	0	0	0	0	0	0	0	0	0	0	0	Bacteria; Bacteroidetes; Bacteroidia; Cytophagales; Hymenobacteraceae; Hymenobacter
74c22646fe50674d6fab379ba7bc11a9	0	0	0	0	0	0	0	0	0	0	0	0	0	2	0	0	0	0	0	0	0	0	0	0	0	0	0	0	0	0	Bacteria; Proteobacteria; Gammaproteobacteria; Enterobacteriales; Enterobacteriaceae; Unidentified_Enterobacteriaceae
8969c39758ebf81b62abe0132a054b34	0	0	0	0	0	0	0	0	0	0	0	0	0	2	0	0	0	0	0	0	0	0	0	0	0	0	0	0	0	0	Bacteria; Actinobacteria; Actinobacteria; Pseudonocardiales; Pseudonocardiaceae; Saccharomonospora
b4c267c62cac12dcb25f1d8d050402d2	0	0	0	0	0	0	0	0	0	0	0	0	0	2	0	0	0	0	0	0	0	0	0	0	0	0	0	0	0	0	Bacteria; Planctomycetes; Planctomycetacia; Isosphaerales; Isosphaeraceae; Aquisphaera
57b93ba707372c1a2decfda5d1ae9363	0	0	0	0	0	0	0	0	0	0	0	0	0	2	0	0	0	0	0	0	0	0	0	0	0	0	0	0	0	0	Bacteria; Firmicutes; Bacilli; Bacillales; Bacillaceae; Unidentified_Bacillaceae
92253b6f91fdeaf9e3ae2f89b1243768	0	0	0	0	0	0	0	0	0	0	0	0	0	0	2	0	0	0	0	0	0	0	0	0	0	0	0	0	0	0	Bacteria; Proteobacteria; Gammaproteobacteria; Pseudomonadales; Pseudomonadaceae; Pseudomonas
fd4db424abc47b9131fd030d99d86fdf	0	0	0	0	0	0	0	0	0	0	0	0	0	0	2	0	0	0	0	0	0	0	0	0	0	0	0	0	0	0	Bacteria; Proteobacteria; Gammaproteobacteria; Enterobacteriales; Enterobacteriaceae; Unidentified_Enterobacteriaceae
971d04d538fe5244dbe3199090eb5e68	0	0	0	0	0	0	0	0	0	0	0	0	0	0	2	0	0	0	0	0	0	0	0	0	0	0	0	0	0	0	Bacteria; Proteobacteria; Gammaproteobacteria; Pseudomonadales; Pseudomonadaceae; Pseudomonas
3318bf9e1f45c4032628b78d647ce733	0	0	0	0	0	0	0	0	0	0	0	0	0	0	2	0	0	0	0	0	0	0	0	0	0	0	0	0	0	0	Bacteria; Firmicutes; Bacilli; Bacillales; Bacillaceae; Oceanobacillus
3856299e75b72dcb47f7f9d306cadcaf	0	0	0	0	0	0	0	0	0	0	0	0	0	0	2	0	0	0	0	0	0	0	0	0	0	0	0	0	0	0	Bacteria; Proteobacteria; Gammaproteobacteria; Oceanospirillales; Halomonadaceae; Halomonas
238cf91913837b2e595e2f48dd38ff69	0	0	0	0	0	0	0	0	0	0	0	0	0	0	2	0	0	0	0	0	0	0	0	0	0	0	0	0	0	0	Bacteria; Bacteroidetes; Bacteroidia; Sphingobacteriales; Sphingobacteriaceae; Sphingobacterium
2943c876f85b193503fa1d649e85aa52	0	0	0	0	0	0	0	0	0	0	0	0	0	0	2	0	0	0	0	0	0	0	0	0	0	0	0	0	0	0	Bacteria; Proteobacteria; Gammaproteobacteria; Betaproteobacteriales; Burkholderiaceae; Ralstonia
8955316aeee6910d176967668b5735da	0	0	0	0	0	0	0	0	0	0	0	0	0	0	2	0	0	0	0	0	0	0	0	0	0	0	0	0	0	0	Bacteria; Proteobacteria; Alphaproteobacteria; Rhizobiales; Devosiaceae; Devosia
faec7e95e7ff7d74d91bcdf96f5c9329	0	0	0	0	0	0	0	0	0	0	0	0	0	0	2	0	0	0	0	0	0	0	0	0	0	0	0	0	0	0	Bacteria; Proteobacteria; Gammaproteobacteria; Betaproteobacteriales; Unidentified_Betaproteobacteriales; Unidentified_Betaproteobacteriales
761bb70bb9f49b1457f4762548b4bca9	0	0	0	0	0	0	0	0	0	0	0	0	0	0	2	0	0	0	0	0	0	0	0	0	0	0	0	0	0	0	Bacteria; Actinobacteria; Actinobacteria; Micrococcales; Micrococcales_Incertae_Sedis; Timonella
c3011773c42746d183cde56ac0766d1e	0	0	0	0	0	0	0	0	0	0	0	0	0	0	2	0	0	0	0	0	0	0	0	0	0	0	0	0	0	0	Bacteria; Proteobacteria; Gammaproteobacteria; Pseudomonadales; Moraxellaceae; Acinetobacter
5d5c8dc18194dad1a49f4d2be2c2d3b8	0	0	0	0	0	0	0	0	0	0	0	0	0	0	2	0	0	0	0	0	0	0	0	0	0	0	0	0	0	0	Bacteria; Proteobacteria; Alphaproteobacteria; Rhizobiales; Rhizobiaceae; Allorhizobium-Neorhizobium-Pararhizobium-Rhizobium
a3ece4e55717e3977a0521532e0eebed	0	0	0	0	0	0	0	0	0	0	0	0	0	0	2	0	0	0	0	0	0	0	0	0	0	0	0	0	0	0	Bacteria; Proteobacteria; Gammaproteobacteria; Enterobacteriales; Enterobacteriaceae; Unidentified_Enterobacteriaceae
42f0fe078cb8ca790e4c9439e1765b65	0	0	0	0	0	0	0	0	0	0	0	0	0	0	2	0	0	0	0	0	0	0	0	0	0	0	0	0	0	0	Bacteria; Proteobacteria; Gammaproteobacteria; Betaproteobacteriales; Burkholderiaceae; Unidentified_Burkholderiaceae
543ee86d82eca33bd58a007abaf39792	0	0	0	0	0	0	0	0	0	0	0	0	0	0	2	0	0	0	0	0	0	0	0	0	0	0	0	0	0	0	Bacteria; Actinobacteria; Actinobacteria; Streptomycetales; Streptomycetaceae; Streptomyces
8640682caff07d403da7911464276953	0	0	0	0	0	0	0	0	0	0	0	0	0	0	2	0	0	0	0	0	0	0	0	0	0	0	0	0	0	0	Bacteria; Actinobacteria; Actinobacteria; Frankiales; Nakamurellaceae; Nakamurella
e2478945d150a0396f1a56d12723108c	0	0	0	0	0	0	0	0	0	0	0	0	0	0	2	0	0	0	0	0	0	0	0	0	0	0	0	0	0	0	Bacteria; Bacteroidetes; Bacteroidia; Flavobacteriales; Weeksellaceae; uncultured
c2c0c0baf3be702e15e629ce69523cbc	0	0	0	0	0	0	0	0	0	0	0	0	0	0	2	0	0	0	0	0	0	0	0	0	0	0	0	0	0	0	Bacteria; Proteobacteria; Gammaproteobacteria; Betaproteobacteriales; Burkholderiaceae; Massilia
a173b8fa02be92680f383eaa38ac0af8	0	0	0	0	0	0	0	0	0	0	0	0	0	0	2	0	0	0	0	0	0	0	0	0	0	0	0	0	0	0	Bacteria; Firmicutes; Bacilli; Bacillales; Paenibacillaceae; Paenibacillus
97c41816bd8f124f68f0a19d7e8d735a	0	0	0	0	0	0	0	0	0	0	0	0	0	0	2	0	0	0	0	0	0	0	0	0	0	0	0	0	0	0	Bacteria; Firmicutes; Bacilli; Bacillales; Bacillaceae; Bacillus
69a3825bed72bf070c738fdd0c138b90	0	0	0	0	0	0	0	0	0	0	0	0	0	0	2	0	0	0	0	0	0	0	0	0	0	0	0	0	0	0	Bacteria; Firmicutes; Bacilli; Bacillales; Paenibacillaceae; Brevibacillus
a953f32c2982de29208526ac63b375e7	0	0	0	0	0	0	0	0	0	0	0	0	0	0	2	0	0	0	0	0	0	0	0	0	0	0	0	0	0	0	Bacteria; Actinobacteria; Actinobacteria; Pseudonocardiales; Pseudonocardiaceae; Saccharopolyspora
8c5982ce7c1ab79fbf714c9b48498c50	0	0	0	0	0	0	0	0	0	0	0	0	0	0	2	0	0	0	0	0	0	0	0	0	0	0	0	0	0	0	Bacteria; Actinobacteria; Actinobacteria; Streptomycetales; Streptomycetaceae; Streptomyces
1ee24efaee46c0c02058907f41e5fd4c	0	0	0	0	0	0	0	0	0	0	0	0	0	0	2	0	0	0	0	0	0	0	0	0	0	0	0	0	0	0	Bacteria; Proteobacteria; Alphaproteobacteria; Acetobacterales; Acetobacteraceae; Unidentified_Acetobacteraceae
576ecaeb1619c5a40763b21248b7f592	0	0	0	0	0	0	0	0	0	0	0	0	0	0	2	0	0	0	0	0	0	0	0	0	0	0	0	0	0	0	Bacteria; Firmicutes; Bacilli; Bacillales; Bacillaceae; Oceanobacillus
d1f342baf10af231c43c25a31a77b364	0	0	0	0	0	0	0	0	0	0	0	0	0	0	2	0	0	0	0	0	0	0	0	0	0	0	0	0	0	0	Bacteria; Proteobacteria; Gammaproteobacteria; Pseudomonadales; Pseudomonadaceae; Pseudomonas
fc6484d0561eacc2cbb42dcd7c7a8430	0	0	0	0	0	0	0	0	0	0	0	0	0	0	2	0	0	0	0	0	0	0	0	0	0	0	0	0	0	0	Bacteria; Bacteroidetes; Bacteroidia; Chitinophagales; Chitinophagaceae; Taibaiella
5ddc26efc782f744ed1efef6ff591a1a	0	0	0	0	0	0	0	0	0	0	0	0	0	0	2	0	0	0	0	0	0	0	0	0	0	0	0	0	0	0	Bacteria; Proteobacteria; Alphaproteobacteria; Acetobacterales; Acetobacteraceae; Unidentified_Acetobacteraceae
e5d8f3b14348d2ac656c9b04915f696e	0	0	0	0	0	0	0	0	0	0	0	0	0	0	2	0	0	0	0	0	0	0	0	0	0	0	0	0	0	0	Bacteria; Proteobacteria; Gammaproteobacteria; Pseudomonadales; Pseudomonadaceae; Pseudomonas
29fb18ddeaabb1cbdc4e21abba40e20b	0	0	0	0	0	0	0	0	0	0	0	0	0	0	2	0	0	0	0	0	0	0	0	0	0	0	0	0	0	0	Bacteria; Actinobacteria; Actinobacteria; Streptosporangiales; Nocardiopsaceae; Nocardiopsis
a406c0eb845975dd60d4d84e5ee82e07	0	0	0	0	0	0	0	0	0	0	0	0	0	0	2	0	0	0	0	0	0	0	0	0	0	0	0	0	0	0	Bacteria; Proteobacteria; Alphaproteobacteria; Sphingomonadales; Sphingomonadaceae; Ellin6055
2fc0c9c2128e29c3341d212c8f0f1b5d	0	0	0	0	0	0	0	0	0	0	0	0	0	0	2	0	0	0	0	0	0	0	0	0	0	0	0	0	0	0	Bacteria; Proteobacteria; Gammaproteobacteria; Pseudomonadales; Pseudomonadaceae; Pseudomonas
9facb4edbd19d613c9c78b39380116c9	0	0	0	0	0	0	0	0	0	0	0	0	0	0	2	0	0	0	0	0	0	0	0	0	0	0	0	0	0	0	Bacteria; Firmicutes; Bacilli; Bacillales; Bacillaceae; Bacillus
fc85253e3fa8a14d14d5fd3ef32388fb	0	0	0	0	0	0	0	0	0	0	0	0	0	0	2	0	0	0	0	0	0	0	0	0	0	0	0	0	0	0	Bacteria; Proteobacteria; Gammaproteobacteria; Xanthomonadales; Xanthomonadaceae; Xanthomonas
f8f76042bf095c8d32646f95b53e5940	0	0	0	0	0	0	0	0	0	0	0	0	0	0	2	0	0	0	0	0	0	0	0	0	0	0	0	0	0	0	Bacteria; Firmicutes; Bacilli; Bacillales; Bacillaceae; Bacillus
984438d8ab202febc63e914bfb66dddc	0	0	0	0	0	0	0	0	0	0	0	0	0	0	2	0	0	0	0	0	0	0	0	0	0	0	0	0	0	0	Bacteria; Proteobacteria; Gammaproteobacteria; Pseudomonadales; Pseudomonadaceae; Pseudomonas
ef8ab4090bc4f82222e0b26e4f784f6e	0	0	0	0	0	0	0	0	0	0	0	0	0	0	2	0	0	0	0	0	0	0	0	0	0	0	0	0	0	0	Bacteria; Proteobacteria; Gammaproteobacteria; Betaproteobacteriales; Burkholderiaceae; Ralstonia
27ac5ab5f95cd8342600010848bc5129	0	0	0	0	0	0	0	0	0	0	0	0	0	0	2	0	0	0	0	0	0	0	0	0	0	0	0	0	0	0	Bacteria; Chloroflexi; Anaerolineae; Caldilineales; Caldilineaceae; uncultured
869c6fd603ed355a5bc9edf299fbc37b	0	0	0	0	0	0	0	0	0	0	0	0	0	0	2	0	0	0	0	0	0	0	0	0	0	0	0	0	0	0	Bacteria; Bacteroidetes; Bacteroidia; Cytophagales; Hymenobacteraceae; Hymenobacter
34fed3a5f58bb8bcc1948f9b55949429	0	0	0	0	0	0	0	0	0	0	0	0	0	0	2	0	0	0	0	0	0	0	0	0	0	0	0	0	0	0	Bacteria; Proteobacteria; Alphaproteobacteria; Acetobacterales; Acetobacteraceae; Acetobacter
23b5a1d1775bfb5cad238f42fa64a1d1	0	0	0	0	0	0	0	0	0	0	0	0	0	0	2	0	0	0	0	0	0	0	0	0	0	0	0	0	0	0	Bacteria; Proteobacteria; Gammaproteobacteria; Xanthomonadales; Xanthomonadaceae; Luteimonas
65354d8a3f9ab7277a67229921c366da	0	0	0	0	0	0	0	0	0	0	0	0	0	0	2	0	0	0	0	0	0	0	0	0	0	0	0	0	0	0	Bacteria; Bacteroidetes; Bacteroidia; Sphingobacteriales; Sphingobacteriaceae; Sphingobacterium
f8f13394c5a47b5f351ee1eb84adccf8	0	0	0	0	0	0	0	0	0	0	0	0	0	0	2	0	0	0	0	0	0	0	0	0	0	0	0	0	0	0	Bacteria; Actinobacteria; Actinobacteria; Pseudonocardiales; Pseudonocardiaceae; Pseudonocardia
ec3b3c5310382320134498a16421542b	0	0	0	0	0	0	0	0	0	0	0	0	0	0	2	0	0	0	0	0	0	0	0	0	0	0	0	0	0	0	Bacteria; Proteobacteria; Gammaproteobacteria; Pseudomonadales; Pseudomonadaceae; Pseudomonas
96fc1af0197e1a9a63244599fe5522d6	0	0	0	0	0	0	0	0	0	0	0	0	0	0	2	0	0	0	0	0	0	0	0	0	0	0	0	0	0	0	Bacteria; Bacteroidetes; Bacteroidia; Chitinophagales; Chitinophagaceae; uncultured
ac23c2e58282c83f822d242122e9112e	0	0	0	0	0	0	0	0	0	0	0	0	0	0	2	0	0	0	0	0	0	0	0	0	0	0	0	0	0	0	Bacteria; Proteobacteria; Gammaproteobacteria; Pseudomonadales; Pseudomonadaceae; Pseudomonas
8d2130d3a6eb0d575d687a4131b72dc0	0	0	0	0	0	0	0	0	0	0	0	0	0	0	2	0	0	0	0	0	0	0	0	0	0	0	0	0	0	0	Bacteria; Firmicutes; Bacilli; Lactobacillales; Carnobacteriaceae; Jeotgalibaca
d38b1282bd4d37c567eccd4a8e7daa22	0	0	0	0	0	0	0	0	0	0	0	0	0	0	2	0	0	0	0	0	0	0	0	0	0	0	0	0	0	0	Bacteria; Firmicutes; Bacilli; Bacillales; Bacillaceae; Bacillus
f974b54f1b019e858ce5ca86b34cfbf5	0	0	0	0	0	0	0	0	0	0	0	0	0	0	2	0	0	0	0	0	0	0	0	0	0	0	0	0	0	0	Bacteria; Proteobacteria; Gammaproteobacteria; Pseudomonadales; Pseudomonadaceae; Pseudomonas
5e5344568ad4f087a3dd26818a8815dd	0	0	0	0	0	0	0	0	0	0	0	0	0	0	2	0	0	0	0	0	0	0	0	0	0	0	0	0	0	0	Bacteria; Bacteroidetes; Bacteroidia; Bacteroidales; Dysgonomonadaceae; Dysgonomonas
2e282b4d7430607b6ccca5e1488aac14	0	0	0	0	0	0	0	0	0	0	0	0	0	0	2	0	0	0	0	0	0	0	0	0	0	0	0	0	0	0	Bacteria; Proteobacteria; Alphaproteobacteria; Rhizobiales; Rhizobiaceae; Allorhizobium-Neorhizobium-Pararhizobium-Rhizobium
14413eabcd1750414743b29c5dd2fcea	0	0	0	0	0	0	0	0	0	0	0	0	0	0	2	0	0	0	0	0	0	0	0	0	0	0	0	0	0	0	Bacteria; Proteobacteria; Gammaproteobacteria; Betaproteobacteriales; Procabacteriaceae; Procabacter
6fe86d8f0869c4562970345eaf28f73f	0	0	0	0	0	0	0	0	0	0	0	0	0	0	2	0	0	0	0	0	0	0	0	0	0	0	0	0	0	0	Bacteria; Proteobacteria; Gammaproteobacteria; Betaproteobacteriales; Burkholderiaceae; Ralstonia
afb43f6d937216e260dfd3949a0af733	0	0	0	0	0	0	0	0	0	0	0	0	0	0	2	0	0	0	0	0	0	0	0	0	0	0	0	0	0	0	Bacteria; Proteobacteria; Gammaproteobacteria; Pseudomonadales; Pseudomonadaceae; Pseudomonas
95cfaf0d859b9eeeb18855adca1a2cd1	0	0	0	0	0	0	0	0	0	0	0	0	0	0	2	0	0	0	0	0	0	0	0	0	0	0	0	0	0	0	Bacteria; Actinobacteria; Actinobacteria; Micrococcales; Promicromonosporaceae; Cellulosimicrobium
fea63d51515e236bde2427ee896c1a72	0	0	0	0	0	0	0	0	0	0	0	0	0	0	2	0	0	0	0	0	0	0	0	0	0	0	0	0	0	0	Bacteria; Proteobacteria; Gammaproteobacteria; Xanthomonadales; Xanthomonadaceae; Luteimonas
5605592031a4813370ec54fcfd4a16fc	0	0	0	0	0	0	0	0	0	0	0	0	0	0	0	2	0	0	0	0	0	0	0	0	0	0	0	0	0	0	Bacteria; Proteobacteria; Gammaproteobacteria; Enterobacteriales; Enterobacteriaceae; Unidentified_Enterobacteriaceae
7c8aa70124dc85c1e35afdfd00581cf7	0	0	0	0	0	0	0	0	0	0	0	0	0	0	0	2	0	0	0	0	0	0	0	0	0	0	0	0	0	0	Bacteria; Firmicutes; Bacilli; Lactobacillales; Lactobacillaceae; Lactobacillus
f4b29ffeeadbfa1982d710c1aaf1a67c	0	0	0	0	0	0	0	0	0	0	0	0	0	0	0	2	0	0	0	0	0	0	0	0	0	0	0	0	0	0	Bacteria; Proteobacteria; Alphaproteobacteria; Rhizobiales; Devosiaceae; Devosia
780dae834fea95863277fbc5a1fb91a6	0	0	0	0	0	0	0	0	0	0	0	0	0	0	0	2	0	0	0	0	0	0	0	0	0	0	0	0	0	0	Bacteria; Chloroflexi; Chloroflexia; Kallotenuales; AKIW781; uncultured_bacterium
bce09af2f303fa763c79ba522b7bc44d	0	0	0	0	0	0	0	0	0	0	0	0	0	0	0	2	0	0	0	0	0	0	0	0	0	0	0	0	0	0	Bacteria; Bacteroidetes; Bacteroidia; Cytophagales; Cyclobacteriaceae; uncultured
7fb08fa9b7b2eef6a3db57d0de769227	0	0	0	0	0	0	0	0	0	0	0	0	0	0	0	2	0	0	0	0	0	0	0	0	0	0	0	0	0	0	Bacteria; Firmicutes; Clostridia; Clostridiales; Family_XI; Peptoniphilus
c4e064c867e563e99f735372509bc49b	0	0	0	0	0	0	0	0	0	0	0	0	0	0	0	2	0	0	0	0	0	0	0	0	0	0	0	0	0	0	Bacteria; Firmicutes; Clostridia; Clostridiales; Unidentified_Clostridiales; Unidentified_Chloroplast
224c11608448374a773312385c1dbc5d	0	0	0	0	0	0	0	0	0	0	0	0	0	0	0	2	0	0	0	0	0	0	0	0	0	0	0	0	0	0	Bacteria; Firmicutes; Bacilli; Bacillales; Bacillaceae; Unidentified_Bacillaceae
e66e0265876fc2ef33a5b6f82eb909b4	0	0	0	0	0	0	0	0	0	0	0	0	0	0	0	2	0	0	0	0	0	0	0	0	0	0	0	0	0	0	Bacteria; Firmicutes; Bacilli; Bacillales; Paenibacillaceae; Paenibacillus
ca9a52981b4e620bdca54caa0ed56091	0	0	0	0	0	0	0	0	0	0	0	0	0	0	0	2	0	0	0	0	0	0	0	0	0	0	0	0	0	0	Bacteria; Proteobacteria; Gammaproteobacteria; Betaproteobacteriales; Burkholderiaceae; Unidentified_Burkholderiaceae
386518abf51c800426328f94c30efad1	0	0	0	0	0	0	0	0	0	0	0	0	0	0	0	2	0	0	0	0	0	0	0	0	0	0	0	0	0	0	Bacteria; Proteobacteria; Gammaproteobacteria; Enterobacteriales; Enterobacteriaceae; Klebsiella
6ae4929dea516eaa7e04871ef48f82d2	0	0	0	0	0	0	0	0	0	0	0	0	0	0	0	2	0	0	0	0	0	0	0	0	0	0	0	0	0	0	Bacteria; Firmicutes; Bacilli; Lactobacillales; Enterococcaceae; Enterococcus
3eedacf6ed2380d8640bac69c953e9bf	0	0	0	0	0	0	0	0	0	0	0	0	0	0	0	2	0	0	0	0	0	0	0	0	0	0	0	0	0	0	Bacteria; Unidentified_Bacteria; Unidentified_Bacteria; Unidentified_Bacteria; Unidentified_Bacteria; Unidentified_Bacteria
291368b7c85e68c9e0e4fb934f56cdfc	0	0	0	0	0	0	0	0	0	0	0	0	0	0	0	2	0	0	0	0	0	0	0	0	0	0	0	0	0	0	Bacteria; Proteobacteria; Gammaproteobacteria; Betaproteobacteriales; Burkholderiaceae; Ralstonia
848afbefb72c79583046e13b71202089	0	0	0	0	0	0	0	0	0	0	0	0	0	0	0	2	0	0	0	0	0	0	0	0	0	0	0	0	0	0	Bacteria; Firmicutes; Bacilli; Bacillales; Paenibacillaceae; Paenibacillus
f5924da39cc6f930c14911f55497b78a	0	0	0	0	0	0	0	0	0	0	0	0	0	0	0	2	0	0	0	0	0	0	0	0	0	0	0	0	0	0	Bacteria; Proteobacteria; Gammaproteobacteria; Enterobacteriales; Enterobacteriaceae; Unidentified_Enterobacteriaceae
7001c6eb825ddc5a418bb0f5da72d3cc	0	0	0	0	0	0	0	0	0	0	0	0	0	0	0	2	0	0	0	0	0	0	0	0	0	0	0	0	0	0	Bacteria; Firmicutes; Bacilli; Bacillales; Bacillaceae; Bacillus
f51bdfa377ccef15b77a1fa5208c089f	0	0	0	0	0	0	0	0	0	0	0	0	0	0	0	2	0	0	0	0	0	0	0	0	0	0	0	0	0	0	Bacteria; Proteobacteria; Gammaproteobacteria; Pseudomonadales; Pseudomonadaceae; Pseudomonas
7b34ca5e64c711e540bc8b27bfd4c899	0	0	0	0	0	0	0	0	0	0	0	0	0	0	0	2	0	0	0	0	0	0	0	0	0	0	0	0	0	0	Bacteria; Proteobacteria; Alphaproteobacteria; Acetobacterales; Acetobacteraceae; Acetobacter
d1432145edea506eaff518c5243e785f	0	0	0	0	0	0	0	0	0	0	0	0	0	0	0	2	0	0	0	0	0	0	0	0	0	0	0	0	0	0	Bacteria; Proteobacteria; Gammaproteobacteria; Enterobacteriales; Enterobacteriaceae; Unidentified_Enterobacteriaceae
a063b3d6b7a9b2bd201b7e0c5f0c9525	0	0	0	0	0	0	0	0	0	0	0	0	0	0	0	2	0	0	0	0	0	0	0	0	0	0	0	0	0	0	Bacteria; Actinobacteria; Actinobacteria; Micrococcales; Micrococcaceae; Unidentified_Micrococcaceae
cb8de1aba0ed1c4f9862560c527e48cb	0	0	0	0	0	0	0	0	0	0	0	0	0	0	0	2	0	0	0	0	0	0	0	0	0	0	0	0	0	0	Bacteria; Bacteroidetes; Bacteroidia; Sphingobacteriales; Sphingobacteriaceae; Sphingobacterium
64774049bc72b63af14428fff3e01658	0	0	0	0	0	0	0	0	0	0	0	0	0	0	0	2	0	0	0	0	0	0	0	0	0	0	0	0	0	0	Bacteria; Firmicutes; Bacilli; Bacillales; Bacillaceae; Bacillus
5d67b19fcd0ae7e499f572753d0df4f0	0	0	0	0	0	0	0	0	0	0	0	0	0	0	0	2	0	0	0	0	0	0	0	0	0	0	0	0	0	0	Bacteria; Proteobacteria; Gammaproteobacteria; Betaproteobacteriales; Burkholderiaceae; Comamonas
b4f55a50edf1f8b3b9959d5e781f8981	0	0	0	0	0	0	0	0	0	0	0	0	0	0	0	2	0	0	0	0	0	0	0	0	0	0	0	0	0	0	Bacteria; Firmicutes; Bacilli; Bacillales; Bacillaceae; Bacillus
45715ed78e68bcddad78721d7f52db54	0	0	0	0	0	0	0	0	0	0	0	0	0	0	0	2	0	0	0	0	0	0	0	0	0	0	0	0	0	0	Bacteria; Proteobacteria; Gammaproteobacteria; Pseudomonadales; Pseudomonadaceae; Pseudomonas
6fa97b6f3438d2f6f999d3a9a4e98fd9	0	0	0	0	0	0	0	0	0	0	0	0	0	0	0	2	0	0	0	0	0	0	0	0	0	0	0	0	0	0	Bacteria; Proteobacteria; Gammaproteobacteria; Unidentified_Gammaproteobacteria; Unidentified_Gammaproteobacteria; Unidentified_Gammaproteobacteria
39bd35f330dbdee7ebe03d309b97dd82	0	0	0	0	0	0	0	0	0	0	0	0	0	0	0	2	0	0	0	0	0	0	0	0	0	0	0	0	0	0	Bacteria; Bacteroidetes; Bacteroidia; Sphingobacteriales; Sphingobacteriaceae; Olivibacter
889c3d231547223b929800e40352c1c4	0	0	0	0	0	0	0	0	0	0	0	0	0	0	0	2	0	0	0	0	0	0	0	0	0	0	0	0	0	0	Bacteria; Firmicutes; Bacilli; Bacillales; Paenibacillaceae; Paenibacillus
41ea1b0d9bc8a35284aac4a589fcf2dd	0	0	0	0	0	0	0	0	0	0	0	0	0	0	0	2	0	0	0	0	0	0	0	0	0	0	0	0	0	0	Bacteria; Bacteroidetes; Bacteroidia; Chitinophagales; Chitinophagaceae; uncultured
e90da447322aff87b3f64c8995c5fc38	0	0	0	0	0	0	0	0	0	0	0	0	0	0	0	2	0	0	0	0	0	0	0	0	0	0	0	0	0	0	Bacteria; Actinobacteria; Actinobacteria; Streptomycetales; Streptomycetaceae; Streptomyces
fecd67353079fee2cd99fd15414341b0	0	0	0	0	0	0	0	0	0	0	0	0	0	0	0	2	0	0	0	0	0	0	0	0	0	0	0	0	0	0	Bacteria; Proteobacteria; Gammaproteobacteria; Betaproteobacteriales; Burkholderiaceae; Ralstonia
7acdbce1dadbc3b27a1c8d1816628569	0	0	0	0	0	0	0	0	0	0	0	0	0	0	0	2	0	0	0	0	0	0	0	0	0	0	0	0	0	0	Bacteria; Actinobacteria; Actinobacteria; Streptosporangiales; Nocardiopsaceae; Nocardiopsis
acc38016e1c42cc87ae8b6a1ae99dfc2	0	0	0	0	0	0	0	0	0	0	0	0	0	0	0	2	0	0	0	0	0	0	0	0	0	0	0	0	0	0	Bacteria; Bacteroidetes; Bacteroidia; Cytophagales; Spirosomaceae; Persicitalea
0f0d263fa39d64c523357804a6e98db5	0	0	0	0	0	0	0	0	0	0	0	0	0	0	0	2	0	0	0	0	0	0	0	0	0	0	0	0	0	0	Bacteria; Proteobacteria; Gammaproteobacteria; Betaproteobacteriales; Burkholderiaceae; Massilia
12bf8cbc83fff37bf6d05b82ce19b6ee	0	0	0	0	0	0	0	0	0	0	0	0	0	0	0	2	0	0	0	0	0	0	0	0	0	0	0	0	0	0	Bacteria; Proteobacteria; Gammaproteobacteria; Betaproteobacteriales; Burkholderiaceae; Burkholderia-Caballeronia-Paraburkholderia
eb6f38665384cbc37616e959c0f2d43a	0	0	0	0	0	0	0	0	0	0	0	0	0	0	0	2	0	0	0	0	0	0	0	0	0	0	0	0	0	0	Bacteria; Bacteroidetes; Bacteroidia; Sphingobacteriales; Sphingobacteriaceae; Sphingobacterium
4f830b764ffdf56262f924bfb752f7d5	0	0	0	0	0	0	0	0	0	0	0	0	0	0	0	2	0	0	0	0	0	0	0	0	0	0	0	0	0	0	Bacteria; Firmicutes; Bacilli; Bacillales; Bacillaceae; Bacillus
5da334e869c9926a1560d07cdd176346	0	0	0	0	0	0	0	0	0	0	0	0	0	0	0	2	0	0	0	0	0	0	0	0	0	0	0	0	0	0	Bacteria; Proteobacteria; Gammaproteobacteria; Xanthomonadales; Xanthomonadaceae; Luteimonas
f95dca684c0774bcb970d6c926b00a29	0	0	0	0	0	0	0	0	0	0	0	0	0	0	0	2	0	0	0	0	0	0	0	0	0	0	0	0	0	0	Bacteria; Bacteroidetes; Bacteroidia; Sphingobacteriales; Sphingobacteriaceae; Sphingobacterium
e659c092829c1d90eebb507c81602f26	0	0	0	0	0	0	0	0	0	0	0	0	0	0	0	2	0	0	0	0	0	0	0	0	0	0	0	0	0	0	Bacteria; Proteobacteria; Gammaproteobacteria; Alteromonadales; Alteromonadaceae; Rheinheimera
5b6b688975539517d8313d5cfbbf7510	0	0	0	0	0	0	0	0	0	0	0	0	0	0	0	2	0	0	0	0	0	0	0	0	0	0	0	0	0	0	Bacteria; Firmicutes; Bacilli; Bacillales; Bacillaceae; Bacillus
89f9e2bdc936f575e6b28361ae29c3f0	0	0	0	0	0	0	0	0	0	0	0	0	0	0	0	2	0	0	0	0	0	0	0	0	0	0	0	0	0	0	Bacteria; Firmicutes; Bacilli; Bacillales; Staphylococcaceae; Staphylococcus
598c4f08f52217570f0553dea3446551	0	0	0	0	0	0	0	0	0	0	0	0	0	0	0	2	0	0	0	0	0	0	0	0	0	0	0	0	0	0	Bacteria; Firmicutes; Bacilli; Bacillales; Bacillaceae; Bacillus
4183bc9595fcdc9cfd796dc7f6513714	0	0	0	0	0	0	0	0	0	0	0	0	0	0	0	2	0	0	0	0	0	0	0	0	0	0	0	0	0	0	Bacteria; Proteobacteria; Gammaproteobacteria; Betaproteobacteriales; Burkholderiaceae; Unidentified_Burkholderiaceae
c99e23ab3904d9bd93cd74825095132b	0	0	0	0	0	0	0	0	0	0	0	0	0	0	0	2	0	0	0	0	0	0	0	0	0	0	0	0	0	0	Bacteria; Proteobacteria; Alphaproteobacteria; Rhizobiales; Beijerinckiaceae; Camelimonas
d3334f770bf2eb2c5a13df87786f5440	0	0	0	0	0	0	0	0	0	0	0	0	0	0	0	2	0	0	0	0	0	0	0	0	0	0	0	0	0	0	Bacteria; Proteobacteria; Gammaproteobacteria; Enterobacteriales; Enterobacteriaceae; Unidentified_Enterobacteriaceae
9543546d6c02f0dc2eed0750f5a069f6	0	0	0	0	0	0	0	0	0	0	0	0	0	0	0	2	0	0	0	0	0	0	0	0	0	0	0	0	0	0	Bacteria; Proteobacteria; Gammaproteobacteria; Betaproteobacteriales; Burkholderiaceae; Massilia
6ff4351cba843f8d69c3d4aaf5807a38	0	0	0	0	0	0	0	0	0	0	0	0	0	0	0	2	0	0	0	0	0	0	0	0	0	0	0	0	0	0	Bacteria; Proteobacteria; Gammaproteobacteria; Enterobacteriales; Enterobacteriaceae; Pantoea
e30e2ddcaa88b201b7ab85ade0c642b2	0	0	0	0	0	0	0	0	0	0	0	0	0	0	0	2	0	0	0	0	0	0	0	0	0	0	0	0	0	0	Bacteria; Actinobacteria; Actinobacteria; Frankiales; Nakamurellaceae; Nakamurella
d1195443432327f7a57848262113d0c0	0	0	0	0	0	0	0	0	0	0	0	0	0	0	0	2	0	0	0	0	0	0	0	0	0	0	0	0	0	0	Bacteria; Proteobacteria; Alphaproteobacteria; Rhodobacterales; Rhodobacteraceae; Unidentified_Rhodobacteraceae
22ae1bfb094d61450da14e96b1b3cd9c	0	0	0	0	0	0	0	0	0	0	0	0	0	0	0	2	0	0	0	0	0	0	0	0	0	0	0	0	0	0	Bacteria; Firmicutes; Bacilli; Bacillales; Paenibacillaceae; Paenibacillus
be7480d39e991d7e4dbad2ce1c265f70	0	0	0	0	0	0	0	0	0	0	0	0	0	0	0	2	0	0	0	0	0	0	0	0	0	0	0	0	0	0	Bacteria; Actinobacteria; Actinobacteria; Streptomycetales; Streptomycetaceae; Streptomyces
002a154feaf0582b47c528fd8b2bb6ee	0	0	0	0	0	0	0	0	0	0	0	0	0	0	0	2	0	0	0	0	0	0	0	0	0	0	0	0	0	0	Bacteria; Firmicutes; Bacilli; Bacillales; Staphylococcaceae; Staphylococcus
0cdce574682e4dc6b502376e19bf81cf	0	0	0	0	0	0	0	0	0	0	0	0	0	0	0	2	0	0	0	0	0	0	0	0	0	0	0	0	0	0	Bacteria; Acidobacteria; Acidobacteriia; Subgroup_2; uncultured_bacterium; uncultured_bacterium
470c15e8f8481d312b4d1c555df871fe	0	0	0	0	0	0	0	0	0	0	0	0	0	0	0	2	0	0	0	0	0	0	0	0	0	0	0	0	0	0	Bacteria; Proteobacteria; Unidentified_Proteobacteria; Unidentified_Proteobacteria; Unidentified_Proteobacteria; Unidentified_Proteobacteria
8bcafce36265ac3960d0311d87c5b3d8	0	0	0	0	0	0	0	0	0	0	0	0	0	0	0	2	0	0	0	0	0	0	0	0	0	0	0	0	0	0	Bacteria; Proteobacteria; Gammaproteobacteria; Xanthomonadales; Xanthomonadaceae; Luteimonas
0b901ade6e5aefaf2f886181e104ca00	0	0	0	0	0	0	0	0	0	0	0	0	0	0	0	2	0	0	0	0	0	0	0	0	0	0	0	0	0	0	Bacteria; Proteobacteria; Gammaproteobacteria; Betaproteobacteriales; Burkholderiaceae; Unidentified_Burkholderiaceae
801e697841d62a084ea750291b84cbf4	0	0	0	0	0	0	0	0	0	0	0	0	0	0	0	0	2	0	0	0	0	0	0	0	0	0	0	0	0	0	Bacteria; Bacteroidetes; Bacteroidia; Bacteroidales; Dysgonomonadaceae; Dysgonomonas
38daf564a69d8445c85f32333fca16cd	0	0	0	0	0	0	0	0	0	0	0	0	0	0	0	0	2	0	0	0	0	0	0	0	0	0	0	0	0	0	Bacteria; Proteobacteria; Gammaproteobacteria; Cellvibrionales; Cellvibrionaceae; Gilvimarinus
5e389e0cbe536026b74e42f2e22d23e9	0	0	0	0	0	0	0	0	0	0	0	0	0	0	0	0	2	0	0	0	0	0	0	0	0	0	0	0	0	0	Bacteria; Actinobacteria; Actinobacteria; Streptosporangiales; Nocardiopsaceae; Nocardiopsis
fb2764dfe29c2e3560f29212f021e9b0	0	0	0	0	0	0	0	0	0	0	0	0	0	0	0	0	2	0	0	0	0	0	0	0	0	0	0	0	0	0	Bacteria; Firmicutes; Clostridia; Clostridiales; Lachnospiraceae; Unidentified_Lachnospiraceae
72e0181420d345d5e41c35c7d0ae20cb	0	0	0	0	0	0	0	0	0	0	0	0	0	0	0	0	2	0	0	0	0	0	0	0	0	0	0	0	0	0	Bacteria; Proteobacteria; Gammaproteobacteria; Betaproteobacteriales; Burkholderiaceae; Burkholderia-Caballeronia-Paraburkholderia
5984bf39330a9008f475bedb7d9562af	0	0	0	0	0	0	0	0	0	0	0	0	0	0	0	0	2	0	0	0	0	0	0	0	0	0	0	0	0	0	Bacteria; Dadabacteria; Dadabacteriia; Dadabacteriales; uncultured_bacterium; uncultured_bacterium
3416bfa6076c11d3d0c944cac7e1bafa	0	0	0	0	0	0	0	0	0	0	0	0	0	0	0	0	2	0	0	0	0	0	0	0	0	0	0	0	0	0	Bacteria; Proteobacteria; Gammaproteobacteria; Pseudomonadales; Moraxellaceae; Acinetobacter
1de9fa148763557db9eeef24d9936e70	0	0	0	0	0	0	0	0	0	0	0	0	0	0	0	0	2	0	0	0	0	0	0	0	0	0	0	0	0	0	Bacteria; Proteobacteria; Alphaproteobacteria; Reyranellales; Reyranellaceae; Reyranella
ee2e1fe1e482ec36e3277599456e211b	0	0	0	0	0	0	0	0	0	0	0	0	0	0	0	0	2	0	0	0	0	0	0	0	0	0	0	0	0	0	Bacteria; Proteobacteria; Gammaproteobacteria; Oceanospirillales; Halomonadaceae; Halomonas
c228ffda88c6b703a5fa8166c161337a	0	0	0	0	0	0	0	0	0	0	0	0	0	0	0	0	2	0	0	0	0	0	0	0	0	0	0	0	0	0	Bacteria; Patescibacteria; Parcubacteria; Candidatus_Adlerbacteria; metagenome; metagenome
b6a4c9943637670015078703f880fc5e	0	0	0	0	0	0	0	0	0	0	0	0	0	0	0	0	2	0	0	0	0	0	0	0	0	0	0	0	0	0	Bacteria; Firmicutes; Bacilli; Bacillales; Bacillaceae; Bacillus
0d44ff2d7f28951f3871e52b652843d9	0	0	0	0	0	0	0	0	0	0	0	0	0	0	0	0	2	0	0	0	0	0	0	0	0	0	0	0	0	0	Bacteria; Proteobacteria; Alphaproteobacteria; Rhizobiales; Rhizobiaceae; Allorhizobium-Neorhizobium-Pararhizobium-Rhizobium
6c64ebbaf3165b90ac26ad1142bb6fbf	0	0	0	0	0	0	0	0	0	0	0	0	0	0	0	0	2	0	0	0	0	0	0	0	0	0	0	0	0	0	Bacteria; Proteobacteria; Gammaproteobacteria; Betaproteobacteriales; Burkholderiaceae; Unidentified_Burkholderiaceae
c47ac1e9f54d5edd65427551cc0f2e5f	0	0	0	0	0	0	0	0	0	0	0	0	0	0	0	0	2	0	0	0	0	0	0	0	0	0	0	0	0	0	Bacteria; Proteobacteria; Gammaproteobacteria; Betaproteobacteriales; Burkholderiaceae; Massilia
aeea76cd2c185149006cde46563f37e4	0	0	0	0	0	0	0	0	0	0	0	0	0	0	0	0	2	0	0	0	0	0	0	0	0	0	0	0	0	0	Bacteria; Firmicutes; Bacilli; Bacillales; Bacillaceae; Oceanobacillus
a765df9f02c67dfdf9fd7e00ee293b9b	0	0	0	0	0	0	0	0	0	0	0	0	0	0	0	0	2	0	0	0	0	0	0	0	0	0	0	0	0	0	Bacteria; Actinobacteria; Actinobacteria; Frankiales; Nakamurellaceae; Nakamurella
10330aa2846492818e62734a35e277d2	0	0	0	0	0	0	0	0	0	0	0	0	0	0	0	0	2	0	0	0	0	0	0	0	0	0	0	0	0	0	Bacteria; Proteobacteria; Gammaproteobacteria; Betaproteobacteriales; Burkholderiaceae; Comamonas
c8718580f31f8d52aec04197478ba194	0	0	0	0	0	0	0	0	0	0	0	0	0	0	0	0	2	0	0	0	0	0	0	0	0	0	0	0	0	0	Bacteria; Proteobacteria; Gammaproteobacteria; Pseudomonadales; Pseudomonadaceae; Pseudomonas
ee1783274bd16e3b9950d77594f27f9a	0	0	0	0	0	0	0	0	0	0	0	0	0	0	0	0	2	0	0	0	0	0	0	0	0	0	0	0	0	0	Bacteria; Bacteroidetes; Bacteroidia; Bacteroidales; Dysgonomonadaceae; Dysgonomonas
b01c83e40cfb51f7b7bb62fdb6959663	0	0	0	0	0	0	0	0	0	0	0	0	0	0	0	0	2	0	0	0	0	0	0	0	0	0	0	0	0	0	Bacteria; Actinobacteria; Actinobacteria; Streptomycetales; Streptomycetaceae; Streptomyces
cf784d822bd0a3707e5910713f0ad2dc	0	0	0	0	0	0	0	0	0	0	0	0	0	0	0	0	2	0	0	0	0	0	0	0	0	0	0	0	0	0	Bacteria; Proteobacteria; Gammaproteobacteria; Pseudomonadales; Pseudomonadaceae; Pseudomonas
358c0cfbc3ae2651044a97dc8a1d5ff3	0	0	0	0	0	0	0	0	0	0	0	0	0	0	0	0	2	0	0	0	0	0	0	0	0	0	0	0	0	0	Bacteria; Proteobacteria; Gammaproteobacteria; Betaproteobacteriales; Burkholderiaceae; Ralstonia
50034bdc800fd8af7488fcf311c7a881	0	0	0	0	0	0	0	0	0	0	0	0	0	0	0	0	2	0	0	0	0	0	0	0	0	0	0	0	0	0	Bacteria; Proteobacteria; Gammaproteobacteria; Betaproteobacteriales; Burkholderiaceae; Massilia
1594349fef4b8c06efc1067415bdb9bb	0	0	0	0	0	0	0	0	0	0	0	0	0	0	0	0	2	0	0	0	0	0	0	0	0	0	0	0	0	0	Bacteria; Proteobacteria; Alphaproteobacteria; Caulobacterales; Caulobacteraceae; Brevundimonas
944a3e2c3628e931b48120f658292dcf	0	0	0	0	0	0	0	0	0	0	0	0	0	0	0	0	2	0	0	0	0	0	0	0	0	0	0	0	0	0	Bacteria; Actinobacteria; Actinobacteria; Micrococcales; Microbacteriaceae; Leucobacter
576e4205351289b771ffa1e3182d3089	0	0	0	0	0	0	0	0	0	0	0	0	0	0	0	0	2	0	0	0	0	0	0	0	0	0	0	0	0	0	Bacteria; Proteobacteria; Gammaproteobacteria; Enterobacteriales; Enterobacteriaceae; Unidentified_Enterobacteriaceae
6c8cbfad68a5f9fdb8c008c04ac81c68	0	0	0	0	0	0	0	0	0	0	0	0	0	0	0	0	2	0	0	0	0	0	0	0	0	0	0	0	0	0	Bacteria; Proteobacteria; Gammaproteobacteria; Pseudomonadales; Pseudomonadaceae; Pseudomonas
1fe02f3ef32865342991489a02da43d3	0	0	0	0	0	0	0	0	0	0	0	0	0	0	0	0	2	0	0	0	0	0	0	0	0	0	0	0	0	0	Bacteria; Bacteroidetes; Bacteroidia; Flavobacteriales; Flavobacteriaceae; Flavobacterium
3b5d814b310e31874b0fafd66d7ec8b2	0	0	0	0	0	0	0	0	0	0	0	0	0	0	0	0	2	0	0	0	0	0	0	0	0	0	0	0	0	0	Bacteria; Firmicutes; Bacilli; Lactobacillales; Lactobacillaceae; Lactobacillus
48b75000d5a94858b6dbd0afa26a8274	0	0	0	0	0	0	0	0	0	0	0	0	0	0	0	0	2	0	0	0	0	0	0	0	0	0	0	0	0	0	Bacteria; Proteobacteria; Deltaproteobacteria; Bdellovibrionales; Bdellovibrionaceae; Bdellovibrio
0e0df6c7ab56f030668a80a61087eefa	0	0	0	0	0	0	0	0	0	0	0	0	0	0	0	0	2	0	0	0	0	0	0	0	0	0	0	0	0	0	Bacteria; Proteobacteria; Alphaproteobacteria; Sphingomonadales; Sphingomonadaceae; Unidentified_Sphingomonadaceae
438c87afd62951c8f4ece5da8c6d6b8f	0	0	0	0	0	0	0	0	0	0	0	0	0	0	0	0	2	0	0	0	0	0	0	0	0	0	0	0	0	0	Bacteria; Proteobacteria; Gammaproteobacteria; Oceanospirillales; Halomonadaceae; Halomonas
3803ce00e9b9190756dbe7c453018dd8	0	0	0	0	0	0	0	0	0	0	0	0	0	0	0	0	2	0	0	0	0	0	0	0	0	0	0	0	0	0	Bacteria; Firmicutes; Bacilli; Lactobacillales; Enterococcaceae; Enterococcus
0f77d47466d4ea95e679f687063492a6	0	0	0	0	0	0	0	0	0	0	0	0	0	0	0	0	2	0	0	0	0	0	0	0	0	0	0	0	0	0	Bacteria; Bacteroidetes; Bacteroidia; Cytophagales; Spirosomaceae; Persicitalea
a3b4737cc0670eb2e545385257eb0392	0	0	0	0	0	0	0	0	0	0	0	0	0	0	0	0	2	0	0	0	0	0	0	0	0	0	0	0	0	0	Bacteria; Proteobacteria; Gammaproteobacteria; Xanthomonadales; Xanthomonadaceae; Pseudoxanthomonas
6f0d15fb924d704488ab090e5e0b7a02	0	0	0	0	0	0	0	0	0	0	0	0	0	0	0	0	2	0	0	0	0	0	0	0	0	0	0	0	0	0	Bacteria; Proteobacteria; Alphaproteobacteria; Acetobacterales; Acetobacteraceae; Unidentified_Acetobacteraceae
3b11a447911991986009f6d1a2ed5370	0	0	0	0	0	0	0	0	0	0	0	0	0	0	0	0	2	0	0	0	0	0	0	0	0	0	0	0	0	0	Bacteria; Actinobacteria; Actinobacteria; Streptosporangiales; Nocardiopsaceae; Nocardiopsis
ee39a86b4103999bb1b682db062f5f05	0	0	0	0	0	0	0	0	0	0	0	0	0	0	0	0	2	0	0	0	0	0	0	0	0	0	0	0	0	0	Bacteria; Proteobacteria; Gammaproteobacteria; Pseudomonadales; Pseudomonadaceae; Pseudomonas
1f0c121e430b503e7e8574c099ac354c	0	0	0	0	0	0	0	0	0	0	0	0	0	0	0	0	2	0	0	0	0	0	0	0	0	0	0	0	0	0	Bacteria; Firmicutes; Bacilli; Bacillales; Staphylococcaceae; Jeotgalicoccus
47cd931a7596e2355dc4039ba16b8914	0	0	0	0	0	0	0	0	0	0	0	0	0	0	0	0	2	0	0	0	0	0	0	0	0	0	0	0	0	0	Bacteria; Proteobacteria; Gammaproteobacteria; Betaproteobacteriales; Burkholderiaceae; Ralstonia
f7f714e3967dbc668ffc90d9f5608c33	0	0	0	0	0	0	0	0	0	0	0	0	0	0	0	0	2	0	0	0	0	0	0	0	0	0	0	0	0	0	Bacteria; Firmicutes; Bacilli; Bacillales; Staphylococcaceae; Staphylococcus
259538e50961293cea3c89fb0715efeb	0	0	0	0	0	0	0	0	0	0	0	0	0	0	0	0	2	0	0	0	0	0	0	0	0	0	0	0	0	0	Bacteria; Proteobacteria; Gammaproteobacteria; Xanthomonadales; Xanthomonadaceae; Luteimonas
e68dca3ba8179834535052ebfb6228bf	0	0	0	0	0	0	0	0	0	0	0	0	0	0	0	0	2	0	0	0	0	0	0	0	0	0	0	0	0	0	Bacteria; Proteobacteria; Gammaproteobacteria; Xanthomonadales; Xanthomonadaceae; Luteimonas
c16e61182f5d90eb7420393a2a3ea38e	0	0	0	0	0	0	0	0	0	0	0	0	0	0	0	0	2	0	0	0	0	0	0	0	0	0	0	0	0	0	Bacteria; Proteobacteria; Gammaproteobacteria; Xanthomonadales; Xanthomonadaceae; Luteimonas
d4f07f7f9ee338c64e6529511f7cc8f2	0	0	0	0	0	0	0	0	0	0	0	0	0	0	0	0	2	0	0	0	0	0	0	0	0	0	0	0	0	0	Bacteria; Firmicutes; Bacilli; Bacillales; Staphylococcaceae; Staphylococcus
71ebb8e08e36b63adda372241b17bdbe	0	0	0	0	0	0	0	0	0	0	0	0	0	0	0	0	2	0	0	0	0	0	0	0	0	0	0	0	0	0	Bacteria; Proteobacteria; Gammaproteobacteria; Betaproteobacteriales; Burkholderiaceae; Noviherbaspirillum
9c0326d57e65d5b5fbd4c593af718349	0	0	0	0	0	0	0	0	0	0	0	0	0	0	0	0	2	0	0	0	0	0	0	0	0	0	0	0	0	0	Bacteria; Firmicutes; Bacilli; Lactobacillales; Carnobacteriaceae; Desemzia
9a38dfb7e717967837739732381bde24	0	0	0	0	0	0	0	0	0	0	0	0	0	0	0	0	2	0	0	0	0	0	0	0	0	0	0	0	0	0	Bacteria; Proteobacteria; Gammaproteobacteria; Xanthomonadales; Rhodanobacteraceae; Dyella
70d77b99230baa2b07757cd84f477276	0	0	0	0	0	0	0	0	0	0	0	0	0	0	0	0	2	0	0	0	0	0	0	0	0	0	0	0	0	0	Bacteria; Proteobacteria; Gammaproteobacteria; Pseudomonadales; Pseudomonadaceae; Pseudomonas
d5e41068e2bf547281cdb594f2e2d693	0	0	0	0	0	0	0	0	0	0	0	0	0	0	0	0	2	0	0	0	0	0	0	0	0	0	0	0	0	0	Bacteria; Verrucomicrobia; Verrucomicrobiae; Verrucomicrobiales; Rubritaleaceae; Luteolibacter
20707eabfe039f1ea9b9918b830c7aad	0	0	0	0	0	0	0	0	0	0	0	0	0	0	0	0	2	0	0	0	0	0	0	0	0	0	0	0	0	0	Bacteria; Bacteroidetes; Bacteroidia; Chitinophagales; Chitinophagaceae; uncultured
b4935d436fa591a95f27d985ae37cbf5	0	0	0	0	0	0	0	0	0	0	0	0	0	0	0	0	2	0	0	0	0	0	0	0	0	0	0	0	0	0	Bacteria; Bacteroidetes; Ignavibacteria; OPB56; Unidentified; Unidentified
28aa31186c374d5528779dbd1cac0a55	0	0	0	0	0	0	0	0	0	0	0	0	0	0	0	0	2	0	0	0	0	0	0	0	0	0	0	0	0	0	Bacteria; Actinobacteria; Thermoleophilia; Solirubrobacterales; Solirubrobacteraceae; Solirubrobacter
f37aedf4ac069046398dce3b406eb61e	0	0	0	0	0	0	0	0	0	0	0	0	0	0	0	0	0	2	0	0	0	0	0	0	0	0	0	0	0	0	Bacteria; Proteobacteria; Gammaproteobacteria; Pseudomonadales; Pseudomonadaceae; Pseudomonas
3715428636032e0e71f8f766bd207496	0	0	0	0	0	0	0	0	0	0	0	0	0	0	0	0	0	2	0	0	0	0	0	0	0	0	0	0	0	0	Bacteria; Elusimicrobia; Elusimicrobia; Lineage_IV; Unidientified; Unidientified
e3b928a58374f2a5befcb3150e46904e	0	0	0	0	0	0	0	0	0	0	0	0	0	0	0	0	0	2	0	0	0	0	0	0	0	0	0	0	0	0	Bacteria; Actinobacteria; Actinobacteria; Streptosporangiales; Nocardiopsaceae; Nocardiopsis
4c382e0a1ffcb59ac5e506b7977a11dd	0	0	0	0	0	0	0	0	0	0	0	0	0	0	0	0	0	2	0	0	0	0	0	0	0	0	0	0	0	0	Bacteria; Patescibacteria; Parcubacteria; Candidatus_Adlerbacteria; metagenome; metagenome
3c06f375ea65ac6386773084a68c838d	0	0	0	0	0	0	0	0	0	0	0	0	0	0	0	0	0	2	0	0	0	0	0	0	0	0	0	0	0	0	Bacteria; Proteobacteria; Gammaproteobacteria; Cellvibrionales; Cellvibrionaceae; Unidentified_Cellvibrionaceae
d10c72b287f6e198757f9d267625d1ed	0	0	0	0	0	0	0	0	0	0	0	0	0	0	0	0	0	2	0	0	0	0	0	0	0	0	0	0	0	0	Bacteria; Acidobacteria; Subgroup_6; Unassigned; Unassigned; Unassigned
ff8458cfb601935b53b2237bf8c1eb0c	0	0	0	0	0	0	0	0	0	0	0	0	0	0	0	0	0	2	0	0	0	0	0	0	0	0	0	0	0	0	Bacteria; Bacteroidetes; Bacteroidia; Cytophagales; Hymenobacteraceae; Hymenobacter
786ab56181d598faf7004e0fdf76af60	0	0	0	0	0	0	0	0	0	0	0	0	0	0	0	0	0	2	0	0	0	0	0	0	0	0	0	0	0	0	Bacteria; Firmicutes; Bacilli; Bacillales; Staphylococcaceae; Staphylococcus
63e6ae301f35b7f5fb60ef0f276f644d	0	0	0	0	0	0	0	0	0	0	0	0	0	0	0	0	0	2	0	0	0	0	0	0	0	0	0	0	0	0	Bacteria; Proteobacteria; Gammaproteobacteria; Xanthomonadales; Xanthomonadaceae; Luteimonas
c589857049c12a201b2b2590b8222b15	0	0	0	0	0	0	0	0	0	0	0	0	0	0	0	0	0	2	0	0	0	0	0	0	0	0	0	0	0	0	Bacteria; Planctomycetes; Phycisphaerae; Phycisphaerales; Phycisphaeraceae; uncultured
d2d6220735b96e421db11384198963aa	0	0	0	0	0	0	0	0	0	0	0	0	0	0	0	0	0	2	0	0	0	0	0	0	0	0	0	0	0	0	Bacteria; Proteobacteria; Gammaproteobacteria; Betaproteobacteriales; Burkholderiaceae; Comamonas
80b6bf4c79c1d73960dc843f9b6f04f1	0	0	0	0	0	0	0	0	0	0	0	0	0	0	0	0	0	2	0	0	0	0	0	0	0	0	0	0	0	0	Bacteria; Proteobacteria; Alphaproteobacteria; Rhodobacterales; Rhodobacteraceae; Unidentified_Rhodobacteraceae
95c748105148a24b7a6f1cecc4d81918	0	0	0	0	0	0	0	0	0	0	0	0	0	0	0	0	0	2	0	0	0	0	0	0	0	0	0	0	0	0	Bacteria; Actinobacteria; Actinobacteria; Unidentified_Actinobacteria; Unidentified_Actinobacteria; Unidentified_Actinobacteria
b7cdb4a3be30a420857057d4d801d73b	0	0	0	0	0	0	0	0	0	0	0	0	0	0	0	0	0	2	0	0	0	0	0	0	0	0	0	0	0	0	Bacteria; Proteobacteria; Gammaproteobacteria; Betaproteobacteriales; Burkholderiaceae; Unidentified_Burkholderiaceae
575b66c1bd02a7f0d47742b233b9a7ab	0	0	0	0	0	0	0	0	0	0	0	0	0	0	0	0	0	2	0	0	0	0	0	0	0	0	0	0	0	0	Bacteria; Bacteroidetes; Bacteroidia; Cytophagales; Spirosomaceae; Persicitalea
fc9fce7fd94b292e9a9e7c45c97a1375	0	0	0	0	0	0	0	0	0	0	0	0	0	0	0	0	0	2	0	0	0	0	0	0	0	0	0	0	0	0	Bacteria; Chloroflexi; Anaerolineae; Caldilineales; Caldilineaceae; uncultured
083512ce1665c656a44163ef709d8e53	0	0	0	0	0	0	0	0	0	0	0	0	0	0	0	0	0	2	0	0	0	0	0	0	0	0	0	0	0	0	Bacteria; Proteobacteria; Gammaproteobacteria; Xanthomonadales; Xanthomonadaceae; Luteimonas
02e6fab6e174aacd17ce192c2536a121	0	0	0	0	0	0	0	0	0	0	0	0	0	0	0	0	0	2	0	0	0	0	0	0	0	0	0	0	0	0	Bacteria; Bacteroidetes; Bacteroidia; Flavobacteriales; Flavobacteriaceae; Flavobacterium
dde35fd0a45d33f99eab0fb7549d57e8	0	0	0	0	0	0	0	0	0	0	0	0	0	0	0	0	0	2	0	0	0	0	0	0	0	0	0	0	0	0	Bacteria; Proteobacteria; Gammaproteobacteria; Xanthomonadales; Xanthomonadaceae; Pseudoxanthomonas
846eb4e01d65a8de98e5fd4f4841920d	0	0	0	0	0	0	0	0	0	0	0	0	0	0	0	0	0	2	0	0	0	0	0	0	0	0	0	0	0	0	Bacteria; Proteobacteria; Alphaproteobacteria; Acetobacterales; Acetobacteraceae; Acetobacter
85ec63afcc623c1e4b2acbd96f9e3ec9	0	0	0	0	0	0	0	0	0	0	0	0	0	0	0	0	0	2	0	0	0	0	0	0	0	0	0	0	0	0	Bacteria; Bacteroidetes; Bacteroidia; Sphingobacteriales; Sphingobacteriaceae; Sphingobacterium
ae2ee8c0abe50410cbb651a3f302b84e	0	0	0	0	0	0	0	0	0	0	0	0	0	0	0	0	0	0	2	0	0	0	0	0	0	0	0	0	0	0	Bacteria; Proteobacteria; Gammaproteobacteria; Xanthomonadales; Xanthomonadaceae; Pseudoxanthomonas
588dee29d0421aa6b09ad5498370f025	0	0	0	0	0	0	0	0	0	0	0	0	0	0	0	0	0	0	2	0	0	0	0	0	0	0	0	0	0	0	Bacteria; Proteobacteria; Gammaproteobacteria; Enterobacteriales; Enterobacteriaceae; Escherichia-Shigella
750a645fa0576859569e635b857c19bf	0	0	0	0	0	0	0	0	0	0	0	0	0	0	0	0	0	0	2	0	0	0	0	0	0	0	0	0	0	0	Bacteria; Firmicutes; Bacilli; Bacillales; Paenibacillaceae; Brevibacillus
6f69b8ca6a62bb982a60b78380eca918	0	0	0	0	0	0	0	0	0	0	0	0	0	0	0	0	0	0	2	0	0	0	0	0	0	0	0	0	0	0	Bacteria; Proteobacteria; Gammaproteobacteria; Enterobacteriales; Enterobacteriaceae; Unidentified_Enterobacteriaceae
2b21af2eeedc3cf91b9e1735bac2309b	0	0	0	0	0	0	0	0	0	0	0	0	0	0	0	0	0	0	2	0	0	0	0	0	0	0	0	0	0	0	Bacteria; Actinobacteria; Actinobacteria; Streptomycetales; Streptomycetaceae; Streptomyces
c53cc06e1ac9b18b18675d7cf6607770	0	0	0	0	0	0	0	0	0	0	0	0	0	0	0	0	0	0	2	0	0	0	0	0	0	0	0	0	0	0	Bacteria; Proteobacteria; Alphaproteobacteria; Rhizobiales; Beijerinckiaceae; Methylobacterium
833ad42770cb4cc0bd49514f2a5e3f97	0	0	0	0	0	0	0	0	0	0	0	0	0	0	0	0	0	0	2	0	0	0	0	0	0	0	0	0	0	0	Bacteria; Proteobacteria; Alphaproteobacteria; Rhizobiales; Beijerinckiaceae; Methylobacterium
2d98dae6d777adb3a68291c760ee1850	0	0	0	0	0	0	0	0	0	0	0	0	0	0	0	0	0	0	2	0	0	0	0	0	0	0	0	0	0	0	Bacteria; Proteobacteria; Alphaproteobacteria; Sphingomonadales; Sphingomonadaceae; Sphingomonas
6ed670133b824e9b8917245be38febd7	0	0	0	0	0	0	0	0	0	0	0	0	0	0	0	0	0	0	2	0	0	0	0	0	0	0	0	0	0	0	Bacteria; Proteobacteria; Gammaproteobacteria; Enterobacteriales; Enterobacteriaceae; Unidentified_Enterobacteriaceae
bb9b459815ab79ed3f3dfb9d87335182	0	0	0	0	0	0	0	0	0	0	0	0	0	0	0	0	0	0	2	0	0	0	0	0	0	0	0	0	0	0	Bacteria; Proteobacteria; Alphaproteobacteria; Rhizobiales; Rhizobiaceae; Allorhizobium-Neorhizobium-Pararhizobium-Rhizobium
6591bcec5b347367427f1ad8a1b3687c	0	0	0	0	0	0	0	0	0	0	0	0	0	0	0	0	0	0	2	0	0	0	0	0	0	0	0	0	0	0	Bacteria; Bacteroidetes; Bacteroidia; Sphingobacteriales; Sphingobacteriaceae; Sphingobacterium
2d9c0516a81920457a11db7d4bb25bcc	0	0	0	0	0	0	0	0	0	0	0	0	0	0	0	0	0	0	2	0	0	0	0	0	0	0	0	0	0	0	Bacteria; Chloroflexi; Anaerolineae; SBR1031; A4b; uncultured_bacterium
affbd72d22242d08ddfc4b8699bffb9c	0	0	0	0	0	0	0	0	0	0	0	0	0	0	0	0	0	0	2	0	0	0	0	0	0	0	0	0	0	0	Bacteria; Bacteroidetes; Bacteroidia; Flavobacteriales; Weeksellaceae; Elizabethkingia
f6a6895c45f8e44e107d1bc2ce18c6f5	0	0	0	0	0	0	0	0	0	0	0	0	0	0	0	0	0	0	2	0	0	0	0	0	0	0	0	0	0	0	Bacteria; Proteobacteria; Gammaproteobacteria; Enterobacteriales; Enterobacteriaceae; Unidentified_Enterobacteriaceae
990baddeffe084043c38160d2b5671fb	0	0	0	0	0	0	0	0	0	0	0	0	0	0	0	0	0	0	2	0	0	0	0	0	0	0	0	0	0	0	Bacteria; Proteobacteria; Gammaproteobacteria; Xanthomonadales; Xanthomonadaceae; Pseudoxanthomonas
5a5db371305d7228b228c0bcacceb1f4	0	0	0	0	0	0	0	0	0	0	0	0	0	0	0	0	0	0	2	0	0	0	0	0	0	0	0	0	0	0	Bacteria; Proteobacteria; Gammaproteobacteria; Unidentified_Gammaproteobacteria; Unidentified_Gammaproteobacteria; Unidentified_Gammaproteobacteria
d588b58657a9591ca0b8d00e4aabb4af	0	0	0	0	0	0	0	0	0	0	0	0	0	0	0	0	0	0	2	0	0	0	0	0	0	0	0	0	0	0	Bacteria; Proteobacteria; Gammaproteobacteria; Enterobacteriales; Enterobacteriaceae; Kosakonia
83d31dbc173277f7d0d26de5442fc6a4	0	0	0	0	0	0	0	0	0	0	0	0	0	0	0	0	0	0	2	0	0	0	0	0	0	0	0	0	0	0	Bacteria; Proteobacteria; Gammaproteobacteria; Xanthomonadales; Xanthomonadaceae; Pseudoxanthomonas
ec1b996def073bf19a596944492cdb88	0	0	0	0	0	0	0	0	0	0	0	0	0	0	0	0	0	0	0	2	0	0	0	0	0	0	0	0	0	0	Bacteria; Planctomycetes; Planctomycetacia; Pirellulales; Pirellulaceae; uncultured
d5c24d576628ce6bb5961d698d57d232	0	0	0	0	0	0	0	0	0	0	0	0	0	0	0	0	0	0	0	2	0	0	0	0	0	0	0	0	0	0	Bacteria; Bacteroidetes; Bacteroidia; Cytophagales; Spirosomaceae; Persicitalea
a92df72b09030fe66c4687d6f76ae763	0	0	0	0	0	0	0	0	0	0	0	0	0	0	0	0	0	0	0	2	0	0	0	0	0	0	0	0	0	0	Bacteria; Actinobacteria; Actinobacteria; Micrococcales; Promicromonosporaceae; Promicromonospora
bebe0544029cf51e3c56fa12317f4b81	0	0	0	0	0	0	0	0	0	0	0	0	0	0	0	0	0	0	0	2	0	0	0	0	0	0	0	0	0	0	Bacteria; Firmicutes; Bacilli; Lactobacillales; Lactobacillaceae; Lactobacillus
3d92b7b87dd2e07e4931ca07509c2a0a	0	0	0	0	0	0	0	0	0	0	0	0	0	0	0	0	0	0	0	2	0	0	0	0	0	0	0	0	0	0	Bacteria; Proteobacteria; Gammaproteobacteria; Enterobacteriales; Enterobacteriaceae; Enterobacter
2eac72eb872b6938aedf01dfb7d7a524	0	0	0	0	0	0	0	0	0	0	0	0	0	0	0	0	0	0	0	2	0	0	0	0	0	0	0	0	0	0	Bacteria; Bacteroidetes; Bacteroidia; Chitinophagales; Chitinophagaceae; Taibaiella
076c8d4250c16ffd9bbb579529a3b41e	0	0	0	0	0	0	0	0	0	0	0	0	0	0	0	0	0	0	0	2	0	0	0	0	0	0	0	0	0	0	Bacteria; Proteobacteria; Gammaproteobacteria; Enterobacteriales; Enterobacteriaceae; Unidentified_Enterobacteriaceae
473b9b85350b779c81c0630dced73bda	0	0	0	0	0	0	0	0	0	0	0	0	0	0	0	0	0	0	0	2	0	0	0	0	0	0	0	0	0	0	Bacteria; Chloroflexi; Chloroflexia; Chloroflexales; Roseiflexaceae; uncultured
e17ad14f658c36329a2b4e726760cf78	0	0	0	0	0	0	0	0	0	0	0	0	0	0	0	0	0	0	0	2	0	0	0	0	0	0	0	0	0	0	Bacteria; Proteobacteria; Alphaproteobacteria; Rhizobiales; Rhizobiaceae; Allorhizobium-Neorhizobium-Pararhizobium-Rhizobium
82c9bb46ed8855779ce0e444e55b457a	0	0	0	0	0	0	0	0	0	0	0	0	0	0	0	0	0	0	0	2	0	0	0	0	0	0	0	0	0	0	Bacteria; Proteobacteria; Deltaproteobacteria; Rs-K70_termite_group; uncultured_delta_proteobacterium; uncultured_delta_proteobacterium
ac52b10514c9b7524f1e89fc37010f67	0	0	0	0	0	0	0	0	0	0	0	0	0	0	0	0	0	0	0	2	0	0	0	0	0	0	0	0	0	0	Bacteria; Bacteroidetes; Bacteroidia; Sphingobacteriales; Sphingobacteriaceae; Parapedobacter
58c6e6014384f067cde0f1ed21fa71dd	0	0	0	0	0	0	0	0	0	0	0	0	0	0	0	0	0	0	0	2	0	0	0	0	0	0	0	0	0	0	Bacteria; Actinobacteria; Thermoleophilia; Solirubrobacterales; Solirubrobacteraceae; Patulibacter
bad08de55a2b26afd6365966762f0e6b	0	0	0	0	0	0	0	0	0	0	0	0	0	0	0	0	0	0	0	2	0	0	0	0	0	0	0	0	0	0	Bacteria; Proteobacteria; Gammaproteobacteria; Xanthomonadales; Xanthomonadaceae; Luteimonas
d9bc4b1d07d7d16567f7e2e3976464ba	0	0	0	0	0	0	0	0	0	0	0	0	0	0	0	0	0	0	0	0	2	0	0	0	0	0	0	0	0	0	Bacteria; Bacteroidetes; Bacteroidia; Chitinophagales; Chitinophagaceae; Chitinophaga
908e0098d486864f81a625d1394e23d9	0	0	0	0	0	0	0	0	0	0	0	0	0	0	0	0	0	0	0	0	2	0	0	0	0	0	0	0	0	0	Bacteria; Proteobacteria; Gammaproteobacteria; Oceanospirillales; Halomonadaceae; Halomonas
0d89fa7c375a85f8094725c79444c2c2	0	0	0	0	0	0	0	0	0	0	0	0	0	0	0	0	0	0	0	0	2	0	0	0	0	0	0	0	0	0	Bacteria; Proteobacteria; Gammaproteobacteria; Enterobacteriales; Enterobacteriaceae; Kosakonia
14540c837c03aa60aa7ea02e3cdf6823	0	0	0	0	0	0	0	0	0	0	0	0	0	0	0	0	0	0	0	0	2	0	0	0	0	0	0	0	0	0	Bacteria; Proteobacteria; Gammaproteobacteria; Enterobacteriales; Enterobacteriaceae; Dickeya
1cee5f2f9caf782b2f50ea627fd4d9e4	0	0	0	0	0	0	0	0	0	0	0	0	0	0	0	0	0	0	0	0	2	0	0	0	0	0	0	0	0	0	Bacteria; Proteobacteria; Alphaproteobacteria; Rickettsiales; Anaplasmataceae; Wolbachia
0886656531cb8d77cd04f6585fcbe313	0	0	0	0	0	0	0	0	0	0	0	0	0	0	0	0	0	0	0	0	2	0	0	0	0	0	0	0	0	0	Bacteria; Proteobacteria; Gammaproteobacteria; Pseudomonadales; Moraxellaceae; Acinetobacter
1eea33833c0c2e06bf05ccca0892acc4	0	0	0	0	0	0	0	0	0	0	0	0	0	0	0	0	0	0	0	0	2	0	0	0	0	0	0	0	0	0	Bacteria; Proteobacteria; Gammaproteobacteria; Cellvibrionales; Cellvibrionaceae; Unidentified_Cellvibrionaceae
01821ccad464c9e42b12329ee490de3e	0	0	0	0	0	0	0	0	0	0	0	0	0	0	0	0	0	0	0	0	2	0	0	0	0	0	0	0	0	0	Bacteria; Proteobacteria; Gammaproteobacteria; Enterobacteriales; Enterobacteriaceae; Unidentified_Enterobacteriaceae
d087ad8ec0670c4726bd410dfd346801	0	0	0	0	0	0	0	0	0	0	0	0	0	0	0	0	0	0	0	0	2	0	0	0	0	0	0	0	0	0	Bacteria; Firmicutes; Bacilli; Bacillales; Bacillaceae; Oceanobacillus
48612cdd6e1edf83ab52d01968c965f1	0	0	0	0	0	0	0	0	0	0	0	0	0	0	0	0	0	0	0	0	2	0	0	0	0	0	0	0	0	0	Bacteria; Proteobacteria; Gammaproteobacteria; Pseudomonadales; Pseudomonadaceae; Pseudomonas
b9660fbd20d8e94fa566dd04142822f8	0	0	0	0	0	0	0	0	0	0	0	0	0	0	0	0	0	0	0	0	2	0	0	0	0	0	0	0	0	0	Bacteria; Proteobacteria; Gammaproteobacteria; Enterobacteriales; Enterobacteriaceae; Kosakonia
2f880436f85ec80e57948eacbb8af0fa	0	0	0	0	0	0	0	0	0	0	0	0	0	0	0	0	0	0	0	0	2	0	0	0	0	0	0	0	0	0	Bacteria; Firmicutes; Bacilli; Bacillales; Bacillaceae; Bacillus
645b9f788b5739569b137fd048ca4dbc	0	0	0	0	0	0	0	0	0	0	0	0	0	0	0	0	0	0	0	0	2	0	0	0	0	0	0	0	0	0	Bacteria; Proteobacteria; Gammaproteobacteria; Betaproteobacteriales; Burkholderiaceae; Massilia
d8bd3e66344315b5f2979d87d22bc586	0	0	0	0	0	0	0	0	0	0	0	0	0	0	0	0	0	0	0	0	2	0	0	0	0	0	0	0	0	0	Bacteria; Proteobacteria; Gammaproteobacteria; Enterobacteriales; Enterobacteriaceae; Pantoea
7d044e4fd39d0219710102d1a2023cf1	0	0	0	0	0	0	0	0	0	0	0	0	0	0	0	0	0	0	0	0	2	0	0	0	0	0	0	0	0	0	Bacteria; Proteobacteria; Gammaproteobacteria; Pseudomonadales; Pseudomonadaceae; Pseudomonas
859b2c0b2f523d9e0fbac7fc52e2d01f	0	0	0	0	0	0	0	0	0	0	0	0	0	0	0	0	0	0	0	0	2	0	0	0	0	0	0	0	0	0	Bacteria; Bacteroidetes; Bacteroidia; Sphingobacteriales; AKYH767; Unidentified
30f5e75335e5c6f8c5a39cddbda052fc	0	0	0	0	0	0	0	0	0	0	0	0	0	0	0	0	0	0	0	0	2	0	0	0	0	0	0	0	0	0	Bacteria; Planctomycetes; Planctomycetacia; Gemmatales; Gemmataceae; Fimbriiglobus
ee75e6a83716be9548d2ee1124a4943a	0	0	0	0	0	0	0	0	0	0	0	0	0	0	0	0	0	0	0	0	2	0	0	0	0	0	0	0	0	0	Bacteria; Proteobacteria; Gammaproteobacteria; Xanthomonadales; Xanthomonadaceae; Luteimonas
bb6809bf4d45358eec25d8ce833aca37	0	0	0	0	0	0	0	0	0	0	0	0	0	0	0	0	0	0	0	0	0	2	0	0	0	0	0	0	0	0	Bacteria; Proteobacteria; Gammaproteobacteria; Enterobacteriales; Enterobacteriaceae; Unidentified_Enterobacteriaceae
dd5b38d611f281c935cff60e49d9f68b	0	0	0	0	0	0	0	0	0	0	0	0	0	0	0	0	0	0	0	0	0	2	0	0	0	0	0	0	0	0	Bacteria; Actinobacteria; Actinobacteria; Micrococcales; Microbacteriaceae; Unidentified_Microbacteriaceae
8267347d0dd5bba53ae7b46c8c8cabf6	0	0	0	0	0	0	0	0	0	0	0	0	0	0	0	0	0	0	0	0	0	2	0	0	0	0	0	0	0	0	Bacteria; Proteobacteria; Gammaproteobacteria; Pseudomonadales; Moraxellaceae; Acinetobacter
e0be5678ba6c92e2ca56f51f165b2b47	0	0	0	0	0	0	0	0	0	0	0	0	0	0	0	0	0	0	0	0	0	2	0	0	0	0	0	0	0	0	Bacteria; Firmicutes; Bacilli; Bacillales; Bacillaceae; Bacillus
6dde5f60af1b6e027dc47e9861bdc15d	0	0	0	0	0	0	0	0	0	0	0	0	0	0	0	0	0	0	0	0	0	2	0	0	0	0	0	0	0	0	Bacteria; Actinobacteria; Actinobacteria; Streptosporangiales; Nocardiopsaceae; Unidentified_Nocardiopsaceae
20d47b55f685f4257b826b5499080059	0	0	0	0	0	0	0	0	0	0	0	0	0	0	0	0	0	0	0	0	0	2	0	0	0	0	0	0	0	0	Bacteria; Firmicutes; Bacilli; Bacillales; Paenibacillaceae; Thermobacillus
73bda0566e6c5dc2eb1fc4a8e3c01c58	0	0	0	0	0	0	0	0	0	0	0	0	0	0	0	0	0	0	0	0	0	2	0	0	0	0	0	0	0	0	Bacteria; Chloroflexi; Chloroflexia; Thermomicrobiales; Thermomicrobiaceae; Nitrolancea
a3a4d0b520775fc77820b377a1130c64	0	0	0	0	0	0	0	0	0	0	0	0	0	0	0	0	0	0	0	0	0	2	0	0	0	0	0	0	0	0	Bacteria; Firmicutes; Bacilli; Bacillales; Paenibacillaceae; Paenibacillus
acd0344c7086c056c95cb37b9855da96	0	0	0	0	0	0	0	0	0	0	0	0	0	0	0	0	0	0	0	0	0	2	0	0	0	0	0	0	0	0	Bacteria; Acidobacteria; Blastocatellia_(Subgroup_4); Blastocatellales; Blastocatellaceae; Aridibacter
1188704d61d2f065efcc4ba1a8a882ad	0	0	0	0	0	0	0	0	0	0	0	0	0	0	0	0	0	0	0	0	0	2	0	0	0	0	0	0	0	0	Bacteria; Chloroflexi; Chloroflexia; Chloroflexales; Chloroflexaceae; FFCH7168
b1a5c14158b34335e4f6af018942d767	0	0	0	0	0	0	0	0	0	0	0	0	0	0	0	0	0	0	0	0	0	2	0	0	0	0	0	0	0	0	Bacteria; Proteobacteria; Gammaproteobacteria; Pseudomonadales; Pseudomonadaceae; Pseudomonas
90a954760b945fb90617073b2100f599	0	0	0	0	0	0	0	0	0	0	0	0	0	0	0	0	0	0	0	0	0	2	0	0	0	0	0	0	0	0	Bacteria; Proteobacteria; Gammaproteobacteria; Pseudomonadales; Pseudomonadaceae; Pseudomonas
1484fb9a3f623d349011a7a1a86cee62	0	0	0	0	0	0	0	0	0	0	0	0	0	0	0	0	0	0	0	0	0	2	0	0	0	0	0	0	0	0	Bacteria; Acidobacteria; Acidobacteriia; Subgroup_2; uncultured_bacterium; uncultured_bacterium
6156c4efb45212739342a8a56ee83eea	0	0	0	0	0	0	0	0	0	0	0	0	0	0	0	0	0	0	0	0	0	2	0	0	0	0	0	0	0	0	Bacteria; Proteobacteria; Gammaproteobacteria; Betaproteobacteriales; Burkholderiaceae; Massilia
d1ca9c32fffea1f48306b11f929fa496	0	0	0	0	0	0	0	0	0	0	0	0	0	0	0	0	0	0	0	0	0	2	0	0	0	0	0	0	0	0	Bacteria; Proteobacteria; Alphaproteobacteria; Reyranellales; Reyranellaceae; Reyranella
4d8611fd4195e7cb1427c8656d5c0888	0	0	0	0	0	0	0	0	0	0	0	0	0	0	0	0	0	0	0	0	0	2	0	0	0	0	0	0	0	0	Bacteria; Bacteroidetes; Bacteroidia; Sphingobacteriales; Sphingobacteriaceae; Olivibacter
ad576ec6f3abf404dc183074ab7702c7	0	0	0	0	0	0	0	0	0	0	0	0	0	0	0	0	0	0	0	0	0	2	0	0	0	0	0	0	0	0	Bacteria; Bacteroidetes; Bacteroidia; Sphingobacteriales; Sphingobacteriaceae; Sphingobacterium
d06cfe91195ba89a71345f3358b718ea	0	0	0	0	0	0	0	0	0	0	0	0	0	0	0	0	0	0	0	0	0	2	0	0	0	0	0	0	0	0	Bacteria; Bacteroidetes; Bacteroidia; Flavobacteriales; Flavobacteriaceae; Flavobacterium
2e0016327d42c5baba6bb1df3b96fc17	0	0	0	0	0	0	0	0	0	0	0	0	0	0	0	0	0	0	0	0	0	2	0	0	0	0	0	0	0	0	Bacteria; Bacteroidetes; Bacteroidia; Bacteroidales; Dysgonomonadaceae; Proteiniphilum
438b97a536b794ba50c82a1471016a2c	0	0	0	0	0	0	0	0	0	0	0	0	0	0	0	0	0	0	0	0	0	2	0	0	0	0	0	0	0	0	Bacteria; Proteobacteria; Gammaproteobacteria; Pseudomonadales; Pseudomonadaceae; Pseudomonas
6f6d705612ed2fceb44c0643f691850f	0	0	0	0	0	0	0	0	0	0	0	0	0	0	0	0	0	0	0	0	0	2	0	0	0	0	0	0	0	0	Bacteria; Actinobacteria; Actinobacteria; Streptosporangiales; Thermomonosporaceae; Actinomadura
99a7cbddfede8921649b47bf9ce92a86	0	0	0	0	0	0	0	0	0	0	0	0	0	0	0	0	0	0	0	0	0	2	0	0	0	0	0	0	0	0	Bacteria; Proteobacteria; Gammaproteobacteria; Enterobacteriales; Enterobacteriaceae; Franconibacter
4ffdfd1c180162f7f8ef73810273668a	0	0	0	0	0	0	0	0	0	0	0	0	0	0	0	0	0	0	0	0	0	2	0	0	0	0	0	0	0	0	Bacteria; Proteobacteria; Alphaproteobacteria; Rhizobiales; Devosiaceae; Devosia
3cb8dbb0dd8ad923957c81afd5a3a916	0	0	0	0	0	0	0	0	0	0	0	0	0	0	0	0	0	0	0	0	0	2	0	0	0	0	0	0	0	0	Bacteria; Proteobacteria; Gammaproteobacteria; Betaproteobacteriales; Burkholderiaceae; Noviherbaspirillum
c9b588f06b6191fd38753051bd5bbb66	0	0	0	0	0	0	0	0	0	0	0	0	0	0	0	0	0	0	0	0	0	2	0	0	0	0	0	0	0	0	Bacteria; Proteobacteria; Gammaproteobacteria; Enterobacteriales; Enterobacteriaceae; Klebsiella
3b9d81fce3a8ad39af5cbd07c78c5584	0	0	0	0	0	0	0	0	0	0	0	0	0	0	0	0	0	0	0	0	0	2	0	0	0	0	0	0	0	0	Bacteria; Proteobacteria; Alphaproteobacteria; Rhizobiales; Beijerinckiaceae; Methylobacterium
2b937917b2792f753d378ab9abc018b8	0	0	0	0	0	0	0	0	0	0	0	0	0	0	0	0	0	0	0	0	0	2	0	0	0	0	0	0	0	0	Bacteria; Firmicutes; Bacilli; Bacillales; Unidentified_Bacillales; Unidentified_Bacillales
df7c7d538838ab6b2221cf8136e6702e	0	0	0	0	0	0	0	0	0	0	0	0	0	0	0	0	0	0	0	0	0	2	0	0	0	0	0	0	0	0	Bacteria; Proteobacteria; Gammaproteobacteria; Enterobacteriales; Enterobacteriaceae; Escherichia-Shigella
b18879ef1f7966f3a986b0c86d2ec167	0	0	0	0	0	0	0	0	0	0	0	0	0	0	0	0	0	0	0	0	0	2	0	0	0	0	0	0	0	0	Bacteria; Proteobacteria; Gammaproteobacteria; Enterobacteriales; Enterobacteriaceae; Enterobacter
0e494da80bf6310e5b54a0ec0018c8d0	0	0	0	0	0	0	0	0	0	0	0	0	0	0	0	0	0	0	0	0	0	2	0	0	0	0	0	0	0	0	Bacteria; Firmicutes; Bacilli; Lactobacillales; Lactobacillaceae; Lactobacillus
a95b113e51d540994f2ec4fa20922a70	0	0	0	0	0	0	0	0	0	0	0	0	0	0	0	0	0	0	0	0	0	2	0	0	0	0	0	0	0	0	Bacteria; Proteobacteria; Gammaproteobacteria; Xanthomonadales; Xanthomonadaceae; Pseudoxanthomonas
a55c1fdf6ec391be58fb467d804436d8	0	0	0	0	0	0	0	0	0	0	0	0	0	0	0	0	0	0	0	0	0	2	0	0	0	0	0	0	0	0	Bacteria; Proteobacteria; Gammaproteobacteria; Betaproteobacteriales; Burkholderiaceae; Massilia
9dde836a31c0433167d1683aec844e1a	0	0	0	0	0	0	0	0	0	0	0	0	0	0	0	0	0	0	0	0	0	2	0	0	0	0	0	0	0	0	Bacteria; Firmicutes; Bacilli; Bacillales; Paenibacillaceae; Paenibacillus
08f8a76f5a044e39e2df41aa46695c6e	0	0	0	0	0	0	0	0	0	0	0	0	0	0	0	0	0	0	0	0	0	0	2	0	0	0	0	0	0	0	Bacteria; Firmicutes; Bacilli; Lactobacillales; Lactobacillaceae; Lactobacillus
6b9cae20f1a7a1f9e348fdd823e2f518	0	0	0	0	0	0	0	0	0	0	0	0	0	0	0	0	0	0	0	0	0	0	2	0	0	0	0	0	0	0	Bacteria; Proteobacteria; Gammaproteobacteria; Enterobacteriales; Enterobacteriaceae; Pantoea
90d1ce705560bab923dad61f68f354c6	0	0	0	0	0	0	0	0	0	0	0	0	0	0	0	0	0	0	0	0	0	0	2	0	0	0	0	0	0	0	Bacteria; Verrucomicrobia; Verrucomicrobiae; Opitutales; Opitutaceae; Opitutus
33db3196d9186d4de55dd23d772063b1	0	0	0	0	0	0	0	0	0	0	0	0	0	0	0	0	0	0	0	0	0	0	2	0	0	0	0	0	0	0	Bacteria; Proteobacteria; Gammaproteobacteria; Enterobacteriales; Enterobacteriaceae; Serratia
1f71e59cbe611f006e6d082a26e22fba	0	0	0	0	0	0	0	0	0	0	0	0	0	0	0	0	0	0	0	0	0	0	2	0	0	0	0	0	0	0	Bacteria; Bacteroidetes; Bacteroidia; Sphingobacteriales; Sphingobacteriaceae; Sphingobacterium
414869feabc3dcf15e6d6a4a881d0e05	0	0	0	0	0	0	0	0	0	0	0	0	0	0	0	0	0	0	0	0	0	0	2	0	0	0	0	0	0	0	Bacteria; Firmicutes; Bacilli; Bacillales; Bacillaceae; Bacillus
073f329db03335c99e278ee603b02e9c	0	0	0	0	0	0	0	0	0	0	0	0	0	0	0	0	0	0	0	0	0	0	2	0	0	0	0	0	0	0	Bacteria; Chloroflexi; Anaerolineae; SBR1031; A4b; uncultured_bacterium
2b0e78d300d5db9f0865443d66eb94a3	0	0	0	0	0	0	0	0	0	0	0	0	0	0	0	0	0	0	0	0	0	0	2	0	0	0	0	0	0	0	Bacteria; Proteobacteria; Deltaproteobacteria; Bdellovibrionales; Bdellovibrionaceae; Bdellovibrio
b3094e1ca57ea0b7a7e16e900e7b5380	0	0	0	0	0	0	0	0	0	0	0	0	0	0	0	0	0	0	0	0	0	0	2	0	0	0	0	0	0	0	Bacteria; Proteobacteria; Gammaproteobacteria; Enterobacteriales; Enterobacteriaceae; Unidentified_Enterobacteriaceae
0185471c658e202a60479164831b761c	0	0	0	0	0	0	0	0	0	0	0	0	0	0	0	0	0	0	0	0	0	0	2	0	0	0	0	0	0	0	Bacteria; Firmicutes; Bacilli; Bacillales; Bacillaceae; Bacillus
70f67d7ccea704137bd843eb904c1f8c	0	0	0	0	0	0	0	0	0	0	0	0	0	0	0	0	0	0	0	0	0	0	2	0	0	0	0	0	0	0	Bacteria; Proteobacteria; Gammaproteobacteria; Pseudomonadales; Pseudomonadaceae; Pseudomonas
8453032c18c0f26ce964abd53967a79d	0	0	0	0	0	0	0	0	0	0	0	0	0	0	0	0	0	0	0	0	0	0	2	0	0	0	0	0	0	0	Bacteria; Proteobacteria; Gammaproteobacteria; Enterobacteriales; Enterobacteriaceae; Unidentified_Enterobacteriaceae
c2dde1bd857d4ad9432463cfcd9e42a1	0	0	0	0	0	0	0	0	0	0	0	0	0	0	0	0	0	0	0	0	0	0	2	0	0	0	0	0	0	0	Bacteria; Proteobacteria; Deltaproteobacteria; NB1-j; uncultured_bacterium; uncultured_bacterium
129fab05d44c9b8ac189772982ecde68	0	0	0	0	0	0	0	0	0	0	0	0	0	0	0	0	0	0	0	0	0	0	2	0	0	0	0	0	0	0	Bacteria; Actinobacteria; Actinobacteria; Pseudonocardiales; Pseudonocardiaceae; Saccharomonospora
376f7eb63ca32ab86b2f7b8f6b798f61	0	0	0	0	0	0	0	0	0	0	0	0	0	0	0	0	0	0	0	0	0	0	2	0	0	0	0	0	0	0	Bacteria; Proteobacteria; Gammaproteobacteria; Pseudomonadales; Pseudomonadaceae; Pseudomonas
15617eadc2e29d9ac8375052e3f3d59f	0	0	0	0	0	0	0	0	0	0	0	0	0	0	0	0	0	0	0	0	0	0	2	0	0	0	0	0	0	0	Bacteria; Proteobacteria; Deltaproteobacteria; Myxococcales; Polyangiaceae; Pajaroellobacter
f8c9a216cd29a4665e167ae06c9b7a75	0	0	0	0	0	0	0	0	0	0	0	0	0	0	0	0	0	0	0	0	0	0	2	0	0	0	0	0	0	0	Bacteria; Chloroflexi; Anaerolineae; SBR1031; A4b; OLB13
ecad16d171cfd38bd62149d99865b2a3	0	0	0	0	0	0	0	0	0	0	0	0	0	0	0	0	0	0	0	0	0	0	2	0	0	0	0	0	0	0	Bacteria; Proteobacteria; Gammaproteobacteria; Enterobacteriales; Enterobacteriaceae; Escherichia-Shigella
8a42ca2d957dcd0a955c19f9ed7578aa	0	0	0	0	0	0	0	0	0	0	0	0	0	0	0	0	0	0	0	0	0	0	2	0	0	0	0	0	0	0	Bacteria; Bacteroidetes; Bacteroidia; Cytophagales; Microscillaceae; uncultured
00291ced5653edc505708f551465814a	0	0	0	0	0	0	0	0	0	0	0	0	0	0	0	0	0	0	0	0	0	0	2	0	0	0	0	0	0	0	Bacteria; Proteobacteria; Gammaproteobacteria; Enterobacteriales; Enterobacteriaceae; Unidentified_Enterobacteriaceae
43bfbd7979a6579e61de1b8fd70e4252	0	0	0	0	0	0	0	0	0	0	0	0	0	0	0	0	0	0	0	0	0	0	2	0	0	0	0	0	0	0	Bacteria; Actinobacteria; Actinobacteria; Micrococcales; Microbacteriaceae; Leucobacter
c5cafee8082e55f6a56d188549d2c95c	0	0	0	0	0	0	0	0	0	0	0	0	0	0	0	0	0	0	0	0	0	0	2	0	0	0	0	0	0	0	Bacteria; Proteobacteria; Alphaproteobacteria; Rhizobiales; Beijerinckiaceae; Methylobacterium
95632a88be80bd326ad91de321ec0c7c	0	0	0	0	0	0	0	0	0	0	0	0	0	0	0	0	0	0	0	0	0	0	2	0	0	0	0	0	0	0	Bacteria; Actinobacteria; Actinobacteria; Streptosporangiales; Nocardiopsaceae; Nocardiopsis
50ddfe21a6c2d4ca70a2e23b147f6749	0	0	0	0	0	0	0	0	0	0	0	0	0	0	0	0	0	0	0	0	0	0	2	0	0	0	0	0	0	0	Bacteria; Proteobacteria; Gammaproteobacteria; Betaproteobacteriales; Burkholderiaceae; Ramlibacter
a4d9828d63058ab3df152da558960a92	0	0	0	0	0	0	0	0	0	0	0	0	0	0	0	0	0	0	0	0	0	0	2	0	0	0	0	0	0	0	Bacteria; Proteobacteria; Alphaproteobacteria; Reyranellales; Reyranellaceae; Reyranella
3f8a56c5b14058c72ce741db749735eb	0	0	0	0	0	0	0	0	0	0	0	0	0	0	0	0	0	0	0	0	0	0	2	0	0	0	0	0	0	0	Bacteria; Proteobacteria; Alphaproteobacteria; Acetobacterales; Acetobacteraceae; Acetobacter
bd7f3eeaf1c592e3e3cfb492408fc03a	0	0	0	0	0	0	0	0	0	0	0	0	0	0	0	0	0	0	0	0	0	0	2	0	0	0	0	0	0	0	Bacteria; Proteobacteria; Gammaproteobacteria; Xanthomonadales; Rhodanobacteraceae; Luteibacter
8ed3677f2577202754547c0b32ff16d9	0	0	0	0	0	0	0	0	0	0	0	0	0	0	0	0	0	0	0	0	0	0	2	0	0	0	0	0	0	0	Bacteria; Proteobacteria; Gammaproteobacteria; Enterobacteriales; Enterobacteriaceae; Escherichia-Shigella
290889b946036363dd2d502e7758d982	0	0	0	0	0	0	0	0	0	0	0	0	0	0	0	0	0	0	0	0	0	0	2	0	0	0	0	0	0	0	Bacteria; Bacteroidetes; Bacteroidia; Sphingobacteriales; Sphingobacteriaceae; Sphingobacterium
8c68eb6bcac6bd22553382468e9e411c	0	0	0	0	0	0	0	0	0	0	0	0	0	0	0	0	0	0	0	0	0	0	2	0	0	0	0	0	0	0	Bacteria; Chlamydiae; Chlamydiae; Chlamydiales; Simkaniaceae; uncultured
c7712501f402bd339604b5583c5934e4	0	0	0	0	0	0	0	0	0	0	0	0	0	0	0	0	0	0	0	0	0	0	2	0	0	0	0	0	0	0	Bacteria; Proteobacteria; Alphaproteobacteria; Rhizobiales; Beijerinckiaceae; Methylobacterium
6e68d1f546ea28610a5c9fdfd68696b8	0	0	0	0	0	0	0	0	0	0	0	0	0	0	0	0	0	0	0	0	0	0	0	2	0	0	0	0	0	0	Bacteria; Bacteroidetes; Bacteroidia; Cytophagales; Microscillaceae; Ohtaekwangia
6a9df65f52e8880ec6c058489d89d70a	0	0	0	0	0	0	0	0	0	0	0	0	0	0	0	0	0	0	0	0	0	0	0	2	0	0	0	0	0	0	Bacteria; Verrucomicrobia; Verrucomicrobiae; Chthoniobacterales; Chthoniobacteraceae; LD29
aae41b2ca7236c959b23ca7c59fe5cf7	0	0	0	0	0	0	0	0	0	0	0	0	0	0	0	0	0	0	0	0	0	0	0	2	0	0	0	0	0	0	Bacteria; Proteobacteria; Gammaproteobacteria; Enterobacteriales; Enterobacteriaceae; Kosakonia
3edc25cc383607dcc31b6418968760cc	0	0	0	0	0	0	0	0	0	0	0	0	0	0	0	0	0	0	0	0	0	0	0	2	0	0	0	0	0	0	Bacteria; Proteobacteria; Gammaproteobacteria; Enterobacteriales; Enterobacteriaceae; Escherichia-Shigella
6b463cf14b5da23312667d8d902f3c2f	0	0	0	0	0	0	0	0	0	0	0	0	0	0	0	0	0	0	0	0	0	0	0	2	0	0	0	0	0	0	Bacteria; Proteobacteria; Gammaproteobacteria; Enterobacteriales; Enterobacteriaceae; Pantoea
9c4b3490f3c12e0192e04d9ca2a6172c	0	0	0	0	0	0	0	0	0	0	0	0	0	0	0	0	0	0	0	0	0	0	0	2	0	0	0	0	0	0	Bacteria; Actinobacteria; Actinobacteria; Frankiales; Nakamurellaceae; Nakamurella
4229a1feb862d822f331910466e4e05b	0	0	0	0	0	0	0	0	0	0	0	0	0	0	0	0	0	0	0	0	0	0	0	2	0	0	0	0	0	0	Bacteria; Bacteroidetes; Bacteroidia; Sphingobacteriales; Sphingobacteriaceae; Sphingobacterium
b81ac37dc5722561cc955ab28b64e066	0	0	0	0	0	0	0	0	0	0	0	0	0	0	0	0	0	0	0	0	0	0	0	2	0	0	0	0	0	0	Bacteria; Proteobacteria; Gammaproteobacteria; Xanthomonadales; Xanthomonadaceae; Stenotrophomonas
87cd8bae4d5946825e746ffb5a2ea775	0	0	0	0	0	0	0	0	0	0	0	0	0	0	0	0	0	0	0	0	0	0	0	2	0	0	0	0	0	0	Bacteria; Firmicutes; Clostridia; Clostridiales; Clostridiaceae_1; Clostridium_sensu_stricto_1
85438f22574e5372379006fefd0a0369	0	0	0	0	0	0	0	0	0	0	0	0	0	0	0	0	0	0	0	0	0	0	0	2	0	0	0	0	0	0	Bacteria; Proteobacteria; Gammaproteobacteria; Steroidobacterales; Steroidobacteraceae; Steroidobacter
b67848e51aada7aa0467cd52423a5b8b	0	0	0	0	0	0	0	0	0	0	0	0	0	0	0	0	0	0	0	0	0	0	0	2	0	0	0	0	0	0	Bacteria; Bacteroidetes; Bacteroidia; Flavobacteriales; Weeksellaceae; Chryseobacterium
66fb22ab617ad3ee59ea4dae6671eab1	0	0	0	0	0	0	0	0	0	0	0	0	0	0	0	0	0	0	0	0	0	0	0	2	0	0	0	0	0	0	Bacteria; Bacteroidetes; Ignavibacteria; OPB56; Unidientified; Unidientified
e8ee83c6051d966d3af64b228bf57870	0	0	0	0	0	0	0	0	0	0	0	0	0	0	0	0	0	0	0	0	0	0	0	2	0	0	0	0	0	0	Bacteria; Verrucomicrobia; Verrucomicrobiae; Pedosphaerales; Pedosphaeraceae; Unidentified_Pedosphaeraceae
34324e57094d7e002c4d6ff41cbb19a0	0	0	0	0	0	0	0	0	0	0	0	0	0	0	0	0	0	0	0	0	0	0	0	2	0	0	0	0	0	0	Bacteria; Proteobacteria; Alphaproteobacteria; Sphingomonadales; Sphingomonadaceae; Sphingobium
b118a6a47117e4e01fe9a71b0cde15c8	0	0	0	0	0	0	0	0	0	0	0	0	0	0	0	0	0	0	0	0	0	0	0	2	0	0	0	0	0	0	Bacteria; Actinobacteria; Actinobacteria; Pseudonocardiales; Pseudonocardiaceae; Saccharopolyspora
9eb627d7c9afe16358ea8c3c2cf59e02	0	0	0	0	0	0	0	0	0	0	0	0	0	0	0	0	0	0	0	0	0	0	0	2	0	0	0	0	0	0	Bacteria; Proteobacteria; Gammaproteobacteria; Pseudomonadales; Pseudomonadaceae; Pseudomonas
0a8dd575e91c3d4fb611b88f571141f8	0	0	0	0	0	0	0	0	0	0	0	0	0	0	0	0	0	0	0	0	0	0	0	2	0	0	0	0	0	0	Bacteria; Bacteroidetes; Bacteroidia; Flavobacteriales; Crocinitomicaceae; Fluviicola
e36e084882bd5be738d7fc1f3c940fa6	0	0	0	0	0	0	0	0	0	0	0	0	0	0	0	0	0	0	0	0	0	0	0	2	0	0	0	0	0	0	Bacteria; Acidobacteria; Acidobacteriia; Solibacterales; Solibacteraceae_(Subgroup_3); Bryobacter
24e20be1b34ba2ad1ac9d087fbc6fbb4	0	0	0	0	0	0	0	0	0	0	0	0	0	0	0	0	0	0	0	0	0	0	0	2	0	0	0	0	0	0	Bacteria; Proteobacteria; Gammaproteobacteria; Xanthomonadales; Xanthomonadaceae; Stenotrophomonas
378623a92b66ad6ddb46ee951a63aeff	0	0	0	0	0	0	0	0	0	0	0	0	0	0	0	0	0	0	0	0	0	0	0	2	0	0	0	0	0	0	Bacteria; Proteobacteria; Alphaproteobacteria; Rickettsiales; Rickettsiaceae; Rickettsia
ea8d7c2ed41c4a98047f2d9c6906d3ef	0	0	0	0	0	0	0	0	0	0	0	0	0	0	0	0	0	0	0	0	0	0	0	2	0	0	0	0	0	0	Bacteria; Firmicutes; Bacilli; Bacillales; Bacillaceae; Bacillus
da93a7b5f36cefb7b570fc801c4e7627	0	0	0	0	0	0	0	0	0	0	0	0	0	0	0	0	0	0	0	0	0	0	0	2	0	0	0	0	0	0	Bacteria; Chloroflexi; OLB14; uncultured_bacterium; uncultured_bacterium; uncultured_bacterium
908aa184f1057c349bc7a669bee55596	0	0	0	0	0	0	0	0	0	0	0	0	0	0	0	0	0	0	0	0	0	0	0	2	0	0	0	0	0	0	Bacteria; Proteobacteria; Gammaproteobacteria; Enterobacteriales; Enterobacteriaceae; Pantoea
dbdb743dba0a0845972814528ca98521	0	0	0	0	0	0	0	0	0	0	0	0	0	0	0	0	0	0	0	0	0	0	0	2	0	0	0	0	0	0	Bacteria; Proteobacteria; Alphaproteobacteria; Caulobacterales; Caulobacteraceae; Phenylobacterium
e11d9e745fa275cd02cc660e1e0004a7	0	0	0	0	0	0	0	0	0	0	0	0	0	0	0	0	0	0	0	0	0	0	0	2	0	0	0	0	0	0	Bacteria; Proteobacteria; Gammaproteobacteria; Oceanospirillales; Halomonadaceae; Halomonas
c6a9aeae5e2e5509d568141c1fa07aa8	0	0	0	0	0	0	0	0	0	0	0	0	0	0	0	0	0	0	0	0	0	0	0	2	0	0	0	0	0	0	Bacteria; Proteobacteria; Gammaproteobacteria; Xanthomonadales; Xanthomonadaceae; Pseudoxanthomonas
b500b9ffe793901deb275d3235478aa2	0	0	0	0	0	0	0	0	0	0	0	0	0	0	0	0	0	0	0	0	0	0	0	2	0	0	0	0	0	0	Bacteria; Chloroflexi; Chloroflexia; Chloroflexales; Herpetosiphonaceae; Herpetosiphon
fe4306c49e8e20f9e7f561d03836da33	0	0	0	0	0	0	0	0	0	0	0	0	0	0	0	0	0	0	0	0	0	0	0	2	0	0	0	0	0	0	Bacteria; Proteobacteria; Gammaproteobacteria; Betaproteobacteriales; Burkholderiaceae; Aquabacterium
79a2a1e245a2066babb5ae8ac57f14b7	0	0	0	0	0	0	0	0	0	0	0	0	0	0	0	0	0	0	0	0	0	0	0	0	2	0	0	0	0	0	Bacteria; Proteobacteria; Gammaproteobacteria; Xanthomonadales; Xanthomonadaceae; Luteimonas
d2060f35396ede6c1352ecfce50b3cae	0	0	0	0	0	0	0	0	0	0	0	0	0	0	0	0	0	0	0	0	0	0	0	0	2	0	0	0	0	0	Bacteria; Proteobacteria; Gammaproteobacteria; Steroidobacterales; Steroidobacteraceae; Steroidobacter
07e760e69fba0cfef9c8dd9c7f57314d	0	0	0	0	0	0	0	0	0	0	0	0	0	0	0	0	0	0	0	0	0	0	0	0	2	0	0	0	0	0	Bacteria; Proteobacteria; Gammaproteobacteria; Enterobacteriales; Enterobacteriaceae; Kosakonia
d91d4396841c62134d41cb24fef06edf	0	0	0	0	0	0	0	0	0	0	0	0	0	0	0	0	0	0	0	0	0	0	0	0	2	0	0	0	0	0	Bacteria; Planctomycetes; Planctomycetacia; Isosphaerales; Isosphaeraceae; Paludisphaera
2ceaeaa08c5618d45d88da84a07e6e9b	0	0	0	0	0	0	0	0	0	0	0	0	0	0	0	0	0	0	0	0	0	0	0	0	2	0	0	0	0	0	Bacteria; Proteobacteria; Gammaproteobacteria; Steroidobacterales; Steroidobacteraceae; Steroidobacter
7e5f19bcfec864cd88bafda94ca1473b	0	0	0	0	0	0	0	0	0	0	0	0	0	0	0	0	0	0	0	0	0	0	0	0	2	0	0	0	0	0	Bacteria; Actinobacteria; Thermoleophilia; Solirubrobacterales; 67-14; uncultured_bacterium
74a0e513db5ed309a681f8da279bce9c	0	0	0	0	0	0	0	0	0	0	0	0	0	0	0	0	0	0	0	0	0	0	0	0	2	0	0	0	0	0	Bacteria; Proteobacteria; Gammaproteobacteria; Oceanospirillales; Halomonadaceae; Halomonas
b289b98431723d0908f0be41a2afea44	0	0	0	0	0	0	0	0	0	0	0	0	0	0	0	0	0	0	0	0	0	0	0	0	2	0	0	0	0	0	Bacteria; Bacteroidetes; Bacteroidia; Sphingobacteriales; Sphingobacteriaceae; Sphingobacterium
048dd4bebf30a8a736e2946cb787df74	0	0	0	0	0	0	0	0	0	0	0	0	0	0	0	0	0	0	0	0	0	0	0	0	2	0	0	0	0	0	Bacteria; Actinobacteria; Actinobacteria; Unidentified_Actinobacteria; Unidentified_Actinobacteria; Unidentified_Actinobacteria
d30159eefbe1c66edfb5c26f615c7e2b	0	0	0	0	0	0	0	0	0	0	0	0	0	0	0	0	0	0	0	0	0	0	0	0	2	0	0	0	0	0	Bacteria; Proteobacteria; Gammaproteobacteria; Xanthomonadales; Rhodanobacteraceae; Luteibacter
dafa53bd5e614d62255da8146ce5d966	0	0	0	0	0	0	0	0	0	0	0	0	0	0	0	0	0	0	0	0	0	0	0	0	2	0	0	0	0	0	Bacteria; Planctomycetes; Planctomycetacia; Pirellulales; Pirellulaceae; uncultured
96866af1474a210e9899b25467ba2b67	0	0	0	0	0	0	0	0	0	0	0	0	0	0	0	0	0	0	0	0	0	0	0	0	2	0	0	0	0	0	Bacteria; Proteobacteria; Alphaproteobacteria; Rhizobiales; Rhizobiaceae; Unidentified_Rhizobiaceae
66d540996e988f100dfd5927f3f7b19d	0	0	0	0	0	0	0	0	0	0	0	0	0	0	0	0	0	0	0	0	0	0	0	0	2	0	0	0	0	0	Bacteria; Proteobacteria; Gammaproteobacteria; Enterobacteriales; Enterobacteriaceae; Pantoea
7eacadfad8a37d7a0160f20ca6c8f63c	0	0	0	0	0	0	0	0	0	0	0	0	0	0	0	0	0	0	0	0	0	0	0	0	2	0	0	0	0	0	Bacteria; Proteobacteria; Gammaproteobacteria; Steroidobacterales; Steroidobacteraceae; Steroidobacter
d454db70de8c4d233305c9c1edae6f0c	0	0	0	0	0	0	0	0	0	0	0	0	0	0	0	0	0	0	0	0	0	0	0	0	2	0	0	0	0	0	Bacteria; Proteobacteria; Gammaproteobacteria; Xanthomonadales; Xanthomonadaceae; Pseudoxanthomonas
0b1f27fdcb10a2e6992825b22999276d	0	0	0	0	0	0	0	0	0	0	0	0	0	0	0	0	0	0	0	0	0	0	0	0	2	0	0	0	0	0	Bacteria; Proteobacteria; Gammaproteobacteria; Enterobacteriales; Enterobacteriaceae; Unidentified_Enterobacteriaceae
3feb420dcde9478f7ffba4464a7274b2	0	0	0	0	0	0	0	0	0	0	0	0	0	0	0	0	0	0	0	0	0	0	0	0	2	0	0	0	0	0	Bacteria; Proteobacteria; Gammaproteobacteria; Pseudomonadales; Pseudomonadaceae; Pseudomonas
6017f1b844e1b5add4c6d3616b760d2b	0	0	0	0	0	0	0	0	0	0	0	0	0	0	0	0	0	0	0	0	0	0	0	0	2	0	0	0	0	0	Bacteria; Proteobacteria; Alphaproteobacteria; Rhizobiales; Rhizobiaceae; Ochrobactrum
a3e2d3069727bd1c86cc00456f550a46	0	0	0	0	0	0	0	0	0	0	0	0	0	0	0	0	0	0	0	0	0	0	0	0	2	0	0	0	0	0	Bacteria; Proteobacteria; Gammaproteobacteria; Pseudomonadales; Moraxellaceae; Acinetobacter
1a322ea82b99ff7319158c4d1138d53e	0	0	0	0	0	0	0	0	0	0	0	0	0	0	0	0	0	0	0	0	0	0	0	0	2	0	0	0	0	0	Bacteria; Proteobacteria; Gammaproteobacteria; Xanthomonadales; Xanthomonadaceae; Luteimonas
7e97c6c9b2089bcfb65e1c916f7af5eb	0	0	0	0	0	0	0	0	0	0	0	0	0	0	0	0	0	0	0	0	0	0	0	0	2	0	0	0	0	0	Bacteria; Proteobacteria; Gammaproteobacteria; Xanthomonadales; Xanthomonadaceae; Pseudoxanthomonas
79292b85e7d9c37753bbfd4e978cf0a1	0	0	0	0	0	0	0	0	0	0	0	0	0	0	0	0	0	0	0	0	0	0	0	0	2	0	0	0	0	0	Bacteria; Proteobacteria; Gammaproteobacteria; Xanthomonadales; Xanthomonadaceae; Pseudoxanthomonas
d35ddae8bffa95f849cd7fd36643edef	0	0	0	0	0	0	0	0	0	0	0	0	0	0	0	0	0	0	0	0	0	0	0	0	2	0	0	0	0	0	Bacteria; Proteobacteria; Gammaproteobacteria; Xanthomonadales; Xanthomonadaceae; Pseudoxanthomonas
f4ec7837327229952c8026ad614dd94b	0	0	0	0	0	0	0	0	0	0	0	0	0	0	0	0	0	0	0	0	0	0	0	0	2	0	0	0	0	0	Bacteria; Actinobacteria; Actinobacteria; Streptomycetales; Streptomycetaceae; Streptomyces
8a3b414bc4cded16aa192bd9d6075551	0	0	0	0	0	0	0	0	0	0	0	0	0	0	0	0	0	0	0	0	0	0	0	0	2	0	0	0	0	0	Bacteria; Proteobacteria; Gammaproteobacteria; Xanthomonadales; Xanthomonadaceae; Pseudoxanthomonas
cc2253d9492ceab6ca4b48c4a139874a	0	0	0	0	0	0	0	0	0	0	0	0	0	0	0	0	0	0	0	0	0	0	0	0	2	0	0	0	0	0	Bacteria; Firmicutes; Bacilli; Bacillales; Bacillaceae; Bacillus
80d2750c6520312ea58383288bc92d7f	0	0	0	0	0	0	0	0	0	0	0	0	0	0	0	0	0	0	0	0	0	0	0	0	2	0	0	0	0	0	Bacteria; Proteobacteria; Gammaproteobacteria; Xanthomonadales; Xanthomonadaceae; Pseudoxanthomonas
231a6515c0f1c473d76d533315641884	0	0	0	0	0	0	0	0	0	0	0	0	0	0	0	0	0	0	0	0	0	0	0	0	2	0	0	0	0	0	Bacteria; Actinobacteria; Actinobacteria; Corynebacteriales; Mycobacteriaceae; Mycobacterium
c9b5e5388056fc4d0505ae18668a534c	0	0	0	0	0	0	0	0	0	0	0	0	0	0	0	0	0	0	0	0	0	0	0	0	2	0	0	0	0	0	Bacteria; Proteobacteria; Gammaproteobacteria; Pseudomonadales; Pseudomonadaceae; Pseudomonas
1b9d36091eec0dbea5175f8503f852d3	0	0	0	0	0	0	0	0	0	0	0	0	0	0	0	0	0	0	0	0	0	0	0	0	2	0	0	0	0	0	Bacteria; Proteobacteria; Alphaproteobacteria; Rhizobiales; Rhizobiaceae; Shinella
2897c1c44ce7ecd028dc6ec56da712cc	0	0	0	0	0	0	0	0	0	0	0	0	0	0	0	0	0	0	0	0	0	0	0	0	2	0	0	0	0	0	Bacteria; Verrucomicrobia; Verrucomicrobiae; Chthoniobacterales; Chthoniobacteraceae; LD29
b62bbb4e25242164f6bc6d150d3f7bb6	0	0	0	0	0	0	0	0	0	0	0	0	0	0	0	0	0	0	0	0	0	0	0	0	2	0	0	0	0	0	Bacteria; Firmicutes; Bacilli; Bacillales; Bacillaceae; Bacillus
6df921eab7ec162a7eb5b4417f81e434	0	0	0	0	0	0	0	0	0	0	0	0	0	0	0	0	0	0	0	0	0	0	0	0	2	0	0	0	0	0	Bacteria; Proteobacteria; Gammaproteobacteria; Pseudomonadales; Pseudomonadaceae; Pseudomonas
b9803c035f6a48112dc0594f3356d42c	0	0	0	0	0	0	0	0	0	0	0	0	0	0	0	0	0	0	0	0	0	0	0	0	2	0	0	0	0	0	Bacteria; Proteobacteria; Gammaproteobacteria; Steroidobacterales; Steroidobacteraceae; Steroidobacter
61c13662ffe59db2a8b94bc974c46f80	0	0	0	0	0	0	0	0	0	0	0	0	0	0	0	0	0	0	0	0	0	0	0	0	2	0	0	0	0	0	Bacteria; Proteobacteria; Gammaproteobacteria; Cellvibrionales; Cellvibrionaceae; Gilvimarinus
d8d3df4b0030a9b3d137e4b85570761f	0	0	0	0	0	0	0	0	0	0	0	0	0	0	0	0	0	0	0	0	0	0	0	0	2	0	0	0	0	0	Bacteria; Tenericutes; Mollicutes; Izimaplasmatales; uncultured_bacterium; uncultured_bacterium
ecc77247bb1518265bbd30cee720472d	0	0	0	0	0	0	0	0	0	0	0	0	0	0	0	0	0	0	0	0	0	0	0	0	2	0	0	0	0	0	Bacteria; Proteobacteria; Alphaproteobacteria; Rhizobiales; Unidentified_Rhizobiales; Unidentified_Rhizobiales
13b190ddc3da5b5a4478c2e7b2dcd756	0	0	0	0	0	0	0	0	0	0	0	0	0	0	0	0	0	0	0	0	0	0	0	0	2	0	0	0	0	0	Bacteria; Proteobacteria; Alphaproteobacteria; Rhizobiales; Rhizobiaceae; Shinella
0d469e5e5fe116c354df6bec288b8425	0	0	0	0	0	0	0	0	0	0	0	0	0	0	0	0	0	0	0	0	0	0	0	0	2	0	0	0	0	0	Bacteria; Firmicutes; Bacilli; Bacillales; Paenibacillaceae; Paenibacillus
7b4c2a995175c95e7602fccb69f4fbb9	0	0	0	0	0	0	0	0	0	0	0	0	0	0	0	0	0	0	0	0	0	0	0	0	2	0	0	0	0	0	Bacteria; Proteobacteria; Gammaproteobacteria; Xanthomonadales; Xanthomonadaceae; Pseudoxanthomonas
355bb2380a76dd4467a44ccbf9868bbb	0	0	0	0	0	0	0	0	0	0	0	0	0	0	0	0	0	0	0	0	0	0	0	0	2	0	0	0	0	0	Bacteria; Proteobacteria; Gammaproteobacteria; Pseudomonadales; Pseudomonadaceae; Pseudomonas
7998101687a78302c96d1dc7856d7101	0	0	0	0	0	0	0	0	0	0	0	0	0	0	0	0	0	0	0	0	0	0	0	0	2	0	0	0	0	0	Bacteria; Actinobacteria; Actinobacteria; Streptomycetales; Streptomycetaceae; Streptomyces
f32078b4cd6e83f40191f81bb07224bb	0	0	0	0	0	0	0	0	0	0	0	0	0	0	0	0	0	0	0	0	0	0	0	0	2	0	0	0	0	0	Bacteria; Firmicutes; Bacilli; Bacillales; Bacillaceae; Unidentified_Bacillaceae
fd5ec633d4e2c4580c56244c7f066fb0	0	0	0	0	0	0	0	0	0	0	0	0	0	0	0	0	0	0	0	0	0	0	0	0	2	0	0	0	0	0	Bacteria; Firmicutes; Bacilli; Bacillales; Paenibacillaceae; Paenibacillus
54487c474a1e98389cfaf73a958e2ab8	0	0	0	0	0	0	0	0	0	0	0	0	0	0	0	0	0	0	0	0	0	0	0	0	2	0	0	0	0	0	Bacteria; Actinobacteria; Actinobacteria; Pseudonocardiales; Pseudonocardiaceae; Unidentified_Pseudonocardiaceae
58ed1f3866179ac3211effdaff7e9d3d	0	0	0	0	0	0	0	0	0	0	0	0	0	0	0	0	0	0	0	0	0	0	0	0	2	0	0	0	0	0	Bacteria; Firmicutes; Clostridia; Clostridiales; Unidentified_Clostridiales; Unidentified_Clostridiales
57c1d93cb05e49e98c99d4ab986d64b2	0	0	0	0	0	0	0	0	0	0	0	0	0	0	0	0	0	0	0	0	0	0	0	0	2	0	0	0	0	0	Bacteria; Planctomycetes; Planctomycetacia; Pirellulales; Pirellulaceae; uncultured
04c98d7469cb00ad1ef2cb0ff9cd1b74	0	0	0	0	0	0	0	0	0	0	0	0	0	0	0	0	0	0	0	0	0	0	0	0	2	0	0	0	0	0	Bacteria; Proteobacteria; Alphaproteobacteria; Rhizobiales; Rhizobiaceae; Allorhizobium-Neorhizobium-Pararhizobium-Rhizobium
ffda623c0951be16a95429b5119520e7	0	0	0	0	0	0	0	0	0	0	0	0	0	0	0	0	0	0	0	0	0	0	0	0	2	0	0	0	0	0	Bacteria; Proteobacteria; Gammaproteobacteria; Xanthomonadales; Xanthomonadaceae; Unidentified_Xanthomonadaceae
d845166ad3e058b5b22175ce53d47e95	0	0	0	0	0	0	0	0	0	0	0	0	0	0	0	0	0	0	0	0	0	0	0	0	2	0	0	0	0	0	Bacteria; Firmicutes; Bacilli; Bacillales; Paenibacillaceae; Paenibacillus
3dfbe81de0210c13859c58bf8d6b2de6	0	0	0	0	0	0	0	0	0	0	0	0	0	0	0	0	0	0	0	0	0	0	0	0	2	0	0	0	0	0	Bacteria; Proteobacteria; Gammaproteobacteria; Unidentified_Gammaproteobacteria; Unidentified_Gammaproteobacteria; Unidentified_Gammaproteobacteria
5a2c2f3ceba625314c84f2003440dec1	0	0	0	0	0	0	0	0	0	0	0	0	0	0	0	0	0	0	0	0	0	0	0	0	2	0	0	0	0	0	Bacteria; Actinobacteria; Actinobacteria; Pseudonocardiales; Pseudonocardiaceae; Saccharomonospora
4189fbe4c185333b9b800d332fbb89b1	0	0	0	0	0	0	0	0	0	0	0	0	0	0	0	0	0	0	0	0	0	0	0	0	2	0	0	0	0	0	Bacteria; Firmicutes; Bacilli; Bacillales; Bacillaceae; Bacillus
b1be72e1cba8a6857c6bc073875e16f9	0	0	0	0	0	0	0	0	0	0	0	0	0	0	0	0	0	0	0	0	0	0	0	0	0	2	0	0	0	0	Bacteria; Chloroflexi; JG30-KF-CM66; uncultured_bacterium; uncultured_bacterium; uncultured_bacterium
608efb97da24d22f2ebce671f7f1aac7	0	0	0	0	0	0	0	0	0	0	0	0	0	0	0	0	0	0	0	0	0	0	0	0	0	2	0	0	0	0	Bacteria; Proteobacteria; Alphaproteobacteria; Sphingomonadales; Sphingomonadaceae; Altererythrobacter
3b7711697bb32fb13d864ffe4fe80d2b	0	0	0	0	0	0	0	0	0	0	0	0	0	0	0	0	0	0	0	0	0	0	0	0	0	2	0	0	0	0	Bacteria; Proteobacteria; Gammaproteobacteria; Xanthomonadales; Xanthomonadaceae; Pseudoxanthomonas
bb02a34d5f78e389acc2d6356870a12f	0	0	0	0	0	0	0	0	0	0	0	0	0	0	0	0	0	0	0	0	0	0	0	0	0	2	0	0	0	0	Bacteria; Proteobacteria; Gammaproteobacteria; Pseudomonadales; Moraxellaceae; Acinetobacter
36c1e2a4e2857afc85f37e7deeeef658	0	0	0	0	0	0	0	0	0	0	0	0	0	0	0	0	0	0	0	0	0	0	0	0	0	2	0	0	0	0	Bacteria; Firmicutes; Clostridia; Clostridiales; Lachnospiraceae; Unidentified_Lachnospiraceae
76dc514d31f84eb341bb6a50deefe578	0	0	0	0	0	0	0	0	0	0	0	0	0	0	0	0	0	0	0	0	0	0	0	0	0	2	0	0	0	0	Bacteria; Proteobacteria; Gammaproteobacteria; Betaproteobacteriales; Burkholderiaceae; Rhizobacter
799e1a4325c374c5f07375f024397ce6	0	0	0	0	0	0	0	0	0	0	0	0	0	0	0	0	0	0	0	0	0	0	0	0	0	2	0	0	0	0	Bacteria; Planctomycetes; Phycisphaerae; Phycisphaerales; Phycisphaeraceae; SM1A02
0bb9c39336e5a0f8864f44233d849944	0	0	0	0	0	0	0	0	0	0	0	0	0	0	0	0	0	0	0	0	0	0	0	0	0	2	0	0	0	0	Bacteria; Proteobacteria; Gammaproteobacteria; Oceanospirillales; Pseudohongiellaceae; BIyi10
0056f65b5850964c9cb0bd2b27e265c2	0	0	0	0	0	0	0	0	0	0	0	0	0	0	0	0	0	0	0	0	0	0	0	0	0	2	0	0	0	0	Bacteria; Actinobacteria; Actinobacteria; Streptomycetales; Streptomycetaceae; Streptomyces
dc44ec6658a46cc6161bd5ed080eda07	0	0	0	0	0	0	0	0	0	0	0	0	0	0	0	0	0	0	0	0	0	0	0	0	0	2	0	0	0	0	Bacteria; Actinobacteria; Actinobacteria; Pseudonocardiales; Pseudonocardiaceae; Saccharopolyspora
d9b321a6c54fca7f8f389d77e4fcc530	0	0	0	0	0	0	0	0	0	0	0	0	0	0	0	0	0	0	0	0	0	0	0	0	0	2	0	0	0	0	Bacteria; Proteobacteria; Alphaproteobacteria; Rhizobiales; Devosiaceae; Pelagibacterium
b2827562b89f84931d04337244ee7a97	0	0	0	0	0	0	0	0	0	0	0	0	0	0	0	0	0	0	0	0	0	0	0	0	0	2	0	0	0	0	Bacteria; Proteobacteria; Gammaproteobacteria; Xanthomonadales; Xanthomonadaceae; Pseudoxanthomonas
44d8270b55faef4a1b5e1377c0e2dcad	0	0	0	0	0	0	0	0	0	0	0	0	0	0	0	0	0	0	0	0	0	0	0	0	0	2	0	0	0	0	Bacteria; Proteobacteria; Gammaproteobacteria; Enterobacteriales; Enterobacteriaceae; Unidentified_Enterobacteriaceae
83aeb7a3423b306794787c64cddce8f4	0	0	0	0	0	0	0	0	0	0	0	0	0	0	0	0	0	0	0	0	0	0	0	0	0	2	0	0	0	0	Bacteria; Firmicutes; Bacilli; Bacillales; Bacillaceae; Bacillus
e7442a2504fe5c941e2e9dff966d5c26	0	0	0	0	0	0	0	0	0	0	0	0	0	0	0	0	0	0	0	0	0	0	0	0	0	2	0	0	0	0	Bacteria; Proteobacteria; Gammaproteobacteria; Xanthomonadales; Xanthomonadaceae; Pseudoxanthomonas
03a1a51d51142865028b8bf2e8f12e78	0	0	0	0	0	0	0	0	0	0	0	0	0	0	0	0	0	0	0	0	0	0	0	0	0	2	0	0	0	0	Bacteria; Chloroflexi; JG30-KF-CM66; uncultured_bacterium; uncultured_bacterium; uncultured_bacterium
02e03719246e26484d5e01f3a4fccae1	0	0	0	0	0	0	0	0	0	0	0	0	0	0	0	0	0	0	0	0	0	0	0	0	0	2	0	0	0	0	Bacteria; Proteobacteria; Gammaproteobacteria; Enterobacteriales; Enterobacteriaceae; Escherichia-Shigella
25458002f5d7f3112bbe27e52dab3800	0	0	0	0	0	0	0	0	0	0	0	0	0	0	0	0	0	0	0	0	0	0	0	0	0	2	0	0	0	0	Bacteria; Firmicutes; Bacilli; Bacillales; Bacillaceae; Bacillus
49ce72a3b5d90d8f9e2d90af1c24fc00	0	0	0	0	0	0	0	0	0	0	0	0	0	0	0	0	0	0	0	0	0	0	0	0	0	2	0	0	0	0	Bacteria; Verrucomicrobia; Verrucomicrobiae; Chthoniobacterales; Unidentified_Chthoniobacterales; Unidentified_Chthoniobacterales
018f4ff9a70f1759546867448ade0771	0	0	0	0	0	0	0	0	0	0	0	0	0	0	0	0	0	0	0	0	0	0	0	0	0	2	0	0	0	0	Bacteria; Proteobacteria; Gammaproteobacteria; Pseudomonadales; Pseudomonadaceae; Pseudomonas
eb8f906f0b9171fc00cf3dddd5b3f836	0	0	0	0	0	0	0	0	0	0	0	0	0	0	0	0	0	0	0	0	0	0	0	0	0	2	0	0	0	0	Bacteria; Proteobacteria; Gammaproteobacteria; Betaproteobacteriales; Burkholderiaceae; Ralstonia
f2f79953a4572f636f0f8291507d4677	0	0	0	0	0	0	0	0	0	0	0	0	0	0	0	0	0	0	0	0	0	0	0	0	0	2	0	0	0	0	Bacteria; Planctomycetes; Planctomycetacia; Unidentified_Planctomycetacia; Unidentified_Planctomycetacia; Unidentified_Planctomycetacia
bc33b0b7514cefedb418ee018c90f6fe	0	0	0	0	0	0	0	0	0	0	0	0	0	0	0	0	0	0	0	0	0	0	0	0	0	2	0	0	0	0	Bacteria; Chloroflexi; TK10; uncultured_bacterium; uncultured_bacterium; uncultured_bacterium
2fd947482d55cf111b0e22ca1fa7cda2	0	0	0	0	0	0	0	0	0	0	0	0	0	0	0	0	0	0	0	0	0	0	0	0	0	2	0	0	0	0	Bacteria; Proteobacteria; Alphaproteobacteria; Tistrellales; Geminicoccaceae; Unidentified_Geminicoccaceae
3e19c4b10a3a4fe184f0111f74e418e1	0	0	0	0	0	0	0	0	0	0	0	0	0	0	0	0	0	0	0	0	0	0	0	0	0	2	0	0	0	0	Bacteria; Actinobacteria; Actinobacteria; Micrococcales; Cellulomonadaceae; Cellulomonas
16851321d8877047dd88214c1b728122	0	0	0	0	0	0	0	0	0	0	0	0	0	0	0	0	0	0	0	0	0	0	0	0	0	2	0	0	0	0	Bacteria; Planctomycetes; Phycisphaerae; Tepidisphaerales; WD2101_soil_group; uncultured_bacterium
19f0f04bed5e5e106be482721d8bdb17	0	0	0	0	0	0	0	0	0	0	0	0	0	0	0	0	0	0	0	0	0	0	0	0	0	2	0	0	0	0	Bacteria; Proteobacteria; Gammaproteobacteria; Enterobacteriales; Enterobacteriaceae; Unidentified_Enterobacteriaceae
85e2a530c32b22640aca47957ad4f6e2	0	0	0	0	0	0	0	0	0	0	0	0	0	0	0	0	0	0	0	0	0	0	0	0	0	2	0	0	0	0	Bacteria; Proteobacteria; Gammaproteobacteria; Pseudomonadales; Pseudomonadaceae; Pseudomonas
ab7c87c42630fa81edc508f6bb7d1203	0	0	0	0	0	0	0	0	0	0	0	0	0	0	0	0	0	0	0	0	0	0	0	0	0	2	0	0	0	0	Bacteria; Chloroflexi; Anaerolineae; SBR1031; A4b; uncultured_bacterium
4e02edfe668c801d8915ae70ab8e905a	0	0	0	0	0	0	0	0	0	0	0	0	0	0	0	0	0	0	0	0	0	0	0	0	0	2	0	0	0	0	Bacteria; Proteobacteria; Gammaproteobacteria; Xanthomonadales; Xanthomonadaceae; Luteimonas
c14c3047d9d9881ba2cbf58db917170e	0	0	0	0	0	0	0	0	0	0	0	0	0	0	0	0	0	0	0	0	0	0	0	0	0	2	0	0	0	0	Bacteria; Proteobacteria; Gammaproteobacteria; Enterobacteriales; Enterobacteriaceae; Unidentified_Enterobacteriaceae
5a845d181ab963912bdb4c3ea97feddb	0	0	0	0	0	0	0	0	0	0	0	0	0	0	0	0	0	0	0	0	0	0	0	0	0	2	0	0	0	0	Bacteria; Bacteroidetes; Bacteroidia; Sphingobacteriales; Sphingobacteriaceae; Sphingobacterium
0dfbdb20a30168fc1a68c029cd271aee	0	0	0	0	0	0	0	0	0	0	0	0	0	0	0	0	0	0	0	0	0	0	0	0	0	2	0	0	0	0	Bacteria; Proteobacteria; Gammaproteobacteria; Xanthomonadales; Xanthomonadaceae; Pseudoxanthomonas
adf530ff5143ad11cdcce0bcc40caafa	0	0	0	0	0	0	0	0	0	0	0	0	0	0	0	0	0	0	0	0	0	0	0	0	0	2	0	0	0	0	Bacteria; Proteobacteria; Gammaproteobacteria; Betaproteobacteriales; Burkholderiaceae; Achromobacter
aa1d1f2a038bcbb5ba08a1ae10d2d92e	0	0	0	0	0	0	0	0	0	0	0	0	0	0	0	0	0	0	0	0	0	0	0	0	0	2	0	0	0	0	Bacteria; Actinobacteria; Actinobacteria; Micrococcales; Promicromonosporaceae; Promicromonospora
b7437b24db25ebc0867269919a525578	0	0	0	0	0	0	0	0	0	0	0	0	0	0	0	0	0	0	0	0	0	0	0	0	0	2	0	0	0	0	Bacteria; Firmicutes; Bacilli; Bacillales; Bacillaceae; Bacillus
3744240f73c442be89ca6bfda3392a69	0	0	0	0	0	0	0	0	0	0	0	0	0	0	0	0	0	0	0	0	0	0	0	0	0	2	0	0	0	0	Bacteria; Planctomycetes; Planctomycetacia; Planctomycetales; Rubinisphaeraceae; Planctomicrobium
611de5b7cbbfcb708641f03c571f0322	0	0	0	0	0	0	0	0	0	0	0	0	0	0	0	0	0	0	0	0	0	0	0	0	0	2	0	0	0	0	Bacteria; Firmicutes; Bacilli; Bacillales; Unidentified_Bacillales; Unidentified_Bacillales
0eb3c03d5e751746fa31cef62f8d8a0c	0	0	0	0	0	0	0	0	0	0	0	0	0	0	0	0	0	0	0	0	0	0	0	0	0	2	0	0	0	0	Bacteria; Firmicutes; Clostridia; Clostridiales; Lachnospiraceae; Unidentified_Lachnospiraceae
7dc9393183cbdf86ee22aeddb79980ad	0	0	0	0	0	0	0	0	0	0	0	0	0	0	0	0	0	0	0	0	0	0	0	0	0	2	0	0	0	0	Bacteria; Proteobacteria; Gammaproteobacteria; Enterobacteriales; Enterobacteriaceae; Unidentified_Enterobacteriaceae
02dc93b5a95e6bea3a33620db19fad36	0	0	0	0	0	0	0	0	0	0	0	0	0	0	0	0	0	0	0	0	0	0	0	0	0	2	0	0	0	0	Bacteria; Planctomycetes; Planctomycetacia; Gemmatales; Gemmataceae; Gemmata
3603222abbaf959fff9f448616257641	0	0	0	0	0	0	0	0	0	0	0	0	0	0	0	0	0	0	0	0	0	0	0	0	0	2	0	0	0	0	Bacteria; Bacteroidetes; Bacteroidia; Flavobacteriales; Weeksellaceae; Unidentified_Weeksellaceae
1995d65af41b1dad32d3a49b716cbcdd	0	0	0	0	0	0	0	0	0	0	0	0	0	0	0	0	0	0	0	0	0	0	0	0	0	2	0	0	0	0	Bacteria; Proteobacteria; Deltaproteobacteria; Bdellovibrionales; Bdellovibrionaceae; Bdellovibrio
c46859f8f88450276c8f53d3f684b3f7	0	0	0	0	0	0	0	0	0	0	0	0	0	0	0	0	0	0	0	0	0	0	0	0	0	2	0	0	0	0	Bacteria; Proteobacteria; Alphaproteobacteria; Rhizobiales; Unidentified_Rhizobiales; Unidentified_Rhizobiales
aa85f8a0ad8290561cda258572b667ff	0	0	0	0	0	0	0	0	0	0	0	0	0	0	0	0	0	0	0	0	0	0	0	0	0	2	0	0	0	0	Bacteria; Patescibacteria; Parcubacteria; Candidatus_Azambacteria; Unidentified_Candidatus_Azambacteria; Unidentified_Candidatus_Azambacteria
3a3b3c1ed55fdcfd602a7652ffa8acff	0	0	0	0	0	0	0	0	0	0	0	0	0	0	0	0	0	0	0	0	0	0	0	0	0	2	0	0	0	0	Bacteria; Planctomycetes; Phycisphaerae; Phycisphaerales; Phycisphaeraceae; SM1A02
6ae24a51c6b7bafbf5137a1137a441fa	0	0	0	0	0	0	0	0	0	0	0	0	0	0	0	0	0	0	0	0	0	0	0	0	0	2	0	0	0	0	Bacteria; Proteobacteria; Alphaproteobacteria; Rhizobiales; Unidentified_Rhizobiales; Unidentified_Rhizobiales
be26e9c9de57b48fa75eb938833a629b	0	0	0	0	0	0	0	0	0	0	0	0	0	0	0	0	0	0	0	0	0	0	0	0	0	2	0	0	0	0	Bacteria; Actinobacteria; Actinobacteria; Streptosporangiales; Nocardiopsaceae; Nocardiopsis
0409f22772e55c38ed53848ea66147b8	0	0	0	0	0	0	0	0	0	0	0	0	0	0	0	0	0	0	0	0	0	0	0	0	0	2	0	0	0	0	Bacteria; Firmicutes; Bacilli; Bacillales; Paenibacillaceae; Paenibacillus
d73b0e27a79f0ccba034f48c8583974c	0	0	0	0	0	0	0	0	0	0	0	0	0	0	0	0	0	0	0	0	0	0	0	0	0	2	0	0	0	0	Bacteria; Proteobacteria; Alphaproteobacteria; Rhizobiales; uncultured; uncultured_bacterium
c614be48db5791c51194e656ea6ae084	0	0	0	0	0	0	0	0	0	0	0	0	0	0	0	0	0	0	0	0	0	0	0	0	0	2	0	0	0	0	Bacteria; Proteobacteria; Alphaproteobacteria; Sphingomonadales; Sphingomonadaceae; Sphingomonas
a64599a9b648e83aff4deca3485c2ad5	0	0	0	0	0	0	0	0	0	0	0	0	0	0	0	0	0	0	0	0	0	0	0	0	0	2	0	0	0	0	Bacteria; Planctomycetes; Phycisphaerae; Phycisphaerales; Phycisphaeraceae; SM1A02
6008c1fb7207d3e74e759f1a122ef77e	0	0	0	0	0	0	0	0	0	0	0	0	0	0	0	0	0	0	0	0	0	0	0	0	0	2	0	0	0	0	Bacteria; Proteobacteria; Deltaproteobacteria; Oligoflexales; Oligoflexaceae; Oligoflexus
12f338985cdccf82a96c88a86d780cbc	0	0	0	0	0	0	0	0	0	0	0	0	0	0	0	0	0	0	0	0	0	0	0	0	0	2	0	0	0	0	Bacteria; Proteobacteria; Gammaproteobacteria; Betaproteobacteriales; Burkholderiaceae; Unidentified_Burkholderiaceae
d05c32c87ee0113fc55372aa8512e3ab	0	0	0	0	0	0	0	0	0	0	0	0	0	0	0	0	0	0	0	0	0	0	0	0	0	2	0	0	0	0	Bacteria; Proteobacteria; Gammaproteobacteria; Steroidobacterales; Steroidobacteraceae; Steroidobacter
1eac1883eb139a2c0aa38b4b2ab592fa	0	0	0	0	0	0	0	0	0	0	0	0	0	0	0	0	0	0	0	0	0	0	0	0	0	2	0	0	0	0	Bacteria; Actinobacteria; Actinobacteria; Unidentified_Actinobacteria; Unidentified_Actinobacteria; Unidentified_Actinobacteria
d64026d3591a55c3c839fde63f68cd54	0	0	0	0	0	0	0	0	0	0	0	0	0	0	0	0	0	0	0	0	0	0	0	0	0	2	0	0	0	0	Bacteria; Actinobacteria; Actinobacteria; Micrococcales; Promicromonosporaceae; Promicromonospora
8ba55ac0ae36fce22d8233276a27ef54	0	0	0	0	0	0	0	0	0	0	0	0	0	0	0	0	0	0	0	0	0	0	0	0	0	0	2	0	0	0	Bacteria; Chloroflexi; Anaerolineae; SBR1031; A4b; uncultured_bacterium
0e45a483b9a6d12d02480019ed2c450e	0	0	0	0	0	0	0	0	0	0	0	0	0	0	0	0	0	0	0	0	0	0	0	0	0	0	2	0	0	0	Bacteria; Proteobacteria; Gammaproteobacteria; Enterobacteriales; Enterobacteriaceae; Unidentified_Enterobacteriaceae
6a9a111debea32f2f0ec642fee8b1ffa	0	0	0	0	0	0	0	0	0	0	0	0	0	0	0	0	0	0	0	0	0	0	0	0	0	0	2	0	0	0	Bacteria; Proteobacteria; Gammaproteobacteria; Betaproteobacteriales; Burkholderiaceae; Unidentified_Burkholderiaceae
0251ed32bc6a8a2062a8ea4c389a188d	0	0	0	0	0	0	0	0	0	0	0	0	0	0	0	0	0	0	0	0	0	0	0	0	0	0	2	0	0	0	Bacteria; Chloroflexi; Chloroflexia; Thermomicrobiales; JG30-KF-CM45; uncultured_bacterium
063b2ce68ec8f8a0940e363d214c73d8	0	0	0	0	0	0	0	0	0	0	0	0	0	0	0	0	0	0	0	0	0	0	0	0	0	0	2	0	0	0	Bacteria; Bacteroidetes; Bacteroidia; Sphingobacteriales; NS11-12_marine_group; Unidentified_NS11-12_marine_group
74a19e8af03376d462469e7d786b184d	0	0	0	0	0	0	0	0	0	0	0	0	0	0	0	0	0	0	0	0	0	0	0	0	0	0	2	0	0	0	Bacteria; Proteobacteria; Alphaproteobacteria; Rhizobiales; Devosiaceae; Devosia
19deafa8567d0a4d9a9acda36271f614	0	0	0	0	0	0	0	0	0	0	0	0	0	0	0	0	0	0	0	0	0	0	0	0	0	0	2	0	0	0	Bacteria; Firmicutes; Bacilli; Bacillales; Paenibacillaceae; Paenibacillus
982af8d28bcbb72f72a3bb28524af48a	0	0	0	0	0	0	0	0	0	0	0	0	0	0	0	0	0	0	0	0	0	0	0	0	0	0	2	0	0	0	Bacteria; Proteobacteria; Gammaproteobacteria; Pseudomonadales; Pseudomonadaceae; Pseudomonas
24622426399053d3590b52701211d319	0	0	0	0	0	0	0	0	0	0	0	0	0	0	0	0	0	0	0	0	0	0	0	0	0	0	2	0	0	0	Bacteria; Proteobacteria; Alphaproteobacteria; Rhizobiales; Hyphomicrobiaceae; Pedomicrobium
255e9b68e987dc9c8fe0bf304c8e670d	0	0	0	0	0	0	0	0	0	0	0	0	0	0	0	0	0	0	0	0	0	0	0	0	0	0	2	0	0	0	Bacteria; Proteobacteria; Gammaproteobacteria; Xanthomonadales; Xanthomonadaceae; Xanthomonas
1174984c7350f010b4f8d798bc467ac5	0	0	0	0	0	0	0	0	0	0	0	0	0	0	0	0	0	0	0	0	0	0	0	0	0	0	2	0	0	0	Bacteria; Actinobacteria; Actinobacteria; Streptomycetales; Streptomycetaceae; Streptomyces
9158cb6a6a8d93c331a98266ab03d6ee	0	0	0	0	0	0	0	0	0	0	0	0	0	0	0	0	0	0	0	0	0	0	0	0	0	0	2	0	0	0	Bacteria; Proteobacteria; Deltaproteobacteria; Oligoflexales; Oligoflexaceae; uncultured
577aa65873979d5881800a12ccd37409	0	0	0	0	0	0	0	0	0	0	0	0	0	0	0	0	0	0	0	0	0	0	0	0	0	0	2	0	0	0	Bacteria; Proteobacteria; Gammaproteobacteria; Enterobacteriales; Enterobacteriaceae; Unidentified_Enterobacteriaceae
e362c591bf697e501afc189035ad668b	0	0	0	0	0	0	0	0	0	0	0	0	0	0	0	0	0	0	0	0	0	0	0	0	0	0	2	0	0	0	Bacteria; Proteobacteria; Deltaproteobacteria; Myxococcales; Polyangiaceae; Unidentified_Polyangiaceae
fa8a7a7e93ffe69997846a164114be64	0	0	0	0	0	0	0	0	0	0	0	0	0	0	0	0	0	0	0	0	0	0	0	0	0	0	2	0	0	0	Bacteria; Proteobacteria; Gammaproteobacteria; Pseudomonadales; Pseudomonadaceae; Pseudomonas
53bc2a392670f8cab9f257b0b37eff07	0	0	0	0	0	0	0	0	0	0	0	0	0	0	0	0	0	0	0	0	0	0	0	0	0	0	2	0	0	0	Bacteria; Bacteroidetes; Rhodothermia; Balneolales; Balneolaceae; uncultured
958dcebc5f1824eb27d38de8b52960d3	0	0	0	0	0	0	0	0	0	0	0	0	0	0	0	0	0	0	0	0	0	0	0	0	0	0	2	0	0	0	Bacteria; Bacteroidetes; Ignavibacteria; OPB56; uncultured_bacterium; uncultured_bacterium
c6b42a75e7a7f3232c6a8b2ad56a7f75	0	0	0	0	0	0	0	0	0	0	0	0	0	0	0	0	0	0	0	0	0	0	0	0	0	0	2	0	0	0	Bacteria; Proteobacteria; Alphaproteobacteria; Caulobacterales; Caulobacteraceae; Brevundimonas
1346a7114b5ebf098d0ac5755268bcba	0	0	0	0	0	0	0	0	0	0	0	0	0	0	0	0	0	0	0	0	0	0	0	0	0	0	2	0	0	0	Bacteria; Proteobacteria; Gammaproteobacteria; Xanthomonadales; Xanthomonadaceae; Thermomonas
da789582f10a6b67739f97909c2046a3	0	0	0	0	0	0	0	0	0	0	0	0	0	0	0	0	0	0	0	0	0	0	0	0	0	0	2	0	0	0	Bacteria; Verrucomicrobia; Verrucomicrobiae; Verrucomicrobiales; Rubritaleaceae; Luteolibacter
73f43bbdc236de60345ff9ed8fe20fcb	0	0	0	0	0	0	0	0	0	0	0	0	0	0	0	0	0	0	0	0	0	0	0	0	0	0	2	0	0	0	Bacteria; Proteobacteria; Gammaproteobacteria; Enterobacteriales; Enterobacteriaceae; Unidentified_Enterobacteriaceae
02a36dad427fc75ff2616bcd3256958a	0	0	0	0	0	0	0	0	0	0	0	0	0	0	0	0	0	0	0	0	0	0	0	0	0	0	2	0	0	0	Bacteria; Proteobacteria; Gammaproteobacteria; Pseudomonadales; Pseudomonadaceae; Pseudomonas
6d8aadba271a45c22bf509a51337396c	0	0	0	0	0	0	0	0	0	0	0	0	0	0	0	0	0	0	0	0	0	0	0	0	0	0	2	0	0	0	Bacteria; Firmicutes; Bacilli; Bacillales; Paenibacillaceae; Paenibacillus
aaaa0813952e8feb31b0ae2067e4dff3	0	0	0	0	0	0	0	0	0	0	0	0	0	0	0	0	0	0	0	0	0	0	0	0	0	0	2	0	0	0	Bacteria; Firmicutes; Bacilli; Bacillales; Bacillaceae; Bacillus
65ae48cf7950d13f206cf89eb25ecb8a	0	0	0	0	0	0	0	0	0	0	0	0	0	0	0	0	0	0	0	0	0	0	0	0	0	0	2	0	0	0	Bacteria; Proteobacteria; Alphaproteobacteria; Sphingomonadales; Sphingomonadaceae; Sphingopyxis
5fbd6976c21fc5f539d3feaab3edb54b	0	0	0	0	0	0	0	0	0	0	0	0	0	0	0	0	0	0	0	0	0	0	0	0	0	0	2	0	0	0	Bacteria; Proteobacteria; Alphaproteobacteria; Sphingomonadales; Sphingomonadaceae; Unidentified_Sphingomonadaceae
8b32f20786b6ec81946b441cc11b37e7	0	0	0	0	0	0	0	0	0	0	0	0	0	0	0	0	0	0	0	0	0	0	0	0	0	0	2	0	0	0	Bacteria; Proteobacteria; Gammaproteobacteria; Enterobacteriales; Enterobacteriaceae; Unidentified_Enterobacteriaceae
73327e23b967c1a877f651ad13f2c6f5	0	0	0	0	0	0	0	0	0	0	0	0	0	0	0	0	0	0	0	0	0	0	0	0	0	0	2	0	0	0	Bacteria; Bacteroidetes; Bacteroidia; Sphingobacteriales; Sphingobacteriaceae; Sphingobacterium
7749d9c8fd4632846d5118531887c189	0	0	0	0	0	0	0	0	0	0	0	0	0	0	0	0	0	0	0	0	0	0	0	0	0	0	2	0	0	0	Bacteria; Proteobacteria; Gammaproteobacteria; Oceanospirillales; Pseudohongiellaceae; Pseudohongiella
d999861225a73759c301338a69c17317	0	0	0	0	0	0	0	0	0	0	0	0	0	0	0	0	0	0	0	0	0	0	0	0	0	0	2	0	0	0	Bacteria; Proteobacteria; Deltaproteobacteria; Oligoflexales; 0319-6G20; uncultured_bacterium
ca830b58190f67eb2e08d9261cf29b72	0	0	0	0	0	0	0	0	0	0	0	0	0	0	0	0	0	0	0	0	0	0	0	0	0	0	2	0	0	0	Bacteria; Firmicutes; Clostridia; Clostridiales; Gracilibacteraceae; Gracilibacter
2acc5b04cc9f6f037226263ccef2dab2	0	0	0	0	0	0	0	0	0	0	0	0	0	0	0	0	0	0	0	0	0	0	0	0	0	0	2	0	0	0	Bacteria; Bacteroidetes; Bacteroidia; Flavobacteriales; Crocinitomicaceae; Fluviicola
d8091ca9b1318c208db1df81451d3bc6	0	0	0	0	0	0	0	0	0	0	0	0	0	0	0	0	0	0	0	0	0	0	0	0	0	0	2	0	0	0	Bacteria; Proteobacteria; Gammaproteobacteria; Enterobacteriales; Enterobacteriaceae; Unidentified_Enterobacteriaceae
7701f7cad7436d0afafa1ccebe65a6c8	0	0	0	0	0	0	0	0	0	0	0	0	0	0	0	0	0	0	0	0	0	0	0	0	0	0	2	0	0	0	Bacteria; Firmicutes; Unidentified_Firmicutes; Unidentified_Firmicutes; Unidentified_Firmicutes; Unidentified_Firmicutes
c51672a3b75d9d5992af2a1eba874eca	0	0	0	0	0	0	0	0	0	0	0	0	0	0	0	0	0	0	0	0	0	0	0	0	0	0	2	0	0	0	Bacteria; Chloroflexi; Chloroflexia; Thermomicrobiales; JG30-KF-CM45; Unidentified
3f394316e5ed8723e1c0378acd833984	0	0	0	0	0	0	0	0	0	0	0	0	0	0	0	0	0	0	0	0	0	0	0	0	0	0	2	0	0	0	Bacteria; Proteobacteria; Alphaproteobacteria; Rhizobiales; Rhizobiaceae; Ochrobactrum
baea7bba8f3aac426630b498f2ec900e	0	0	0	0	0	0	0	0	0	0	0	0	0	0	0	0	0	0	0	0	0	0	0	0	0	0	2	0	0	0	Bacteria; Firmicutes; Clostridia; Clostridiales; Lachnospiraceae; Unidentified_Lachnospiraceae
b1203b54843741c3a41c3073ecd45478	0	0	0	0	0	0	0	0	0	0	0	0	0	0	0	0	0	0	0	0	0	0	0	0	0	0	2	0	0	0	Bacteria; Actinobacteria; Actinobacteria; Streptomycetales; Streptomycetaceae; Streptomyces
95957956edc62edd3520dfcc5490df0f	0	0	0	0	0	0	0	0	0	0	0	0	0	0	0	0	0	0	0	0	0	0	0	0	0	0	2	0	0	0	Bacteria; Actinobacteria; Actinobacteria; Streptomycetales; Streptomycetaceae; Streptomyces
3e38c9d299ba7e70e529bc3a9d555c4c	0	0	0	0	0	0	0	0	0	0	0	0	0	0	0	0	0	0	0	0	0	0	0	0	0	0	2	0	0	0	Bacteria; Bacteroidetes; Bacteroidia; Sphingobacteriales; Sphingobacteriaceae; Parapedobacter
f9680f308a3f56ada596c605e2c3a668	0	0	0	0	0	0	0	0	0	0	0	0	0	0	0	0	0	0	0	0	0	0	0	0	0	0	2	0	0	0	Bacteria; Bacteroidetes; Bacteroidia; Cytophagales; Spirosomaceae; Persicitalea
56d0649c24aa675817d521f72f1ee3ec	0	0	0	0	0	0	0	0	0	0	0	0	0	0	0	0	0	0	0	0	0	0	0	0	0	0	2	0	0	0	Bacteria; Chloroflexi; Anaerolineae; SBR1031; A4b; uncultured_bacterium
cf77cfaab1a67795f09d548850ef0769	0	0	0	0	0	0	0	0	0	0	0	0	0	0	0	0	0	0	0	0	0	0	0	0	0	0	2	0	0	0	Bacteria; Proteobacteria; Alphaproteobacteria; Parvibaculales; Parvibaculaceae; Parvibaculum
3cfc0d84635a560b104052604d4ae281	0	0	0	0	0	0	0	0	0	0	0	0	0	0	0	0	0	0	0	0	0	0	0	0	0	0	2	0	0	0	Bacteria; Proteobacteria; Deltaproteobacteria; Myxococcales; Polyangiaceae; Unidentified_Polyangiaceae
11ef2920615739eaed88db7618bfe7b1	0	0	0	0	0	0	0	0	0	0	0	0	0	0	0	0	0	0	0	0	0	0	0	0	0	0	2	0	0	0	Bacteria; Verrucomicrobia; Verrucomicrobiae; Pedosphaerales; Pedosphaeraceae; uncultured_bacterium
47ba1490d05a8fe2e2bf8ef196991d54	0	0	0	0	0	0	0	0	0	0	0	0	0	0	0	0	0	0	0	0	0	0	0	0	0	0	2	0	0	0	Bacteria; Firmicutes; Bacilli; Bacillales; Bacillaceae; Bacillus
0403a1cee749d92e7e781370c192f30c	0	0	0	0	0	0	0	0	0	0	0	0	0	0	0	0	0	0	0	0	0	0	0	0	0	0	2	0	0	0	Bacteria; Firmicutes; Bacilli; Bacillales; Paenibacillaceae; Paenibacillus
96aa6c75e60c8e8927b6b94318eae8fd	0	0	0	0	0	0	0	0	0	0	0	0	0	0	0	0	0	0	0	0	0	0	0	0	0	0	2	0	0	0	Bacteria; Actinobacteria; Actinobacteria; Micrococcales; Promicromonosporaceae; Cellulosimicrobium
bd46da797feed8161d884f2c0f8e66b8	0	0	0	0	0	0	0	0	0	0	0	0	0	0	0	0	0	0	0	0	0	0	0	0	0	0	2	0	0	0	Bacteria; Actinobacteria; Actinobacteria; Streptomycetales; Streptomycetaceae; Streptomyces
b64cf97d9b79f8cc35a3aa4554a2bde6	0	0	0	0	0	0	0	0	0	0	0	0	0	0	0	0	0	0	0	0	0	0	0	0	0	0	2	0	0	0	Bacteria; Proteobacteria; Gammaproteobacteria; Steroidobacterales; Steroidobacteraceae; Steroidobacter
7ca13183b0da67a6420cef05a803ebac	0	0	0	0	0	0	0	0	0	0	0	0	0	0	0	0	0	0	0	0	0	0	0	0	0	0	2	0	0	0	Bacteria; Proteobacteria; Gammaproteobacteria; Pseudomonadales; Pseudomonadaceae; Pseudomonas
4323dafd5303ded4b2646e4e02c4fd5d	0	0	0	0	0	0	0	0	0	0	0	0	0	0	0	0	0	0	0	0	0	0	0	0	0	0	2	0	0	0	Bacteria; Planctomycetes; Planctomycetacia; uncultured; uncultured_bacterium; uncultured_bacterium
e40c22f553264f480f2e93cce07e8281	0	0	0	0	0	0	0	0	0	0	0	0	0	0	0	0	0	0	0	0	0	0	0	0	0	0	2	0	0	0	Bacteria; Proteobacteria; Gammaproteobacteria; R7C24; Unidientified; Unidientified
c2fa2f5cce5df53e532429b306b0e97b	0	0	0	0	0	0	0	0	0	0	0	0	0	0	0	0	0	0	0	0	0	0	0	0	0	0	2	0	0	0	Bacteria; Proteobacteria; Gammaproteobacteria; Legionellales; Legionellaceae; Legionella
48dfe3f754cf77e554c2a313acd91b3c	0	0	0	0	0	0	0	0	0	0	0	0	0	0	0	0	0	0	0	0	0	0	0	0	0	0	2	0	0	0	Bacteria; Proteobacteria; Gammaproteobacteria; Xanthomonadales; Xanthomonadaceae; Pseudoxanthomonas
6995da220e27aa14db13b18973676bea	0	0	0	0	0	0	0	0	0	0	0	0	0	0	0	0	0	0	0	0	0	0	0	0	0	0	2	0	0	0	Bacteria; Proteobacteria; Gammaproteobacteria; Xanthomonadales; Xanthomonadaceae; Pseudoxanthomonas
ac43dbc89f81316f2e2b1f9330867fbe	0	0	0	0	0	0	0	0	0	0	0	0	0	0	0	0	0	0	0	0	0	0	0	0	0	0	2	0	0	0	Bacteria; Chloroflexi; Chloroflexia; Chloroflexales; Roseiflexaceae; uncultured
bf3bb016eb0742352671de0202b9c8a5	0	0	0	0	0	0	0	0	0	0	0	0	0	0	0	0	0	0	0	0	0	0	0	0	0	0	2	0	0	0	Bacteria; Proteobacteria; Deltaproteobacteria; Oligoflexales; Oligoflexaceae; Oligoflexus
8011246dc2d62680e7b9bfd45f37ff00	0	0	0	0	0	0	0	0	0	0	0	0	0	0	0	0	0	0	0	0	0	0	0	0	0	0	2	0	0	0	Bacteria; Actinobacteria; Actinobacteria; Micrococcales; Promicromonosporaceae; Promicromonospora
723b7be973d679188a17bbe2ce29efc0	0	0	0	0	0	0	0	0	0	0	0	0	0	0	0	0	0	0	0	0	0	0	0	0	0	0	2	0	0	0	Bacteria; Proteobacteria; Gammaproteobacteria; Xanthomonadales; Xanthomonadaceae; Pseudoxanthomonas
612901d3dd3449dfd5a43065a036f1f0	0	0	0	0	0	0	0	0	0	0	0	0	0	0	0	0	0	0	0	0	0	0	0	0	0	0	2	0	0	0	Bacteria; Planctomycetes; Planctomycetacia; Gemmatales; Gemmataceae; Fimbriiglobus
8e623fbf3cc4bf8ea8bb0bbaf9a7501e	0	0	0	0	0	0	0	0	0	0	0	0	0	0	0	0	0	0	0	0	0	0	0	0	0	0	2	0	0	0	Bacteria; Planctomycetes; Planctomycetacia; Planctomycetales; Rubinisphaeraceae; SH-PL14
63fff2e00bff5ab1eb7fddcbf7ed8b00	0	0	0	0	0	0	0	0	0	0	0	0	0	0	0	0	0	0	0	0	0	0	0	0	0	0	2	0	0	0	Bacteria; Firmicutes; Bacilli; Bacillales; Bacillaceae; Bacillus
5a60117f7d899364025f58fd961db802	0	0	0	0	0	0	0	0	0	0	0	0	0	0	0	0	0	0	0	0	0	0	0	0	0	0	2	0	0	0	Bacteria; Proteobacteria; Gammaproteobacteria; Betaproteobacteriales; Burkholderiaceae; Lautropia
d1595db6b57267e3e95bb0ce3af814d0	0	0	0	0	0	0	0	0	0	0	0	0	0	0	0	0	0	0	0	0	0	0	0	0	0	0	2	0	0	0	Bacteria; Acidobacteria; Subgroup_6; Unassigned; Unassigned; Unassigned
04ea2cbcf8e13e6d268e6abf4c1acdff	0	0	0	0	0	0	0	0	0	0	0	0	0	0	0	0	0	0	0	0	0	0	0	0	0	0	2	0	0	0	Bacteria; Chloroflexi; Anaerolineae; Caldilineales; Caldilineaceae; uncultured
938f150ad63d0e0f8db03df12ee732d7	0	0	0	0	0	0	0	0	0	0	0	0	0	0	0	0	0	0	0	0	0	0	0	0	0	0	2	0	0	0	Bacteria; Bacteroidetes; Bacteroidia; Flavobacteriales; Flavobacteriaceae; Flavobacterium
4d5c9d3edafe3a841d77bac3fb0724fc	0	0	0	0	0	0	0	0	0	0	0	0	0	0	0	0	0	0	0	0	0	0	0	0	0	0	2	0	0	0	Bacteria; Firmicutes; Bacilli; Bacillales; Bacillaceae; Bacillus
878a62ba1afaa5d1a94a4017fe7376cf	0	0	0	0	0	0	0	0	0	0	0	0	0	0	0	0	0	0	0	0	0	0	0	0	0	0	2	0	0	0	Bacteria; Firmicutes; Bacilli; Bacillales; Bacillaceae; Bacillus
74e4fa98f066b204a534ed97473f05b9	0	0	0	0	0	0	0	0	0	0	0	0	0	0	0	0	0	0	0	0	0	0	0	0	0	0	0	2	0	0	Bacteria; Proteobacteria; Gammaproteobacteria; Betaproteobacteriales; Burkholderiaceae; Unidentified_Burkholderiaceae
f39f323f9d13cbf1e80b78f7f559a581	0	0	0	0	0	0	0	0	0	0	0	0	0	0	0	0	0	0	0	0	0	0	0	0	0	0	0	2	0	0	Bacteria; Proteobacteria; Gammaproteobacteria; Enterobacteriales; Enterobacteriaceae; Pantoea
4dbe33fc831008276d1131c8ced67528	0	0	0	0	0	0	0	0	0	0	0	0	0	0	0	0	0	0	0	0	0	0	0	0	0	0	0	2	0	0	Bacteria; Verrucomicrobia; Verrucomicrobiae; Chthoniobacterales; Terrimicrobiaceae; Terrimicrobium
7125b78a65adb38fc12b688eeb33d16e	0	0	0	0	0	0	0	0	0	0	0	0	0	0	0	0	0	0	0	0	0	0	0	0	0	0	0	2	0	0	Bacteria; Actinobacteria; Actinobacteria; Frankiales; Nakamurellaceae; Nakamurella
ea5a4f54989a2d59b7b22be0979091fb	0	0	0	0	0	0	0	0	0	0	0	0	0	0	0	0	0	0	0	0	0	0	0	0	0	0	0	2	0	0	Bacteria; Proteobacteria; Alphaproteobacteria; Rhodobacterales; Rhodobacteraceae; Paracoccus
22ea3bec4e94d39c8aecaea4c25acf90	0	0	0	0	0	0	0	0	0	0	0	0	0	0	0	0	0	0	0	0	0	0	0	0	0	0	0	2	0	0	Bacteria; Proteobacteria; Alphaproteobacteria; Rhizobiales; Rhizobiaceae; Ochrobactrum
2c059ed4de6c0899ff9cf127b55d9c4f	0	0	0	0	0	0	0	0	0	0	0	0	0	0	0	0	0	0	0	0	0	0	0	0	0	0	0	2	0	0	Bacteria; Proteobacteria; Deltaproteobacteria; Oligoflexales; Oligoflexaceae; uncultured
958cbe542a670c767d0c5b5dbe38fa59	0	0	0	0	0	0	0	0	0	0	0	0	0	0	0	0	0	0	0	0	0	0	0	0	0	0	0	2	0	0	Bacteria; Actinobacteria; Actinobacteria; Streptosporangiales; Nocardiopsaceae; Thermobifida
d4beb2cab9ec59481c7e8a5c95814ac5	0	0	0	0	0	0	0	0	0	0	0	0	0	0	0	0	0	0	0	0	0	0	0	0	0	0	0	2	0	0	Bacteria; Proteobacteria; Alphaproteobacteria; Rhizobiales; Devosiaceae; Devosia
72c9a8dbc722ab5cdfceb8381e73cb9a	0	0	0	0	0	0	0	0	0	0	0	0	0	0	0	0	0	0	0	0	0	0	0	0	0	0	0	2	0	0	Bacteria; Firmicutes; Bacilli; Bacillales; Bacillaceae; Bacillus
f64273c8e4e9937f32541bc4fe2c414b	0	0	0	0	0	0	0	0	0	0	0	0	0	0	0	0	0	0	0	0	0	0	0	0	0	0	0	2	0	0	Bacteria; Actinobacteria; Actinobacteria; Frankiales; Unidentified_Frankiales; Unidentified_Frankiales
4d8b9238c64562f771da3afd106cc2ba	0	0	0	0	0	0	0	0	0	0	0	0	0	0	0	0	0	0	0	0	0	0	0	0	0	0	0	2	0	0	Bacteria; Bacteroidetes; Bacteroidia; Cytophagales; Spirosomaceae; Persicitalea
2a68446d64143309b3003d9d2b37282d	0	0	0	0	0	0	0	0	0	0	0	0	0	0	0	0	0	0	0	0	0	0	0	0	0	0	0	2	0	0	Bacteria; Proteobacteria; Deltaproteobacteria; Bdellovibrionales; Bacteriovoracaceae; Peredibacter
26f8a33c4d2b935e4f05a494d30ff465	0	0	0	0	0	0	0	0	0	0	0	0	0	0	0	0	0	0	0	0	0	0	0	0	0	0	0	2	0	0	Bacteria; Actinobacteria; Actinobacteria; Streptosporangiales; Nocardiopsaceae; Nocardiopsis
598f3687643619fbfd179a3c90fbc995	0	0	0	0	0	0	0	0	0	0	0	0	0	0	0	0	0	0	0	0	0	0	0	0	0	0	0	2	0	0	Bacteria; Proteobacteria; Alphaproteobacteria; Rhizobiales; Rhizobiaceae; Unidentified_Rhizobiaceae
492c371613b5d027b709f5de4793da79	0	0	0	0	0	0	0	0	0	0	0	0	0	0	0	0	0	0	0	0	0	0	0	0	0	0	0	2	0	0	Bacteria; Actinobacteria; Actinobacteria; Streptosporangiales; Nocardiopsaceae; Nocardiopsis
1c372c09a97210f7ee9c829b4a3f5f48	0	0	0	0	0	0	0	0	0	0	0	0	0	0	0	0	0	0	0	0	0	0	0	0	0	0	0	2	0	0	Bacteria; Actinobacteria; Thermoleophilia; Solirubrobacterales; 67-14; uncultured_bacterium
ae5a4c632a27c1a4481efaf107fa4619	0	0	0	0	0	0	0	0	0	0	0	0	0	0	0	0	0	0	0	0	0	0	0	0	0	0	0	2	0	0	Bacteria; Firmicutes; Bacilli; Bacillales; Paenibacillaceae; Paenibacillus
d7260dd7ded21f1e9d625872f285f895	0	0	0	0	0	0	0	0	0	0	0	0	0	0	0	0	0	0	0	0	0	0	0	0	0	0	0	2	0	0	Bacteria; Chloroflexi; Chloroflexia; Thermomicrobiales; JG30-KF-CM45; uncultured_bacterium
caee12b0e4730d2586a26126e01b4c0f	0	0	0	0	0	0	0	0	0	0	0	0	0	0	0	0	0	0	0	0	0	0	0	0	0	0	0	2	0	0	Bacteria; Proteobacteria; Gammaproteobacteria; Pseudomonadales; Pseudomonadaceae; Pseudomonas
9196f279414b1cb0f9fd95727c2802e3	0	0	0	0	0	0	0	0	0	0	0	0	0	0	0	0	0	0	0	0	0	0	0	0	0	0	0	2	0	0	Bacteria; Actinobacteria; Actinobacteria; Streptosporangiales; Nocardiopsaceae; Nocardiopsis
2f472e9d89bc8fe477b06fc52c5bcee0	0	0	0	0	0	0	0	0	0	0	0	0	0	0	0	0	0	0	0	0	0	0	0	0	0	0	0	2	0	0	Bacteria; Firmicutes; Bacilli; Bacillales; Bacillaceae; Bacillus
bc8fe3145cee6a119163a4237ff1e0ca	0	0	0	0	0	0	0	0	0	0	0	0	0	0	0	0	0	0	0	0	0	0	0	0	0	0	0	2	0	0	Bacteria; Actinobacteria; Actinobacteria; Micrococcales; Promicromonosporaceae; Cellulosimicrobium
990a30d74a29a2e08ec887c7101e88b7	0	0	0	0	0	0	0	0	0	0	0	0	0	0	0	0	0	0	0	0	0	0	0	0	0	0	0	2	0	0	Bacteria; Proteobacteria; Alphaproteobacteria; Rhizobiales; Devosiaceae; Devosia
3564aac6425a610548388e74eae94e1f	0	0	0	0	0	0	0	0	0	0	0	0	0	0	0	0	0	0	0	0	0	0	0	0	0	0	0	2	0	0	Bacteria; Bacteroidetes; Bacteroidia; Cytophagales; Microscillaceae; uncultured
f8492df65e1d1d7c1acfb11f2afcc4cd	0	0	0	0	0	0	0	0	0	0	0	0	0	0	0	0	0	0	0	0	0	0	0	0	0	0	0	2	0	0	Bacteria; Firmicutes; Bacilli; Bacillales; Bacillaceae; Bacillus
84d90ec30f05924bdcdae6dd8b6cd8cc	0	0	0	0	0	0	0	0	0	0	0	0	0	0	0	0	0	0	0	0	0	0	0	0	0	0	0	2	0	0	Bacteria; Proteobacteria; Gammaproteobacteria; Xanthomonadales; Xanthomonadaceae; Stenotrophomonas
078395d76ec8120555679fd674f87d96	0	0	0	0	0	0	0	0	0	0	0	0	0	0	0	0	0	0	0	0	0	0	0	0	0	0	0	2	0	0	Bacteria; Actinobacteria; Actinobacteria; Pseudonocardiales; Pseudonocardiaceae; Saccharopolyspora
6829318365faf40683a006d3a888dfbf	0	0	0	0	0	0	0	0	0	0	0	0	0	0	0	0	0	0	0	0	0	0	0	0	0	0	0	2	0	0	Bacteria; Chloroflexi; Anaerolineae; SBR1031; uncultured_organism; uncultured_organism
8ac441633914e7cd5b187aa178a92558	0	0	0	0	0	0	0	0	0	0	0	0	0	0	0	0	0	0	0	0	0	0	0	0	0	0	0	2	0	0	Bacteria; Proteobacteria; Alphaproteobacteria; SAR11_clade; Clade_I; uncultured
5ae4e39f87e8a930ed2794ab8631ab7e	0	0	0	0	0	0	0	0	0	0	0	0	0	0	0	0	0	0	0	0	0	0	0	0	0	0	0	2	0	0	Bacteria; Actinobacteria; Actinobacteria; Micrococcales; Promicromonosporaceae; Promicromonospora
ac9300a5bf93b06c94459c77a8f0b488	0	0	0	0	0	0	0	0	0	0	0	0	0	0	0	0	0	0	0	0	0	0	0	0	0	0	0	2	0	0	Bacteria; Firmicutes; Bacilli; Bacillales; Bacillaceae; Bacillus
7d279dd37c186d262f4dad04ea6047cd	0	0	0	0	0	0	0	0	0	0	0	0	0	0	0	0	0	0	0	0	0	0	0	0	0	0	0	2	0	0	Bacteria; Planctomycetes; Phycisphaerae; Phycisphaerales; Phycisphaeraceae; SM1A02
4112bb8d8ddd302a2ec312aa0a936dd1	0	0	0	0	0	0	0	0	0	0	0	0	0	0	0	0	0	0	0	0	0	0	0	0	0	0	0	2	0	0	Bacteria; Proteobacteria; Gammaproteobacteria; Betaproteobacteriales; Burkholderiaceae; Achromobacter
d4197cd2ab4d71f8dc1d0f3519ecfeb1	0	0	0	0	0	0	0	0	0	0	0	0	0	0	0	0	0	0	0	0	0	0	0	0	0	0	0	2	0	0	Bacteria; Firmicutes; Bacilli; Bacillales; Bacillaceae; Bacillus
ecd7f8d3f6ffe0967f05f0bab92806dc	0	0	0	0	0	0	0	0	0	0	0	0	0	0	0	0	0	0	0	0	0	0	0	0	0	0	0	2	0	0	Bacteria; Planctomycetes; Planctomycetacia; Pirellulales; Pirellulaceae; Pir4_lineage
3748cb0bda414ef4d609b6d69fa5e315	0	0	0	0	0	0	0	0	0	0	0	0	0	0	0	0	0	0	0	0	0	0	0	0	0	0	0	2	0	0	Bacteria; Proteobacteria; Gammaproteobacteria; Xanthomonadales; Xanthomonadaceae; Luteimonas
77a4a77c68fca8a304c698e1ff23ace3	0	0	0	0	0	0	0	0	0	0	0	0	0	0	0	0	0	0	0	0	0	0	0	0	0	0	0	2	0	0	Bacteria; Bacteroidetes; Bacteroidia; Flavobacteriales; Flavobacteriaceae; Unidentified_Flavobacteriaceae
e98617bca4ad12b6aeac2d1120bf7368	0	0	0	0	0	0	0	0	0	0	0	0	0	0	0	0	0	0	0	0	0	0	0	0	0	0	0	2	0	0	Bacteria; Proteobacteria; Gammaproteobacteria; Xanthomonadales; Xanthomonadaceae; Pseudoxanthomonas
5a35aa557856e9d4c4cc54c10b78914b	0	0	0	0	0	0	0	0	0	0	0	0	0	0	0	0	0	0	0	0	0	0	0	0	0	0	0	2	0	0	Bacteria; Chloroflexi; Chloroflexia; Chloroflexales; Roseiflexaceae; uncultured
0d86aff3b80941dc568a630b71f99e15	0	0	0	0	0	0	0	0	0	0	0	0	0	0	0	0	0	0	0	0	0	0	0	0	0	0	0	2	0	0	Bacteria; Firmicutes; Bacilli; Bacillales; Bacillaceae; Bacillus
dc70f1dce4de3ad8acc119204c29f258	0	0	0	0	0	0	0	0	0	0	0	0	0	0	0	0	0	0	0	0	0	0	0	0	0	0	0	2	0	0	Bacteria; Planctomycetes; Planctomycetacia; Planctomycetales; Rubinisphaeraceae; SH-PL14
7a62504f2e0e57409c2d131fbbf8c296	0	0	0	0	0	0	0	0	0	0	0	0	0	0	0	0	0	0	0	0	0	0	0	0	0	0	0	2	0	0	Bacteria; Patescibacteria; Parcubacteria; uncultured_bacterium; uncultured_bacterium; uncultured_bacterium
8af1acb8ab47c10ee89f99677d744831	0	0	0	0	0	0	0	0	0	0	0	0	0	0	0	0	0	0	0	0	0	0	0	0	0	0	0	2	0	0	Bacteria; Proteobacteria; Alphaproteobacteria; Rhizobiales; Rhizobiaceae; Allorhizobium-Neorhizobium-Pararhizobium-Rhizobium
51784abf2d548d0063180421a3da7f6c	0	0	0	0	0	0	0	0	0	0	0	0	0	0	0	0	0	0	0	0	0	0	0	0	0	0	0	2	0	0	Bacteria; Actinobacteria; Actinobacteria; Streptosporangiales; Nocardiopsaceae; Nocardiopsis
8c304d26e101efe4b31b059b5b67de90	0	0	0	0	0	0	0	0	0	0	0	0	0	0	0	0	0	0	0	0	0	0	0	0	0	0	0	2	0	0	Bacteria; Proteobacteria; Alphaproteobacteria; Rickettsiales; SM2D12; Unidentified
0d5256925f854b82328cf79802ea8be4	0	0	0	0	0	0	0	0	0	0	0	0	0	0	0	0	0	0	0	0	0	0	0	0	0	0	0	2	0	0	Bacteria; Firmicutes; Bacilli; Bacillales; Bacillaceae; Bacillus
8ae0bc74a9c392431bc958b12678ae10	0	0	0	0	0	0	0	0	0	0	0	0	0	0	0	0	0	0	0	0	0	0	0	0	0	0	0	2	0	0	Bacteria; Actinobacteria; Thermoleophilia; Solirubrobacterales; 67-14; uncultured_bacterium
38b22a92074df41c2b26221065eb8a15	0	0	0	0	0	0	0	0	0	0	0	0	0	0	0	0	0	0	0	0	0	0	0	0	0	0	0	2	0	0	Bacteria; Proteobacteria; Gammaproteobacteria; Pseudomonadales; Pseudomonadaceae; Pseudomonas
d5a3743188438c716055dcafbc91b657	0	0	0	0	0	0	0	0	0	0	0	0	0	0	0	0	0	0	0	0	0	0	0	0	0	0	0	2	0	0	Bacteria; Actinobacteria; Actinobacteria; Streptosporangiales; Streptosporangiaceae; Nonomuraea
3ca94e75268a04c75315a48c997bba8b	0	0	0	0	0	0	0	0	0	0	0	0	0	0	0	0	0	0	0	0	0	0	0	0	0	0	0	2	0	0	Bacteria; Proteobacteria; Alphaproteobacteria; Sphingomonadales; Sphingomonadaceae; Sphingoaurantiacus
f84fd2d88094745b4c988bc2312dc00c	0	0	0	0	0	0	0	0	0	0	0	0	0	0	0	0	0	0	0	0	0	0	0	0	0	0	0	2	0	0	Bacteria; Planctomycetes; Planctomycetacia; Gemmatales; Gemmataceae; Fimbriiglobus
86b58ff5f60e4deedd1604fe2b3d8c85	0	0	0	0	0	0	0	0	0	0	0	0	0	0	0	0	0	0	0	0	0	0	0	0	0	0	0	2	0	0	Bacteria; Proteobacteria; Gammaproteobacteria; Pseudomonadales; Pseudomonadaceae; Pseudomonas
9df7b048025778cfed257946d594fb7e	0	0	0	0	0	0	0	0	0	0	0	0	0	0	0	0	0	0	0	0	0	0	0	0	0	0	0	2	0	0	Bacteria; Proteobacteria; Gammaproteobacteria; Enterobacteriales; Enterobacteriaceae; Escherichia-Shigella
cb4752f736c625e36c967e4b79794417	0	0	0	0	0	0	0	0	0	0	0	0	0	0	0	0	0	0	0	0	0	0	0	0	0	0	0	2	0	0	Bacteria; Proteobacteria; Alphaproteobacteria; Rhizobiales; Rhizobiaceae; Allorhizobium-Neorhizobium-Pararhizobium-Rhizobium
ab1d7b5dd37bfdeda726c7a499208027	0	0	0	0	0	0	0	0	0	0	0	0	0	0	0	0	0	0	0	0	0	0	0	0	0	0	0	2	0	0	Bacteria; Proteobacteria; Gammaproteobacteria; Enterobacteriales; Enterobacteriaceae; Unidentified_Enterobacteriaceae
ccefd5fe179ccb9c9fba32e7817a10c2	0	0	0	0	0	0	0	0	0	0	0	0	0	0	0	0	0	0	0	0	0	0	0	0	0	0	0	2	0	0	Bacteria; Proteobacteria; Gammaproteobacteria; Betaproteobacteriales; Burkholderiaceae; Lautropia
0562fbc1b9bb0dc0a95ab9ccd6ec3349	0	0	0	0	0	0	0	0	0	0	0	0	0	0	0	0	0	0	0	0	0	0	0	0	0	0	0	2	0	0	Bacteria; Proteobacteria; Gammaproteobacteria; Betaproteobacteriales; Burkholderiaceae; Ralstonia
c036bea3713e8bcbdde61e5012b6f1a7	0	0	0	0	0	0	0	0	0	0	0	0	0	0	0	0	0	0	0	0	0	0	0	0	0	0	0	2	0	0	Bacteria; Chloroflexi; Anaerolineae; SBR1031; A4b; Unidentified
0605e3fadb7d601eaa9aaa8bfc4334ca	0	0	0	0	0	0	0	0	0	0	0	0	0	0	0	0	0	0	0	0	0	0	0	0	0	0	0	2	0	0	Bacteria; Planctomycetes; Planctomycetacia; Pirellulales; Pirellulaceae; uncultured
b8a7ea906225ff7494b225c566ab8a5c	0	0	0	0	0	0	0	0	0	0	0	0	0	0	0	0	0	0	0	0	0	0	0	0	0	0	0	2	0	0	Bacteria; Firmicutes; Bacilli; Bacillales; Bacillaceae; Bacillus
1d409b59d645df61e284d718e409320e	0	0	0	0	0	0	0	0	0	0	0	0	0	0	0	0	0	0	0	0	0	0	0	0	0	0	0	2	0	0	Bacteria; Acidobacteria; Subgroup_6; Unassigned; Unassigned; Unassigned
ccdd85b3bfc34f7482183bae78b009c2	0	0	0	0	0	0	0	0	0	0	0	0	0	0	0	0	0	0	0	0	0	0	0	0	0	0	0	2	0	0	Bacteria; Proteobacteria; Gammaproteobacteria; Betaproteobacteriales; Burkholderiaceae; Hydrogenophaga
9331a1316e8786b94a3ec65a32b731fe	0	0	0	0	0	0	0	0	0	0	0	0	0	0	0	0	0	0	0	0	0	0	0	0	0	0	0	2	0	0	Bacteria; Planctomycetes; Planctomycetacia; Pirellulales; Pirellulaceae; uncultured
fe1946696f6049924ef676f239467bdb	0	0	0	0	0	0	0	0	0	0	0	0	0	0	0	0	0	0	0	0	0	0	0	0	0	0	0	2	0	0	Bacteria; Bacteroidetes; Bacteroidia; Sphingobacteriales; Sphingobacteriaceae; Parapedobacter
edb00940bd4f1fbd4a444f56256e87e3	0	0	0	0	0	0	0	0	0	0	0	0	0	0	0	0	0	0	0	0	0	0	0	0	0	0	0	2	0	0	Bacteria; Actinobacteria; Actinobacteria; Corynebacteriales; Mycobacteriaceae; Mycobacterium
8fc3f2b39aec0dde294d523057353822	0	0	0	0	0	0	0	0	0	0	0	0	0	0	0	0	0	0	0	0	0	0	0	0	0	0	0	2	0	0	Bacteria; Proteobacteria; Gammaproteobacteria; Xanthomonadales; Xanthomonadaceae; Pseudoxanthomonas
89fe64418e922a3ccf2013324d994c6c	0	0	0	0	0	0	0	0	0	0	0	0	0	0	0	0	0	0	0	0	0	0	0	0	0	0	0	2	0	0	Bacteria; Proteobacteria; Gammaproteobacteria; Enterobacteriales; Enterobacteriaceae; Escherichia-Shigella
d7626182c938aac15823663915d7e07e	0	0	0	0	0	0	0	0	0	0	0	0	0	0	0	0	0	0	0	0	0	0	0	0	0	0	0	2	0	0	Bacteria; Proteobacteria; Gammaproteobacteria; Xanthomonadales; Xanthomonadaceae; Pseudoxanthomonas
04ae63b6694eff8f16e36c86b068c8e7	0	0	0	0	0	0	0	0	0	0	0	0	0	0	0	0	0	0	0	0	0	0	0	0	0	0	0	2	0	0	Bacteria; Proteobacteria; Gammaproteobacteria; Enterobacteriales; Enterobacteriaceae; Kosakonia
d9acf1f6f7befd048574994f1a3e6709	0	0	0	0	0	0	0	0	0	0	0	0	0	0	0	0	0	0	0	0	0	0	0	0	0	0	0	2	0	0	Bacteria; Proteobacteria; Gammaproteobacteria; Enterobacteriales; Enterobacteriaceae; Kosakonia
0f4054802f2aa9b90f0219cd426b7f7f	0	0	0	0	0	0	0	0	0	0	0	0	0	0	0	0	0	0	0	0	0	0	0	0	0	0	0	2	0	0	Bacteria; Proteobacteria; Gammaproteobacteria; Xanthomonadales; Xanthomonadaceae; Pseudoxanthomonas
c1f540a3a2ef6464c94c467e729676e5	0	0	0	0	0	0	0	0	0	0	0	0	0	0	0	0	0	0	0	0	0	0	0	0	0	0	0	2	0	0	Bacteria; Proteobacteria; Gammaproteobacteria; Betaproteobacteriales; Burkholderiaceae; Unidentified_Burkholderiaceae
95689b5a4c75a1faaee77b355487ad56	0	0	0	0	0	0	0	0	0	0	0	0	0	0	0	0	0	0	0	0	0	0	0	0	0	0	0	2	0	0	Bacteria; Planctomycetes; Phycisphaerae; Phycisphaerales; Phycisphaeraceae; SM1A02
6457e1aaa55e3db1adbac237836118e9	0	0	0	0	0	0	0	0	0	0	0	0	0	0	0	0	0	0	0	0	0	0	0	0	0	0	0	2	0	0	Bacteria; Proteobacteria; Gammaproteobacteria; Pseudomonadales; Moraxellaceae; Acinetobacter
77f03b801f9457c2727b25af6997bb4d	0	0	0	0	0	0	0	0	0	0	0	0	0	0	0	0	0	0	0	0	0	0	0	0	0	0	0	2	0	0	Bacteria; Actinobacteria; Actinobacteria; Streptomycetales; Streptomycetaceae; Streptomyces
51ba7aad76eb47a1e380244cd3b43255	0	0	0	0	0	0	0	0	0	0	0	0	0	0	0	0	0	0	0	0	0	0	0	0	0	0	0	2	0	0	Bacteria; Firmicutes; Bacilli; Bacillales; Bacillaceae; Bacillus
d207e893d8a00c5a087116628d109fa4	0	0	0	0	0	0	0	0	0	0	0	0	0	0	0	0	0	0	0	0	0	0	0	0	0	0	0	2	0	0	Bacteria; Actinobacteria; Actinobacteria; Corynebacteriales; Corynebacteriaceae; Corynebacterium
e2ab34f5becd6249e235ba4c89183fab	0	0	0	0	0	0	0	0	0	0	0	0	0	0	0	0	0	0	0	0	0	0	0	0	0	0	0	2	0	0	Bacteria; Actinobacteria; Actinobacteria; Pseudonocardiales; Pseudonocardiaceae; Actinophytocola
35350566ecb6efc92df3ec39f15cc13c	0	0	0	0	0	0	0	0	0	0	0	0	0	0	0	0	0	0	0	0	0	0	0	0	0	0	0	2	0	0	Bacteria; Planctomycetes; Planctomycetacia; Pirellulales; Pirellulaceae; uncultured
db60dc813b382b055590d95debd7d800	0	0	0	0	0	0	0	0	0	0	0	0	0	0	0	0	0	0	0	0	0	0	0	0	0	0	0	2	0	0	Bacteria; Bacteroidetes; Bacteroidia; Sphingobacteriales; Sphingobacteriaceae; Sphingobacterium
c1dcda880edba3762bc3bb041bbc9a8c	0	0	0	0	0	0	0	0	0	0	0	0	0	0	0	0	0	0	0	0	0	0	0	0	0	0	0	2	0	0	Bacteria; Proteobacteria; Gammaproteobacteria; Pseudomonadales; Pseudomonadaceae; Pseudomonas
ee5a4e71e768fffaa8e7552884376a41	0	0	0	0	0	0	0	0	0	0	0	0	0	0	0	0	0	0	0	0	0	0	0	0	0	0	0	2	0	0	Bacteria; Actinobacteria; Acidimicrobiia; Microtrichales; uncultured; uncultured_bacterium
64284f352379da2869e6a74449ab76ed	0	0	0	0	0	0	0	0	0	0	0	0	0	0	0	0	0	0	0	0	0	0	0	0	0	0	0	2	0	0	Bacteria; Firmicutes; Bacilli; Bacillales; Paenibacillaceae; Paenibacillus
ad3de99cc77203cadd32ac5c0bba9077	0	0	0	0	0	0	0	0	0	0	0	0	0	0	0	0	0	0	0	0	0	0	0	0	0	0	0	2	0	0	Bacteria; BRC1; uncultured_bacterium; uncultured_bacterium; uncultured_bacterium; uncultured_bacterium
154e0a00d658e72bd9bae8c1c037e859	0	0	0	0	0	0	0	0	0	0	0	0	0	0	0	0	0	0	0	0	0	0	0	0	0	0	0	2	0	0	Bacteria; Proteobacteria; Gammaproteobacteria; Enterobacteriales; Enterobacteriaceae; Unidentified_Enterobacteriaceae
8df7e669fb0e019fec2d993b5946ece3	0	0	0	0	0	0	0	0	0	0	0	0	0	0	0	0	0	0	0	0	0	0	0	0	0	0	0	2	0	0	Bacteria; Proteobacteria; Deltaproteobacteria; Oligoflexales; 0319-6G20; uncultured_bacterium
9fba7f7785d698f48660666932edbfe0	0	0	0	0	0	0	0	0	0	0	0	0	0	0	0	0	0	0	0	0	0	0	0	0	0	0	0	2	0	0	Bacteria; Actinobacteria; Acidimicrobiia; Microtrichales; uncultured; uncultured_bacterium
9595df2137571ed9ab816f9ad24832c2	0	0	0	0	0	0	0	0	0	0	0	0	0	0	0	0	0	0	0	0	0	0	0	0	0	0	0	2	0	0	Bacteria; Patescibacteria; Berkelbacteria; Unidentified_Berkelbacteria; Unidentified_Berkelbacteria; Unidentified_Berkelbacteria
475c00802ca691173853b0b785923822	0	0	0	0	0	0	0	0	0	0	0	0	0	0	0	0	0	0	0	0	0	0	0	0	0	0	0	2	0	0	Bacteria; Proteobacteria; Gammaproteobacteria; Pseudomonadales; Pseudomonadaceae; Pseudomonas
d61ee12a3c9c28aec5dc3cb7b5539eaa	0	0	0	0	0	0	0	0	0	0	0	0	0	0	0	0	0	0	0	0	0	0	0	0	0	0	0	2	0	0	Bacteria; Bacteroidetes; Bacteroidia; Sphingobacteriales; Sphingobacteriaceae; Sphingobacterium
66bc289f2a5a703b366f793a10a0393e	0	0	0	0	0	0	0	0	0	0	0	0	0	0	0	0	0	0	0	0	0	0	0	0	0	0	0	2	0	0	Bacteria; Proteobacteria; Gammaproteobacteria; Pseudomonadales; Moraxellaceae; Acinetobacter
aef497fddfab4ebe147f5be90f951a0f	0	0	0	0	0	0	0	0	0	0	0	0	0	0	0	0	0	0	0	0	0	0	0	0	0	0	0	2	0	0	Bacteria; Proteobacteria; Gammaproteobacteria; Enterobacteriales; Enterobacteriaceae; Unidentified_Enterobacteriaceae
a13d9401bece46fef6c23fc6d3714cd4	0	0	0	0	0	0	0	0	0	0	0	0	0	0	0	0	0	0	0	0	0	0	0	0	0	0	0	2	0	0	Bacteria; Proteobacteria; Gammaproteobacteria; Steroidobacterales; Steroidobacteraceae; Steroidobacter
a3d61219b0aaa80a98dd54b30fa67806	0	0	0	0	0	0	0	0	0	0	0	0	0	0	0	0	0	0	0	0	0	0	0	0	0	0	0	0	2	0	Bacteria; Proteobacteria; Gammaproteobacteria; Enterobacteriales; Enterobacteriaceae; Unidentified_Enterobacteriaceae
3e48d43d09bc4e562de2f3552154a0f6	0	0	0	0	0	0	0	0	0	0	0	0	0	0	0	0	0	0	0	0	0	0	0	0	0	0	0	0	2	0	Bacteria; Firmicutes; Bacilli; Bacillales; Paenibacillaceae; Paenibacillus
5a37cc377f8dbbfa74eeb039ba761187	0	0	0	0	0	0	0	0	0	0	0	0	0	0	0	0	0	0	0	0	0	0	0	0	0	0	0	0	2	0	Bacteria; Proteobacteria; Gammaproteobacteria; Xanthomonadales; Xanthomonadaceae; Pseudoxanthomonas
c6039b3acd4747c28e8b749a4a8d124c	0	0	0	0	0	0	0	0	0	0	0	0	0	0	0	0	0	0	0	0	0	0	0	0	0	0	0	0	2	0	Bacteria; Proteobacteria; Gammaproteobacteria; Xanthomonadales; Xanthomonadaceae; Stenotrophomonas
9f181757560bb85e20dce7665b86c450	0	0	0	0	0	0	0	0	0	0	0	0	0	0	0	0	0	0	0	0	0	0	0	0	0	0	0	0	2	0	Bacteria; Firmicutes; Bacilli; Bacillales; Thermoactinomycetaceae; Planifilum
41fc420d64967b417d99e0edf166c2ca	0	0	0	0	0	0	0	0	0	0	0	0	0	0	0	0	0	0	0	0	0	0	0	0	0	0	0	0	2	0	Bacteria; Proteobacteria; Gammaproteobacteria; Enterobacteriales; Enterobacteriaceae; Unidentified_Enterobacteriaceae
393ecb2f5734d3ef211ba097c5b0721d	0	0	0	0	0	0	0	0	0	0	0	0	0	0	0	0	0	0	0	0	0	0	0	0	0	0	0	0	2	0	Bacteria; Proteobacteria; Alphaproteobacteria; Rhizobiales; Rhizobiaceae; Allorhizobium-Neorhizobium-Pararhizobium-Rhizobium
d828094f04efde73e70db0f10f9394f2	0	0	0	0	0	0	0	0	0	0	0	0	0	0	0	0	0	0	0	0	0	0	0	0	0	0	0	0	2	0	Bacteria; Proteobacteria; Alphaproteobacteria; Rhizobiales; Devosiaceae; Devosia
0db0da279add537f703478b1c3ab61af	0	0	0	0	0	0	0	0	0	0	0	0	0	0	0	0	0	0	0	0	0	0	0	0	0	0	0	0	2	0	Bacteria; Firmicutes; Bacilli; Bacillales; Bacillaceae; Bacillus
7da3d71f96b9fd7bbc55cceb04cdc8e7	0	0	0	0	0	0	0	0	0	0	0	0	0	0	0	0	0	0	0	0	0	0	0	0	0	0	0	0	2	0	Bacteria; Bacteroidetes; Bacteroidia; Sphingobacteriales; Sphingobacteriaceae; Sphingobacterium
efaec3d4c2ea5dcc803626144315a5e4	0	0	0	0	0	0	0	0	0	0	0	0	0	0	0	0	0	0	0	0	0	0	0	0	0	0	0	0	2	0	Bacteria; Proteobacteria; Gammaproteobacteria; Enterobacteriales; Enterobacteriaceae; Unidentified_Enterobacteriaceae
2593b239a85eed03fbc1db2f0ff8a04c	0	0	0	0	0	0	0	0	0	0	0	0	0	0	0	0	0	0	0	0	0	0	0	0	0	0	0	0	2	0	Bacteria; Acidobacteria; Acidobacteriia; Solibacterales; Solibacteraceae_(Subgroup_3); Paludibaculum
83f589c5a9d8e88092e20e8ac4e8e683	0	0	0	0	0	0	0	0	0	0	0	0	0	0	0	0	0	0	0	0	0	0	0	0	0	0	0	0	2	0	Bacteria; Proteobacteria; Alphaproteobacteria; Rhizobiales; Devosiaceae; Devosia
f61f3c7a36e7f11ceffae227e03f41fd	0	0	0	0	0	0	0	0	0	0	0	0	0	0	0	0	0	0	0	0	0	0	0	0	0	0	0	0	2	0	Bacteria; Firmicutes; Bacilli; Bacillales; Paenibacillaceae; Paenibacillus
4ad3c5fc1c9e5d3a302cc6bd028f7a79	0	0	0	0	0	0	0	0	0	0	0	0	0	0	0	0	0	0	0	0	0	0	0	0	0	0	0	0	2	0	Bacteria; Actinobacteria; Actinobacteria; Streptomycetales; Streptomycetaceae; Streptomyces
87eb7ca9933bec1bc316a290ccbac709	0	0	0	0	0	0	0	0	0	0	0	0	0	0	0	0	0	0	0	0	0	0	0	0	0	0	0	0	2	0	Bacteria; Proteobacteria; Gammaproteobacteria; Pseudomonadales; Pseudomonadaceae; Pseudomonas
24edaea07e18e8431054717273b1866a	0	0	0	0	0	0	0	0	0	0	0	0	0	0	0	0	0	0	0	0	0	0	0	0	0	0	0	0	2	0	Bacteria; Proteobacteria; Alphaproteobacteria; Rhizobiales; Beijerinckiaceae; Chelatococcus
48261fc69d0bf3e3e4f1c7430acc7d55	0	0	0	0	0	0	0	0	0	0	0	0	0	0	0	0	0	0	0	0	0	0	0	0	0	0	0	0	2	0	Bacteria; Planctomycetes; Planctomycetacia; Pirellulales; Pirellulaceae; Pir4_lineage
e78811baa3b36bd403557dba1beb4a9d	0	0	0	0	0	0	0	0	0	0	0	0	0	0	0	0	0	0	0	0	0	0	0	0	0	0	0	0	2	0	Bacteria; Proteobacteria; Deltaproteobacteria; Myxococcales; Sandaracinaceae; uncultured
1dea4e174682a9564275b5d53a3344e2	0	0	0	0	0	0	0	0	0	0	0	0	0	0	0	0	0	0	0	0	0	0	0	0	0	0	0	0	2	0	Bacteria; Proteobacteria; Gammaproteobacteria; Betaproteobacteriales; Burkholderiaceae; Unidentified_Burkholderiaceae
2d05e0120b5a7bcbce7c26bf24c27676	0	0	0	0	0	0	0	0	0	0	0	0	0	0	0	0	0	0	0	0	0	0	0	0	0	0	0	0	2	0	Bacteria; Firmicutes; Bacilli; Bacillales; Bacillaceae; Bacillus
ddfe6934e416cdabe4a1b496b81252f8	0	0	0	0	0	0	0	0	0	0	0	0	0	0	0	0	0	0	0	0	0	0	0	0	0	0	0	0	2	0	Bacteria; Actinobacteria; Acidimicrobiia; Microtrichales; Unidentified_Microtrichales; Unidentified_Microtrichales
2f34ed4b3a8a6511ed91b8dcbb400b79	0	0	0	0	0	0	0	0	0	0	0	0	0	0	0	0	0	0	0	0	0	0	0	0	0	0	0	0	2	0	Bacteria; Proteobacteria; Gammaproteobacteria; Betaproteobacteriales; Burkholderiaceae; Massilia
e040289732f6cec619cd5e26d5abaa72	0	0	0	0	0	0	0	0	0	0	0	0	0	0	0	0	0	0	0	0	0	0	0	0	0	0	0	0	2	0	Bacteria; Actinobacteria; Actinobacteria; Streptosporangiales; Nocardiopsaceae; Nocardiopsis
213447056a45579f94d02fef2d91fa81	0	0	0	0	0	0	0	0	0	0	0	0	0	0	0	0	0	0	0	0	0	0	0	0	0	0	0	0	2	0	Bacteria; Actinobacteria; Thermoleophilia; Solirubrobacterales; 67-14; uncultured_bacterium
6556ae4d584d004a347a5f2cbd191678	0	0	0	0	0	0	0	0	0	0	0	0	0	0	0	0	0	0	0	0	0	0	0	0	0	0	0	0	2	0	Bacteria; Actinobacteria; Actinobacteria; Streptomycetales; Streptomycetaceae; Streptomyces
f52c975b19c6033af3c103f82f56d6f8	0	0	0	0	0	0	0	0	0	0	0	0	0	0	0	0	0	0	0	0	0	0	0	0	0	0	0	0	2	0	Bacteria; Proteobacteria; Gammaproteobacteria; Pseudomonadales; Pseudomonadaceae; Pseudomonas
57ea5b52055d249708ddff3738423b59	0	0	0	0	0	0	0	0	0	0	0	0	0	0	0	0	0	0	0	0	0	0	0	0	0	0	0	0	2	0	Bacteria; Actinobacteria; Actinobacteria; Streptosporangiales; Nocardiopsaceae; Thermobifida
db993ee7d6ba6087acfec2b6a57e3ddd	0	0	0	0	0	0	0	0	0	0	0	0	0	0	0	0	0	0	0	0	0	0	0	0	0	0	0	0	2	0	Bacteria; Firmicutes; Bacilli; Bacillales; Bacillaceae; Bacillus
19ca05ca37ecd079e642854abf1f78a7	0	0	0	0	0	0	0	0	0	0	0	0	0	0	0	0	0	0	0	0	0	0	0	0	0	0	0	0	2	0	Bacteria; Bacteroidetes; Bacteroidia; Sphingobacteriales; Sphingobacteriaceae; Unidentified_Sphingobacteriaceae
25a3eeb86991f29fab64cc4f50c3b0e9	0	0	0	0	0	0	0	0	0	0	0	0	0	0	0	0	0	0	0	0	0	0	0	0	0	0	0	0	2	0	Bacteria; Firmicutes; Bacilli; Bacillales; Paenibacillaceae; Paenibacillus
781e6cff874165aa8bfff0e2f7ad057c	0	0	0	0	0	0	0	0	0	0	0	0	0	0	0	0	0	0	0	0	0	0	0	0	0	0	0	0	2	0	Bacteria; Firmicutes; Clostridia; Clostridiales; Lachnospiraceae; Unidentified_Lachnospiraceae
1a2207b835f1e52277a79af894b0d183	0	0	0	0	0	0	0	0	0	0	0	0	0	0	0	0	0	0	0	0	0	0	0	0	0	0	0	0	2	0	Bacteria; Proteobacteria; Gammaproteobacteria; Pseudomonadales; Pseudomonadaceae; Pseudomonas
a73365e3d493ea495db9a848d4aa559c	0	0	0	0	0	0	0	0	0	0	0	0	0	0	0	0	0	0	0	0	0	0	0	0	0	0	0	0	2	0	Bacteria; Proteobacteria; Gammaproteobacteria; Xanthomonadales; Xanthomonadaceae; Pseudoxanthomonas
495772585b3f40700ff8c67d94fdb410	0	0	0	0	0	0	0	0	0	0	0	0	0	0	0	0	0	0	0	0	0	0	0	0	0	0	0	0	2	0	Bacteria; Proteobacteria; Gammaproteobacteria; Betaproteobacteriales; Burkholderiaceae; Hydrogenophaga
bc3e1e3d46c544cf54ae0c77c272f552	0	0	0	0	0	0	0	0	0	0	0	0	0	0	0	0	0	0	0	0	0	0	0	0	0	0	0	0	2	0	Bacteria; Planctomycetes; Planctomycetacia; Pirellulales; Pirellulaceae; uncultured
17b4c89f5266448c3d42f35b41a880c4	0	0	0	0	0	0	0	0	0	0	0	0	0	0	0	0	0	0	0	0	0	0	0	0	0	0	0	0	2	0	Bacteria; Proteobacteria; Alphaproteobacteria; Rhizobiales; Rhizobiales_Incertae_Sedis; uncultured
135d5ecfb0b882b6ef2695ae0b9431f6	0	0	0	0	0	0	0	0	0	0	0	0	0	0	0	0	0	0	0	0	0	0	0	0	0	0	0	0	2	0	Bacteria; Proteobacteria; Gammaproteobacteria; Betaproteobacteriales; Burkholderiaceae; Massilia
64e06852a148d612f4a6dc30d85e4859	0	0	0	0	0	0	0	0	0	0	0	0	0	0	0	0	0	0	0	0	0	0	0	0	0	0	0	0	2	0	Bacteria; Proteobacteria; Gammaproteobacteria; Betaproteobacteriales; Burkholderiaceae; Massilia
6a66683d070b042dce82c3f41fc1ac04	0	0	0	0	0	0	0	0	0	0	0	0	0	0	0	0	0	0	0	0	0	0	0	0	0	0	0	0	2	0	Bacteria; Planctomycetes; Phycisphaerae; Phycisphaerales; Phycisphaeraceae; uncultured
66f35c5f2ed10da4cd49f5b0f5635e9b	0	0	0	0	0	0	0	0	0	0	0	0	0	0	0	0	0	0	0	0	0	0	0	0	0	0	0	0	2	0	Bacteria; Proteobacteria; Gammaproteobacteria; Xanthomonadales; Xanthomonadaceae; Pseudoxanthomonas
e2cdcc2b62daa954bda478e1b98219db	0	0	0	0	0	0	0	0	0	0	0	0	0	0	0	0	0	0	0	0	0	0	0	0	0	0	0	0	2	0	Bacteria; Proteobacteria; Gammaproteobacteria; Betaproteobacteriales; Burkholderiaceae; Noviherbaspirillum
528d7a70f1392efc302abe591070920b	0	0	0	0	0	0	0	0	0	0	0	0	0	0	0	0	0	0	0	0	0	0	0	0	0	0	0	0	2	0	Bacteria; Actinobacteria; Actinobacteria; Micrococcales; Cellulomonadaceae; Cellulomonas
9800432d25f570d1b2ebe490abbfa90f	0	0	0	0	0	0	0	0	0	0	0	0	0	0	0	0	0	0	0	0	0	0	0	0	0	0	0	0	2	0	Bacteria; Planctomycetes; Phycisphaerae; Phycisphaerales; Phycisphaeraceae; SM1A02
9096805e485c8f7a28e588414ff623b6	0	0	0	0	0	0	0	0	0	0	0	0	0	0	0	0	0	0	0	0	0	0	0	0	0	0	0	0	2	0	Bacteria; Proteobacteria; Gammaproteobacteria; R7C24; uncultured_bacterium; uncultured_bacterium
3fe2c00bc29c455dcde00dc0fb421440	0	0	0	0	0	0	0	0	0	0	0	0	0	0	0	0	0	0	0	0	0	0	0	0	0	0	0	0	2	0	Bacteria; Proteobacteria; Gammaproteobacteria; Betaproteobacteriales; Burkholderiaceae; Unidentified_Burkholderiaceae
80d68d56ada1d992a819efc02d1b48a2	0	0	0	0	0	0	0	0	0	0	0	0	0	0	0	0	0	0	0	0	0	0	0	0	0	0	0	0	2	0	Bacteria; Firmicutes; Bacilli; Bacillales; Bacillaceae; Bacillus
7c2c0b45da76cb39e20468233b16efae	0	0	0	0	0	0	0	0	0	0	0	0	0	0	0	0	0	0	0	0	0	0	0	0	0	0	0	0	2	0	Bacteria; Proteobacteria; Alphaproteobacteria; Sphingomonadales; Sphingomonadaceae; Sphingomonas
2e3f3f9ae931d180b6369709ffe31e39	0	0	0	0	0	0	0	0	0	0	0	0	0	0	0	0	0	0	0	0	0	0	0	0	0	0	0	0	2	0	Bacteria; Actinobacteria; Actinobacteria; Pseudonocardiales; Pseudonocardiaceae; Saccharopolyspora
3b2cbaa1dcf67150eb23689e0146b62e	0	0	0	0	0	0	0	0	0	0	0	0	0	0	0	0	0	0	0	0	0	0	0	0	0	0	0	0	2	0	Bacteria; Proteobacteria; Alphaproteobacteria; Micavibrionales; Unidentified_Micavibrionales; Unidentified_Micavibrionales
df55c9b94375701d68a946500c483237	0	0	0	0	0	0	0	0	0	0	0	0	0	0	0	0	0	0	0	0	0	0	0	0	0	0	0	0	2	0	Bacteria; Firmicutes; Clostridia; Clostridiales; Clostridiaceae_1; Clostridium_sensu_stricto_1
6cf32c78b1640e8e26d5e1b62e8fa654	0	0	0	0	0	0	0	0	0	0	0	0	0	0	0	0	0	0	0	0	0	0	0	0	0	0	0	0	2	0	Bacteria; Chloroflexi; Chloroflexia; Thermomicrobiales; JG30-KF-CM45; uncultured_bacterium
d617acecf494cea186c2ef45d96837d9	0	0	0	0	0	0	0	0	0	0	0	0	0	0	0	0	0	0	0	0	0	0	0	0	0	0	0	0	2	0	Bacteria; Bacteroidetes; Rhodothermia; Rhodothermales; Rhodothermaceae; uncultured
10a08af8bcb3b75db7b5be170854a337	0	0	0	0	0	0	0	0	0	0	0	0	0	0	0	0	0	0	0	0	0	0	0	0	0	0	0	0	2	0	Bacteria; Epsilonbacteraeota; Campylobacteria; Campylobacterales; Campylobacteraceae; Campylobacter
910e936bc4e99aa62e2ec3df70cfec4c	0	0	0	0	0	0	0	0	0	0	0	0	0	0	0	0	0	0	0	0	0	0	0	0	0	0	0	0	2	0	Bacteria; Proteobacteria; Gammaproteobacteria; Betaproteobacteriales; Burkholderiaceae; Lautropia
35cb1e6fee6cdb6df7d3310af2f12fa7	0	0	0	0	0	0	0	0	0	0	0	0	0	0	0	0	0	0	0	0	0	0	0	0	0	0	0	0	2	0	Bacteria; Firmicutes; Bacilli; Bacillales; Paenibacillaceae; Paenibacillus
2e3dc49c3aec5ddc3cd8a0fc8da33701	0	0	0	0	0	0	0	0	0	0	0	0	0	0	0	0	0	0	0	0	0	0	0	0	0	0	0	0	2	0	Bacteria; Planctomycetes; Phycisphaerae; Phycisphaerales; Phycisphaeraceae; SM1A02
bb6760cbc7402f520a2e0c1713bec311	0	0	0	0	0	0	0	0	0	0	0	0	0	0	0	0	0	0	0	0	0	0	0	0	0	0	0	0	2	0	Bacteria; Firmicutes; Bacilli; Bacillales; Bacillaceae; Bacillus
7c49db482713a8b7c7aa6f7becde5932	0	0	0	0	0	0	0	0	0	0	0	0	0	0	0	0	0	0	0	0	0	0	0	0	0	0	0	0	2	0	Bacteria; Patescibacteria; Microgenomatia; Unidentified_Microgenomatia; Unidentified_Microgenomatia; Unidentified_Microgenomatia
fd37a8079c5eee5148028b1682114de6	0	0	0	0	0	0	0	0	0	0	0	0	0	0	0	0	0	0	0	0	0	0	0	0	0	0	0	0	2	0	Bacteria; Proteobacteria; Alphaproteobacteria; Rhizobiales; D05-2; uncultured_bacterium
ddf349c177057a6e0fe2f339f1082893	0	0	0	0	0	0	0	0	0	0	0	0	0	0	0	0	0	0	0	0	0	0	0	0	0	0	0	0	2	0	Bacteria; Bacteroidetes; Bacteroidia; Flavobacteriales; NS9_marine_group; Unidentified_NS9_marine_group
e762f371e95286a9b81e0e4cf893386a	0	0	0	0	0	0	0	0	0	0	0	0	0	0	0	0	0	0	0	0	0	0	0	0	0	0	0	0	2	0	Bacteria; Proteobacteria; Alphaproteobacteria; Sphingomonadales; Sphingomonadaceae; Sphingopyxis
c32039ef5bb9d1ec7bcfe1a99d7eb9b2	0	0	0	0	0	0	0	0	0	0	0	0	0	0	0	0	0	0	0	0	0	0	0	0	0	0	0	0	2	0	Bacteria; Proteobacteria; Gammaproteobacteria; Betaproteobacteriales; Burkholderiaceae; Unidentified_Burkholderiaceae
eab017d9066bfef763ed1a4a6b62cfe3	0	0	0	0	0	0	0	0	0	0	0	0	0	0	0	0	0	0	0	0	0	0	0	0	0	0	0	0	2	0	Bacteria; Chloroflexi; Chloroflexia; Chloroflexales; Chloroflexaceae; Unidentified_Chloroflexaceae
5c306a95b59c0815a9ecd9438cb4c78f	0	0	0	0	0	0	0	0	0	0	0	0	0	0	0	0	0	0	0	0	0	0	0	0	0	0	0	0	2	0	Bacteria; Actinobacteria; Actinobacteria; Pseudonocardiales; Pseudonocardiaceae; Unidentified_Pseudonocardiaceae
a278a06f45d6e064c0c8966674464c0b	0	0	0	0	0	0	0	0	0	0	0	0	0	0	0	0	0	0	0	0	0	0	0	0	0	0	0	0	2	0	Bacteria; Proteobacteria; Alphaproteobacteria; Rhizobiales; Beijerinckiaceae; Methylobacterium
978fe65438dbe36c0d2040830c6dc65c	0	0	0	0	0	0	0	0	0	0	0	0	0	0	0	0	0	0	0	0	0	0	0	0	0	0	0	0	2	0	Bacteria; Proteobacteria; Gammaproteobacteria; Oceanospirillales; Halomonadaceae; Halomonas
70906db1fddd2109da891a9e060ccc19	0	0	0	0	0	0	0	0	0	0	0	0	0	0	0	0	0	0	0	0	0	0	0	0	0	0	0	0	2	0	Bacteria; Proteobacteria; Gammaproteobacteria; Enterobacteriales; Enterobacteriaceae; Unidentified_Enterobacteriaceae
08dd7512bceca7874b4d1506a1705a69	0	0	0	0	0	0	0	0	0	0	0	0	0	0	0	0	0	0	0	0	0	0	0	0	0	0	0	0	2	0	Bacteria; Proteobacteria; Gammaproteobacteria; Oceanospirillales; Halomonadaceae; Halomonas
52d73765af8ef9889a3abd7f7f17cce4	0	0	0	0	0	0	0	0	0	0	0	0	0	0	0	0	0	0	0	0	0	0	0	0	0	0	0	0	2	0	Bacteria; Proteobacteria; Alphaproteobacteria; Rhizobiales; D05-2; uncultured_bacterium
59d87de20925d7610c54c8b746465dd0	0	0	0	0	0	0	0	0	0	0	0	0	0	0	0	0	0	0	0	0	0	0	0	0	0	0	0	0	2	0	Bacteria; Verrucomicrobia; Verrucomicrobiae; Verrucomicrobiales; Verrucomicrobiaceae; uncultured
b57bbe337a78a8215e43c652667a3dcd	0	0	0	0	0	0	0	0	0	0	0	0	0	0	0	0	0	0	0	0	0	0	0	0	0	0	0	0	2	0	Bacteria; Proteobacteria; Gammaproteobacteria; Betaproteobacteriales; Burkholderiaceae; Parapusillimonas
9f562a71dddf58bcc5769a48a47ff54b	0	0	0	0	0	0	0	0	0	0	0	0	0	0	0	0	0	0	0	0	0	0	0	0	0	0	0	0	2	0	Bacteria; Actinobacteria; Actinobacteria; Micrococcales; Promicromonosporaceae; Cellulosimicrobium
4bb47c286a6266fd1a22a05621b1c3da	0	0	0	0	0	0	0	0	0	0	0	0	0	0	0	0	0	0	0	0	0	0	0	0	0	0	0	0	2	0	Bacteria; Chloroflexi; Chloroflexia; Thermomicrobiales; JG30-KF-CM45; uncultured_bacterium
ac2fe5ecbfd09a681a111d741a180124	0	0	0	0	0	0	0	0	0	0	0	0	0	0	0	0	0	0	0	0	0	0	0	0	0	0	0	0	0	2	Bacteria; Firmicutes; Bacilli; Bacillales; Paenibacillaceae; Paenibacillus
2b277edc4378c7cf7c85a2df4f2f64e5	0	0	0	0	0	0	0	0	0	0	0	0	0	0	0	0	0	0	0	0	0	0	0	0	0	0	0	0	0	2	Bacteria; Chloroflexi; Chloroflexia; Kallotenuales; AKIW781; uncultured_bacterium
70d2c59ff3e305dd1d1d2716e57aa234	0	0	0	0	0	0	0	0	0	0	0	0	0	0	0	0	0	0	0	0	0	0	0	0	0	0	0	0	0	2	Bacteria; Bacteroidetes; Bacteroidia; Sphingobacteriales; Sphingobacteriaceae; Unidentified_Sphingobacteriaceae
e6eb4c1212a6ae4023f43582b0305fcc	0	0	0	0	0	0	0	0	0	0	0	0	0	0	0	0	0	0	0	0	0	0	0	0	0	0	0	0	0	2	Bacteria; Proteobacteria; Gammaproteobacteria; Enterobacteriales; Enterobacteriaceae; Unidentified_Enterobacteriaceae
379c219d2d72a7c9a9b00bacc2de3064	0	0	0	0	0	0	0	0	0	0	0	0	0	0	0	0	0	0	0	0	0	0	0	0	0	0	0	0	0	2	Bacteria; Proteobacteria; Gammaproteobacteria; Betaproteobacteriales; Burkholderiaceae; Achromobacter
e66bba4f4daa54923903460a102cd14c	0	0	0	0	0	0	0	0	0	0	0	0	0	0	0	0	0	0	0	0	0	0	0	0	0	0	0	0	0	2	Bacteria; Proteobacteria; Gammaproteobacteria; Enterobacteriales; Enterobacteriaceae; Pantoea
b84468087387dd5f8a07d36cec0e104a	0	0	0	0	0	0	0	0	0	0	0	0	0	0	0	0	0	0	0	0	0	0	0	0	0	0	0	0	0	2	Bacteria; Proteobacteria; Alphaproteobacteria; Rhizobiales; Xanthobacteraceae; uncultured
2faf5740e4e2884da8ed3328f6faa0a8	0	0	0	0	0	0	0	0	0	0	0	0	0	0	0	0	0	0	0	0	0	0	0	0	0	0	0	0	0	2	Bacteria; Proteobacteria; Gammaproteobacteria; Betaproteobacteriales; Burkholderiaceae; Bordetella
6a8099eb1ce5b75e7974e562b550cc80	0	0	0	0	0	0	0	0	0	0	0	0	0	0	0	0	0	0	0	0	0	0	0	0	0	0	0	0	0	2	Bacteria; Planctomycetes; Planctomycetacia; Pirellulales; Pirellulaceae; Blastopirellula
7dba766b1ebe9ef9785e3ea3ee356aaa	0	0	0	0	0	0	0	0	0	0	0	0	0	0	0	0	0	0	0	0	0	0	0	0	0	0	0	0	0	2	Bacteria; Actinobacteria; Actinobacteria; Streptomycetales; Streptomycetaceae; Streptomyces
5b3fd3116be2076fdb4f270db808711f	0	0	0	0	0	0	0	0	0	0	0	0	0	0	0	0	0	0	0	0	0	0	0	0	0	0	0	0	0	2	Bacteria; Proteobacteria; Gammaproteobacteria; Steroidobacterales; Steroidobacteraceae; Steroidobacter
3406acfe7e7f93c99837454ea36547bf	0	0	0	0	0	0	0	0	0	0	0	0	0	0	0	0	0	0	0	0	0	0	0	0	0	0	0	0	0	2	Bacteria; Proteobacteria; Alphaproteobacteria; Rhizobiales; Beijerinckiaceae; Unidentified_Beijerinckiaceae
63e39abbfe52ee0bbd6e96a25b8affac	0	0	0	0	0	0	0	0	0	0	0	0	0	0	0	0	0	0	0	0	0	0	0	0	0	0	0	0	0	2	Bacteria; Planctomycetes; Phycisphaerae; Phycisphaerales; Phycisphaeraceae; SM1A02
701889f2891cf85ece7c63cf740f3de1	0	0	0	0	0	0	0	0	0	0	0	0	0	0	0	0	0	0	0	0	0	0	0	0	0	0	0	0	0	2	Bacteria; Proteobacteria; Gammaproteobacteria; Betaproteobacteriales; Unidentified_Betaproteobacteriales; Unidentified_Betaproteobacteriales
1b5f75ca6634863cfbbf51fa8971f0d8	0	0	0	0	0	0	0	0	0	0	0	0	0	0	0	0	0	0	0	0	0	0	0	0	0	0	0	0	0	2	Bacteria; Proteobacteria; Gammaproteobacteria; Pseudomonadales; Pseudomonadaceae; Pseudomonas
b788a82db92491c8982a8b528aa3fab1	0	0	0	0	0	0	0	0	0	0	0	0	0	0	0	0	0	0	0	0	0	0	0	0	0	0	0	0	0	2	Bacteria; Bacteroidetes; Bacteroidia; Sphingobacteriales; Sphingobacteriaceae; Unidentified_Sphingobacteriaceae
c13318e718b2ae14b400acbdce446933	0	0	0	0	0	0	0	0	0	0	0	0	0	0	0	0	0	0	0	0	0	0	0	0	0	0	0	0	0	2	Bacteria; Actinobacteria; Actinobacteria; Micrococcales; Promicromonosporaceae; Cellulosimicrobium
403ed2d73e24ea4525cf4f3c6fff79c2	0	0	0	0	0	0	0	0	0	0	0	0	0	0	0	0	0	0	0	0	0	0	0	0	0	0	0	0	0	2	Bacteria; Bacteroidetes; Bacteroidia; Cytophagales; Spirosomaceae; Leadbetterella
df2ce1f2e240015807b4b08066e8ba4b	0	0	0	0	0	0	0	0	0	0	0	0	0	0	0	0	0	0	0	0	0	0	0	0	0	0	0	0	0	2	Bacteria; Proteobacteria; Gammaproteobacteria; Pseudomonadales; Pseudomonadaceae; Pseudomonas
5b5940518dd6d6eed21f489a3c2bb4bb	0	0	0	0	0	0	0	0	0	0	0	0	0	0	0	0	0	0	0	0	0	0	0	0	0	0	0	0	0	2	Bacteria; Firmicutes; Bacilli; Bacillales; Bacillaceae; Bacillus
def2d16b42c6716af3bbeadfa3d69779	0	0	0	0	0	0	0	0	0	0	0	0	0	0	0	0	0	0	0	0	0	0	0	0	0	0	0	0	0	2	Bacteria; Chloroflexi; Chloroflexia; Chloroflexales; Herpetosiphonaceae; Herpetosiphon
824363f3a66f6e4a6f00632bd1930985	0	0	0	0	0	0	0	0	0	0	0	0	0	0	0	0	0	0	0	0	0	0	0	0	0	0	0	0	0	2	Bacteria; Proteobacteria; Alphaproteobacteria; Rhizobiales; Devosiaceae; Devosia
7f2f34bec0d2d2e311b0ab21ae118ab1	0	0	0	0	0	0	0	0	0	0	0	0	0	0	0	0	0	0	0	0	0	0	0	0	0	0	0	0	0	2	Bacteria; Verrucomicrobia; Verrucomicrobiae; Chthoniobacterales; Chthoniobacteraceae; Chthoniobacter
bfa909a3670ea89ba1e5cd67f9e79286	0	0	0	0	0	0	0	0	0	0	0	0	0	0	0	0	0	0	0	0	0	0	0	0	0	0	0	0	0	2	Bacteria; Proteobacteria; Gammaproteobacteria; Xanthomonadales; Xanthomonadaceae; Luteimonas
24451cb7ee7122511beffa6692b6fa20	0	0	0	0	0	0	0	0	0	0	0	0	0	0	0	0	0	0	0	0	0	0	0	0	0	0	0	0	0	2	Bacteria; Proteobacteria; Gammaproteobacteria; Enterobacteriales; Enterobacteriaceae; Pantoea
2df8df4604ef17f287de036d8866e41f	0	0	0	0	0	0	0	0	0	0	0	0	0	0	0	0	0	0	0	0	0	0	0	0	0	0	0	0	0	2	Bacteria; Proteobacteria; Alphaproteobacteria; Rhizobiales; A0839; Unidentified
39e412ec3b8de9af1418ce62c08eb68c	0	0	0	0	0	0	0	0	0	0	0	0	0	0	0	0	0	0	0	0	0	0	0	0	0	0	0	0	0	2	Bacteria; Bacteroidetes; Bacteroidia; Sphingobacteriales; Sphingobacteriaceae; Sphingobacterium
93fe2ae2d20cef277d0b3f26afd219f1	0	0	0	0	0	0	0	0	0	0	0	0	0	0	0	0	0	0	0	0	0	0	0	0	0	0	0	0	0	2	Bacteria; Bacteroidetes; Bacteroidia; Bacteroidales; Dysgonomonadaceae; Proteiniphilum
40e2c91dbca203a729677df000e90d45	0	0	0	0	0	0	0	0	0	0	0	0	0	0	0	0	0	0	0	0	0	0	0	0	0	0	0	0	0	2	Bacteria; Planctomycetes; Phycisphaerae; Tepidisphaerales; WD2101_soil_group; uncultured_bacterium
0a0ae2281ab14c84d37d70d033fbef75	0	0	0	0	0	0	0	0	0	0	0	0	0	0	0	0	0	0	0	0	0	0	0	0	0	0	0	0	0	2	Bacteria; Proteobacteria; Gammaproteobacteria; Thiomicrospirales; Thioglobaceae; Unidentified_Thioglobaceae
cde668b6319c74e59fa23a5828915955	0	0	0	0	0	0	0	0	0	0	0	0	0	0	0	0	0	0	0	0	0	0	0	0	0	0	0	0	0	2	Bacteria; Proteobacteria; Gammaproteobacteria; Pseudomonadales; Pseudomonadaceae; Pseudomonas
19487cac0ffd623ea56f4a5680f3448f	0	0	0	0	0	0	0	0	0	0	0	0	0	0	0	0	0	0	0	0	0	0	0	0	0	0	0	0	0	2	Bacteria; Firmicutes; Bacilli; Bacillales; Bacillaceae; Bacillus
729ed339e6d93e25ed5fa5e739dc25f9	0	0	0	0	0	0	0	0	0	0	0	0	0	0	0	0	0	0	0	0	0	0	0	0	0	0	0	0	0	2	Bacteria; Firmicutes; Bacilli; Bacillales; Bacillaceae; Bacillus
111accac5f43c6261856dfd6a988aee9	0	0	0	0	0	0	0	0	0	0	0	0	0	0	0	0	0	0	0	0	0	0	0	0	0	0	0	0	0	2	Bacteria; Acidobacteria; Acidobacteriia; Solibacterales; Solibacteraceae_(Subgroup_3); Candidatus_Solibacter
6011c8c006dd313d3ce488e7a7fe5f32	0	0	0	0	0	0	0	0	0	0	0	0	0	0	0	0	0	0	0	0	0	0	0	0	0	0	0	0	0	2	Bacteria; Actinobacteria; Actinobacteria; Micrococcales; Microbacteriaceae; Unidentified_Microbacteriaceae
32b985377d9c85ccdf9069d1902f1814	0	0	0	0	0	0	0	0	0	0	0	0	0	0	0	0	0	0	0	0	0	0	0	0	0	0	0	0	0	2	Bacteria; Proteobacteria; Gammaproteobacteria; Enterobacteriales; Enterobacteriaceae; Unidentified_Enterobacteriaceae
81887acffc46655f0708d8f56ebd2168	0	0	0	0	0	0	0	0	0	0	0	0	0	0	0	0	0	0	0	0	0	0	0	0	0	0	0	0	0	2	Bacteria; Proteobacteria; Alphaproteobacteria; Unidentified_Alphaproteobacteria; Unidentified_Alphaproteobacteria; Unidentified_Alphaproteobacteria
4f828604371c11b1fb4e77d4f4c6f25d	0	0	0	0	0	0	0	0	0	0	0	0	0	0	0	0	0	0	0	0	0	0	0	0	0	0	0	0	0	2	Bacteria; Proteobacteria; Gammaproteobacteria; Betaproteobacteriales; Burkholderiaceae; Unidentified_Burkholderiaceae
4f540577bab4cf622dc7d0ffb9f15236	0	0	0	0	0	0	0	0	0	0	0	0	0	0	0	0	0	0	0	0	0	0	0	0	0	0	0	0	0	2	Bacteria; Firmicutes; Bacilli; Bacillales; Paenibacillaceae; Paenibacillus
daf245e8a35d0852589e761dd2637f6c	0	0	0	0	0	0	0	0	0	0	0	0	0	0	0	0	0	0	0	0	0	0	0	0	0	0	0	0	0	2	Bacteria; Bacteroidetes; Bacteroidia; Cytophagales; Microscillaceae; Ohtaekwangia
2cadf02867d023bce2da1d744ab497d1	0	0	0	0	0	0	0	0	0	0	0	0	0	0	0	0	0	0	0	0	0	0	0	0	0	0	0	0	0	2	Bacteria; Actinobacteria; Coriobacteriia; Coriobacteriales; Coriobacteriales_Incertae_Sedis; Raoultibacter
62e09e3b07c800fce4440ee3a7b2bac7	0	0	0	0	0	0	0	0	0	0	0	0	0	0	0	0	0	0	0	0	0	0	0	0	0	0	0	0	0	2	Bacteria; Planctomycetes; Planctomycetacia; Pirellulales; Pirellulaceae; Pirellula
129bfe51a91c3a97247aff9d462df9ec	0	0	0	0	0	0	0	0	0	0	0	0	0	0	0	0	0	0	0	0	0	0	0	0	0	0	0	0	0	2	Bacteria; Chloroflexi; Anaerolineae; SBR1031; A4b; uncultured_bacterium
ccbdae90c08478f644abd60da5d788ac	0	0	0	0	0	0	0	0	0	0	0	0	0	0	0	0	0	0	0	0	0	0	0	0	0	0	0	0	0	2	Bacteria; Proteobacteria; Gammaproteobacteria; Xanthomonadales; Xanthomonadaceae; Thermomonas
af237c3c69a8de7bcc1574a182ffbca4	0	0	0	0	0	0	0	0	0	0	0	0	0	0	0	0	0	0	0	0	0	0	0	0	0	0	0	0	0	2	Bacteria; Firmicutes; Bacilli; Bacillales; Bacillaceae; Bacillus
e34e2eb9a9f5fde3bb956cc346114657	0	0	0	0	0	0	0	0	0	0	0	0	0	0	0	0	0	0	0	0	0	0	0	0	0	0	0	0	0	2	Bacteria; Actinobacteria; Actinobacteria; Micrococcales; Cellulomonadaceae; Unidentified_Cellulomonadaceae
6540bbe7a1a8f1f117e600ae9eeadb41	0	0	0	0	0	0	0	0	0	0	0	0	0	0	0	0	0	0	0	0	0	0	0	0	0	0	0	0	0	2	Bacteria; Actinobacteria; Actinobacteria; Streptosporangiales; Thermomonosporaceae; Actinomadura
71b2c01737b0e9a2f560b67f2b6b9341	0	0	0	0	0	0	0	0	0	0	0	0	0	0	0	0	0	0	0	0	0	0	0	0	0	0	0	0	0	2	Bacteria; Proteobacteria; Gammaproteobacteria; Pseudomonadales; Pseudomonadaceae; Pseudomonas
a5d97ea987eeef35adf2c00beca5f0ff	0	0	0	0	0	0	0	0	0	0	0	0	0	0	0	0	0	0	0	0	0	0	0	0	0	0	0	0	0	2	Bacteria; Firmicutes; Bacilli; Bacillales; Bacillaceae; Bacillus
89c8efdfa14ba26a9d140976719978d3	0	0	0	0	0	0	0	0	0	0	0	0	0	0	0	0	0	0	0	0	0	0	0	0	0	0	0	0	0	2	Bacteria; Proteobacteria; Gammaproteobacteria; Enterobacteriales; Enterobacteriaceae; Enterobacteriaceae
3847c6f8d2b86daf7f15835654c5d7b3	0	0	0	0	0	0	0	0	0	0	0	0	0	0	0	0	0	0	0	0	0	0	0	0	0	0	0	0	0	2	Bacteria; Firmicutes; Bacilli; Bacillales; Bacillaceae; Bacillus
fa03eb285ac6d6ae021b691e5e302394	0	0	0	0	0	0	0	0	0	0	0	0	0	0	0	0	0	0	0	0	0	0	0	0	0	0	0	0	0	2	Bacteria; Firmicutes; Clostridia; Clostridiales; Clostridiaceae_1; Clostridium_sensu_stricto_1
aee886026a79a43f50d22a1e33d4fd39	0	0	0	0	0	0	0	0	0	0	0	0	0	0	0	0	0	0	0	0	0	0	0	0	0	0	0	0	0	2	Bacteria; Actinobacteria; Actinobacteria; Streptosporangiales; Thermomonosporaceae; Actinomadura
12d3d1cd4229d81dc03ec98811174f5c	0	0	0	0	0	0	0	0	0	0	0	0	0	0	0	0	0	0	0	0	0	0	0	0	0	0	0	0	0	2	Bacteria; Actinobacteria; Actinobacteria; Streptosporangiales; Nocardiopsaceae; Nocardiopsis
9bbfb458201bfa1e48e31849cbb3d52f	0	0	0	0	0	0	0	0	0	0	0	0	0	0	0	0	0	0	0	0	0	0	0	0	0	0	0	0	0	2	Bacteria; Bacteroidetes; Bacteroidia; Sphingobacteriales; Sphingobacteriaceae; Sphingobacterium
22e1f12ad720b1ca921cb3c58ab3a48c	0	0	0	0	0	0	0	0	0	0	0	0	0	0	0	0	0	0	0	0	0	0	0	0	0	0	0	0	0	2	Bacteria; Proteobacteria; Gammaproteobacteria; Xanthomonadales; Xanthomonadaceae; Pseudoxanthomonas
614e1c1ac90c1414be26ace1988023b0	0	0	0	0	0	0	0	0	0	0	0	0	0	0	0	0	0	0	0	0	0	0	0	0	0	0	0	0	0	2	Bacteria; Chloroflexi; Dehalococcoidia; S085; uncultured_bacterium; uncultured_bacterium
7eb3a0333c9e27e1f1c76282d1faab83	0	0	0	0	0	0	0	0	0	0	0	0	0	0	0	0	0	0	0	0	0	0	0	0	0	0	0	0	0	2	Bacteria; Planctomycetes; Planctomycetacia; Planctomycetales; uncultured; uncultured_bacterium
65c50b232bc272be300c7914205bc0ca	0	0	0	0	0	0	0	0	0	0	0	0	0	0	0	0	0	0	0	0	0	0	0	0	0	0	0	0	0	2	Bacteria; Firmicutes; Bacilli; Bacillales; Staphylococcaceae; Staphylococcus
0ba284d9fecab6bbdd1d776de9018b90	0	0	0	0	0	0	0	0	0	0	0	0	0	0	0	0	0	0	0	0	0	0	0	0	0	0	0	0	0	2	Bacteria; Actinobacteria; Actinobacteria; Streptomycetales; Streptomycetaceae; Streptomyces
2ad6887c32623eec3658b362a849c20a	0	0	0	0	0	0	0	0	0	0	0	0	0	0	0	0	0	0	0	0	0	0	0	0	0	0	0	0	0	2	Bacteria; Proteobacteria; Gammaproteobacteria; Betaproteobacteriales; Burkholderiaceae; Bordetella
9eff456161a86e3ba67cdddbdc2eeec5	0	0	0	0	0	0	0	0	0	0	0	0	0	0	0	0	0	0	0	0	0	0	0	0	0	0	0	0	0	2	Bacteria; Actinobacteria; Thermoleophilia; Solirubrobacterales; 67-14; uncultured_bacterium
810758f23e91780ffe1c0f40c067f758	0	0	0	0	0	0	0	0	0	0	0	0	0	0	0	0	0	0	0	0	0	0	0	0	0	0	0	0	0	2	Bacteria; Actinobacteria; Actinobacteria; Streptosporangiales; Nocardiopsaceae; Nocardiopsis
a49b6b8d3667995a07a4adb72c675f23	0	0	0	0	0	0	0	0	0	0	0	0	0	0	0	0	0	0	0	0	0	0	0	0	0	0	0	0	0	2	Bacteria; Bacteroidetes; Bacteroidia; Sphingobacteriales; Sphingobacteriaceae; Sphingobacterium
e5e73bbbd5c6804746294a584b35a7fe	0	0	0	0	0	0	0	0	0	0	0	0	0	0	0	0	0	0	0	0	0	0	0	0	0	0	0	0	0	2	Bacteria; Firmicutes; Bacilli; Bacillales; Paenibacillaceae; Paenibacillus
324c60bb04baf03252c492b142d0db65	0	0	0	0	0	0	0	0	0	0	0	0	0	0	0	0	0	0	0	0	0	0	0	0	0	0	0	0	0	2	Bacteria; Firmicutes; Bacilli; Bacillales; Bacillaceae; Unidentified_Bacillaceae
50cb9e68779f73eecc27af90a16a0598	0	0	0	0	0	0	0	0	0	0	0	0	0	0	0	0	0	0	0	0	0	0	0	0	0	0	0	0	0	2	Bacteria; Proteobacteria; Gammaproteobacteria; Enterobacteriales; Enterobacteriaceae; Pantoea
90e1b618b9f17f08afd87559398d65de	0	0	0	0	0	0	0	0	0	0	0	0	0	0	0	0	0	0	0	0	0	0	0	0	0	0	0	0	0	2	Bacteria; Planctomycetes; Planctomycetacia; Pirellulales; Pirellulaceae; Blastopirellula
9a806b5ee85c2c3bba1604c971ed8971	0	0	0	0	0	0	0	0	0	0	0	0	0	0	0	0	0	0	0	0	0	0	0	0	0	0	0	0	0	2	Bacteria; Bacteroidetes; Bacteroidia; Sphingobacteriales; Sphingobacteriaceae; Sphingobacterium
a81a900848c663b1a636860d2f137873	0	0	0	0	0	0	0	0	0	0	0	0	0	0	0	0	0	0	0	0	0	0	0	0	0	0	0	0	0	2	Bacteria; Proteobacteria; Deltaproteobacteria; Myxococcales; Polyangiaceae; Unidentified_Polyangiaceae
e3032c75ed2f93c7a90c29c052f5dc80	0	0	0	0	0	0	0	0	0	0	0	0	0	0	0	0	0	0	0	0	0	0	0	0	0	0	0	0	0	2	Bacteria; Actinobacteria; Actinobacteria; Pseudonocardiales; Pseudonocardiaceae; Saccharopolyspora
456a8b467aff7068dff7687e8a6d9cf7	0	0	0	0	0	0	0	0	0	0	0	0	0	0	0	0	0	0	0	0	0	0	0	0	0	0	0	0	0	2	Bacteria; Firmicutes; Bacilli; Bacillales; Bacillaceae; Bacillus
8807f05209116d0abb15c49e0d5ca7e8	0	0	0	0	0	0	0	0	0	0	0	0	0	0	0	0	0	0	0	0	0	0	0	0	0	0	0	0	0	2	Bacteria; Gemmatimonadetes; Gemmatimonadetes; Gemmatimonadales; Gemmatimonadaceae; uncultured
210c5c9a006fcbb9a36262dc715d25d4	0	0	0	0	0	0	0	0	0	0	0	0	0	0	0	0	0	0	0	0	0	0	0	0	0	0	0	0	0	2	Bacteria; Proteobacteria; Gammaproteobacteria; Pseudomonadales; Pseudomonadaceae; Pseudomonas
95ae71265fd4c4b226e85f64f8500035	0	0	0	0	0	0	0	0	0	0	0	0	0	0	0	0	0	0	0	0	0	0	0	0	0	0	0	0	0	2	Bacteria; Chloroflexi; Anaerolineae; SBR1031; A4b; OLB13
573c65089b64378716e58030c245a776	0	0	0	0	0	0	0	0	0	0	0	0	0	0	0	0	0	0	0	0	0	0	0	0	0	0	0	0	0	2	Bacteria; Verrucomicrobia; Verrucomicrobiae; Verrucomicrobiales; Rubritaleaceae; Luteolibacter
3999032aacedae68f2532837fa4f7493	0	0	0	0	0	0	0	0	0	0	0	0	0	0	0	0	0	0	0	0	0	0	0	0	0	0	0	0	0	2	Bacteria; Actinobacteria; Actinobacteria; Pseudonocardiales; Pseudonocardiaceae; Amycolatopsis
29a2de628391609f228b41d265b67e68	0	0	0	0	0	0	0	0	0	0	0	0	0	0	0	0	0	0	0	0	0	0	0	0	0	0	0	0	0	2	Bacteria; Proteobacteria; Alphaproteobacteria; uncultured; uncultured_bacterium; uncultured_bacterium
caaf8dca7eb5789ef4328b3a23b6323c	0	0	0	0	0	0	0	0	0	0	0	0	0	0	0	0	0	0	0	0	0	0	0	0	0	0	0	0	0	2	Bacteria; Proteobacteria; Gammaproteobacteria; Xanthomonadales; Xanthomonadaceae; Pseudoxanthomonas
ec1cb95723404e572c6c9c123c185c1d	0	0	0	0	0	0	0	0	0	0	0	0	0	0	0	0	0	0	0	0	0	0	0	0	0	0	0	0	0	2	Bacteria; Firmicutes; Clostridia; Clostridiales; Lachnospiraceae; Unidentified_Lachnospiraceae